ISO-10303-21;
HEADER;
FILE_DESCRIPTION(('Open CASCADE Model'),'2;1');
FILE_NAME('Open CASCADE Shape Model','2026-07-24T20:56:45',('Author'),(
    'Open CASCADE'),'Open CASCADE STEP processor 7.9','Open CASCADE 7.9'
  ,'Unknown');
FILE_SCHEMA(('AUTOMOTIVE_DESIGN { 1 0 10303 214 1 1 1 1 }'));
ENDSEC;
DATA;
#1 = APPLICATION_PROTOCOL_DEFINITION('international standard',
  'automotive_design',2000,#2);
#2 = APPLICATION_CONTEXT(
  'core data for automotive mechanical design processes');
#3 = SHAPE_DEFINITION_REPRESENTATION(#4,#10);
#4 = PRODUCT_DEFINITION_SHAPE('','',#5);
#5 = PRODUCT_DEFINITION('design','',#6,#9);
#6 = PRODUCT_DEFINITION_FORMATION('','',#7);
#7 = PRODUCT('Open CASCADE STEP translator 7.9 3',
  'Open CASCADE STEP translator 7.9 3','',(#8));
#8 = PRODUCT_CONTEXT('',#2,'mechanical');
#9 = PRODUCT_DEFINITION_CONTEXT('part definition',#2,'design');
#10 = ADVANCED_BREP_SHAPE_REPRESENTATION('',(#11,#15),#7816);
#11 = AXIS2_PLACEMENT_3D('',#12,#13,#14);
#12 = CARTESIAN_POINT('',(0.,0.,0.));
#13 = DIRECTION('',(0.,0.,1.));
#14 = DIRECTION('',(1.,0.,-0.));
#15 = MANIFOLD_SOLID_BREP('',#16);
#16 = CLOSED_SHELL('',(#17,#1365,#2493,#6274,#6785,#7553,#7681,#7810));
#17 = ADVANCED_FACE('',(#18),#199,.T.);
#18 = FACE_BOUND('',#19,.T.);
#19 = EDGE_LOOP('',(#20,#618));
#20 = ORIENTED_EDGE('',*,*,#21,.T.);
#21 = EDGE_CURVE('',#22,#24,#26,.T.);
#22 = VERTEX_POINT('',#23);
#23 = CARTESIAN_POINT('',(-9.352627564024,4.470959699778,28.435285961205
    ));
#24 = VERTEX_POINT('',#25);
#25 = CARTESIAN_POINT('',(9.352627565047,4.470959678713,28.43528596096)
  );
#26 = SURFACE_CURVE('',#27,(#198,#408),.PCURVE_S1.);
#27 = B_SPLINE_CURVE_WITH_KNOTS('',7,(#28,#29,#30,#31,#32,#33,#34,#35,
    #36,#37,#38,#39,#40,#41,#42,#43,#44,#45,#46,#47,#48,#49,#50,#51,#52,
    #53,#54,#55,#56,#57,#58,#59,#60,#61,#62,#63,#64,#65,#66,#67,#68,#69,
    #70,#71,#72,#73,#74,#75,#76,#77,#78,#79,#80,#81,#82,#83,#84,#85,#86,
    #87,#88,#89,#90,#91,#92,#93,#94,#95,#96,#97,#98,#99,#100,#101,#102,
    #103,#104,#105,#106,#107,#108,#109,#110,#111,#112,#113,#114,#115,
    #116,#117,#118,#119,#120,#121,#122,#123,#124,#125,#126,#127,#128,
    #129,#130,#131,#132,#133,#134,#135,#136,#137,#138,#139,#140,#141,
    #142,#143,#144,#145,#146,#147,#148,#149,#150,#151,#152,#153,#154,
    #155,#156,#157,#158,#159,#160,#161,#162,#163,#164,#165,#166,#167,
    #168,#169,#170,#171,#172,#173,#174,#175,#176,#177,#178,#179,#180,
    #181,#182,#183,#184,#185,#186,#187,#188,#189,#190,#191,#192,#193,
    #194,#195,#196,#197),.UNSPECIFIED.,.T.,.F.,(8,6,6,6,6,6,6,6,6,6,6,6,
    6,6,6,6,6,6,6,6,6,6,6,6,6,6,6,6,8),(0.,6.430501824209E-02,
    0.100506034991,0.143096889052,0.173402262229,0.195736514358,
    0.250306401689,0.311656916137,0.336751212608,0.339831748227,
    0.342926789347,0.414227656671,0.443878834826,0.461374206812,
    0.498571800808,0.535800439266,0.553302523208,0.582953304504,
    0.654246324374,0.657354650547,0.660462202937,0.685399020755,
    0.747668921054,0.802707056515,0.825231040948,0.85579186,
    0.898737356865,0.93485877612,1.),.UNSPECIFIED.);
#28 = CARTESIAN_POINT('',(10.815565917863,7.105427357601E-15,
    28.516681159986));
#29 = CARTESIAN_POINT('',(10.815565978715,-0.566062297794,
    28.516681158724));
#30 = CARTESIAN_POINT('',(10.764563591371,-1.133381672559,28.5136351465)
  );
#31 = CARTESIAN_POINT('',(10.662153374681,-1.695583609433,
    28.507518720927));
#32 = CARTESIAN_POINT('',(10.509842729399,-2.247203628438,
    28.498514180294));
#33 = CARTESIAN_POINT('',(10.310237008929,-2.783538768659,
    28.486963068878));
#34 = CARTESIAN_POINT('',(10.066797743364,-3.300587280776,
    28.473305522262));
#35 = CARTESIAN_POINT('',(9.624298544616,-4.073360599018,28.44942790573)
  );
#36 = CARTESIAN_POINT('',(9.452289913656,-4.34462405737,28.440311324873)
  );
#37 = CARTESIAN_POINT('',(9.268341780815,-4.608281107789,28.430762826087
    ));
#38 = CARTESIAN_POINT('',(9.07316100638,-4.863905499903,28.420868601136)
  );
#39 = CARTESIAN_POINT('',(8.867457543332,-5.111158295574,28.410714492623
    ));
#40 = CARTESIAN_POINT('',(8.651927245388,-5.349774920424,28.400383714576
    ));
#41 = CARTESIAN_POINT('',(8.162881854855,-5.849887682966,28.37768465961)
  );
#42 = CARTESIAN_POINT('',(7.885854338029,-6.107981026662,28.365278900053
    ));
#43 = CARTESIAN_POINT('',(7.59723005854,-6.353514160644,28.352865430596)
  );
#44 = CARTESIAN_POINT('',(7.298044123408,-6.586268455638,28.340563878655
    ));
#45 = CARTESIAN_POINT('',(6.989275263918,-6.806107002632,28.328484164744
    ));
#46 = CARTESIAN_POINT('',(6.671832286835,-7.0129568766,28.316725304375)
  );
#47 = CARTESIAN_POINT('',(6.115080332121,-7.344713714357,28.297297410127
    ));
#48 = CARTESIAN_POINT('',(5.879652275264,-7.476043028824,28.289427346255
    ));
#49 = CARTESIAN_POINT('',(5.64055719091,-7.600768636621,28.281795610143)
  );
#50 = CARTESIAN_POINT('',(5.398082887428,-7.718887858232,28.274431117632
    ));
#51 = CARTESIAN_POINT('',(5.152503497827,-7.830404593238,28.267360144604
    ));
#52 = CARTESIAN_POINT('',(4.904078831909,-7.935327871918,28.260606362977
    ));
#53 = CARTESIAN_POINT('',(4.468054930831,-8.106146263062,28.249462832504
    ));
#54 = CARTESIAN_POINT('',(4.281644868068,-8.17504734714,28.244918571963)
  );
#55 = CARTESIAN_POINT('',(4.093922180125,-8.240378747684,28.24056654558)
  );
#56 = CARTESIAN_POINT('',(3.904982567769,-8.302145864301,28.236414515027
    ));
#57 = CARTESIAN_POINT('',(3.714918792551,-8.360354407603,28.232469553153
    ));
#58 = CARTESIAN_POINT('',(3.523820676798,-8.415010399208,28.228738043977
    ));
#59 = CARTESIAN_POINT('',(2.862544888797,-8.590997966927,28.216643844659
    ));
#60 = CARTESIAN_POINT('',(2.387681523002,-8.694698501383,28.209370783765
    ));
#61 = CARTESIAN_POINT('',(1.908422119103,-8.777322549435,28.203489113125
    ));
#62 = CARTESIAN_POINT('',(1.425960442766,-8.838946956768,28.199059548969
    ));
#63 = CARTESIAN_POINT('',(0.94144930907,-8.879634739557,28.1961210766));
#64 = CARTESIAN_POINT('',(0.456001401547,-8.899431916599,28.194691693964
    ));
#65 = CARTESIAN_POINT('',(-0.574927334153,-8.897135920405,
    28.194857467842));
#66 = CARTESIAN_POINT('',(-1.120307291361,-8.869532213085,
    28.196850500494));
#67 = CARTESIAN_POINT('',(-1.663942984348,-8.815568808655,
    28.200745628851));
#68 = CARTESIAN_POINT('',(-2.204245439028,-8.735218395084,
    28.206508522171));
#69 = CARTESIAN_POINT('',(-2.739548368065,-8.628434511591,
    28.214070919766));
#70 = CARTESIAN_POINT('',(-3.268106909217,-8.495165964858,
    28.223329105489));
#71 = CARTESIAN_POINT('',(-4.000782009203,-8.269978179265,
    28.238567157232));
#72 = CARTESIAN_POINT('',(-4.212031113907,-8.200168417742,
    28.243250887963));
#73 = CARTESIAN_POINT('',(-4.421710302299,-8.125915872641,
    28.248185239428));
#74 = CARTESIAN_POINT('',(-4.629685486068,-8.047218998387,
    28.253359465155));
#75 = CARTESIAN_POINT('',(-4.835817315258,-7.964078188649,
    28.258761682783));
#76 = CARTESIAN_POINT('',(-5.03996117826,-7.876495776345,28.264378874062
    ));
#77 = CARTESIAN_POINT('',(-5.266765144202,-7.773179852088,
    28.270911094027));
#78 = CARTESIAN_POINT('',(-5.29154915572,-7.761808480328,28.271628855715
    ));
#79 = CARTESIAN_POINT('',(-5.316335144397,-7.750354333347,
    28.272350620744));
#80 = CARTESIAN_POINT('',(-5.341131607506,-7.738812890802,
    28.273076640877));
#81 = CARTESIAN_POINT('',(-5.365940101515,-7.727182701623,
    28.273806971843));
#82 = CARTESIAN_POINT('',(-5.390755712043,-7.715465388622,
    28.274541476359));
#83 = CARTESIAN_POINT('',(-5.440496167912,-7.691810354407,
    28.276021654742));
#84 = CARTESIAN_POINT('',(-5.465391431227,-7.679885905525,28.27676648579
    ));
#85 = CARTESIAN_POINT('',(-5.490253209711,-7.667892209568,28.27751429844
    ));
#86 = CARTESIAN_POINT('',(-5.515081128445,-7.655829304145,
    28.278265062251));
#87 = CARTESIAN_POINT('',(-5.539874754543,-7.643697255709,
    28.279018744754));
#88 = CARTESIAN_POINT('',(-5.564633810054,-7.631496053901,28.27977531799
    ));
#89 = CARTESIAN_POINT('',(-6.158941660852,-7.33654730575,28.298030247377
    ));
#90 = CARTESIAN_POINT('',(-6.710525277802,-7.016916773015,
    28.317060124983));
#91 = CARTESIAN_POINT('',(-7.24060442424,-6.660126363067,28.337282422817
    ));
#92 = CARTESIAN_POINT('',(-7.744923406079,-6.266217126634,28.35826587579
    ));
#93 = CARTESIAN_POINT('',(-8.218650226178,-5.835727383234,
    28.379479682533));
#94 = CARTESIAN_POINT('',(-8.656496461814,-5.369853702513,
    28.400304693945));
#95 = CARTESIAN_POINT('',(-9.217877017148,-4.663243583427,
    28.428313210514));
#96 = CARTESIAN_POINT('',(-9.375598217342,-4.449977500524,
    28.436358662759));
#97 = CARTESIAN_POINT('',(-9.525754115046,-4.23115937782,28.444175652878
    ));
#98 = CARTESIAN_POINT('',(-9.667937521391,-4.006996073004,
    28.451715503696));
#99 = CARTESIAN_POINT('',(-9.80174241978,-3.777734601084,28.458929349298
    ));
#100 = CARTESIAN_POINT('',(-9.926772028811,-3.543667186872,
    28.465769250519));
#101 = CARTESIAN_POINT('',(-10.11101749102,-3.164393574955,
    28.475977381146));
#102 = CARTESIAN_POINT('',(-10.17620190657,-3.02209638911,
    28.479619395817));
#103 = CARTESIAN_POINT('',(-10.23812142334,-2.878314739369,
    28.483105817273));
#104 = CARTESIAN_POINT('',(-10.29670113616,-2.73312414449,28.48642755674
    ));
#105 = CARTESIAN_POINT('',(-10.35186992322,-2.586605662554,
    28.489575973848));
#106 = CARTESIAN_POINT('',(-10.40356044606,-2.438845890972,
    28.49254287663));
#107 = CARTESIAN_POINT('',(-10.55408037267,-1.973336008571,
    28.501226236885));
#108 = CARTESIAN_POINT('',(-10.64045275598,-1.651512690215,
    28.506277300011));
#109 = CARTESIAN_POINT('',(-10.71020670631,-1.325393656407,
    28.510399595288));
#110 = CARTESIAN_POINT('',(-10.76285734126,-0.995966727192,
    28.513533177737));
#111 = CARTESIAN_POINT('',(-10.79805952168,-0.664281090077,
    28.515635621359));
#112 = CARTESIAN_POINT('',(-10.81562701567,-0.331449423614,
    28.516684807409));
#113 = CARTESIAN_POINT('',(-10.81550455184,0.33442326627,28.516677493418
    ));
#114 = CARTESIAN_POINT('',(-10.79778514455,0.667526272811,
    28.515619234619));
#115 = CARTESIAN_POINT('',(-10.76240241298,0.999473822098,
    28.513506058469));
#116 = CARTESIAN_POINT('',(-10.70954403346,1.329150643373,
    28.510360257939));
#117 = CARTESIAN_POINT('',(-10.63955702351,1.655505344028,
    28.506224490193));
#118 = CARTESIAN_POINT('',(-10.55292845052,1.977548258512,
    28.501158969641));
#119 = CARTESIAN_POINT('',(-10.40202316392,2.443288051686,
    28.492454583047));
#120 = CARTESIAN_POINT('',(-10.35022277037,2.591072878314,
    28.489481823495));
#121 = CARTESIAN_POINT('',(-10.29494287804,2.737613569903,
    28.486327584892));
#122 = CARTESIAN_POINT('',(-10.23625098,2.882823523575,28.483000077867)
  );
#123 = CARTESIAN_POINT('',(-10.1742183467,3.026621686185,28.479507960655
    ));
#124 = CARTESIAN_POINT('',(-10.108920026,3.168932554325,28.475860339094)
  );
#125 = CARTESIAN_POINT('',(-9.924411919486,3.548140804461,
    28.465639933896));
#126 = CARTESIAN_POINT('',(-9.799239618125,3.782127459293,28.45879389454
    ));
#127 = CARTESIAN_POINT('',(-9.665297622365,4.011304191385,
    28.451574568743));
#128 = CARTESIAN_POINT('',(-9.522982824588,4.235379282906,
    28.444029906886));
#129 = CARTESIAN_POINT('',(-9.372701274208,4.454106192997,
    28.436208775777));
#130 = CARTESIAN_POINT('',(-9.214860125608,4.667278505142,
    28.428159844883));
#131 = CARTESIAN_POINT('',(-8.653129042156,5.37351412739,28.400143638033
    ));
#132 = CARTESIAN_POINT('',(-8.21508535881,5.839100853542,28.379317535999
    ));
#133 = CARTESIAN_POINT('',(-7.741203639893,6.269310063302,
    28.358106683269));
#134 = CARTESIAN_POINT('',(-7.236755579231,6.662933174556,
    28.337128400208));
#135 = CARTESIAN_POINT('',(-6.706584637896,7.019453874947,
    28.316914445046));
#136 = CARTESIAN_POINT('',(-6.154930242446,7.338816673827,28.29789431051
    ));
#137 = CARTESIAN_POINT('',(-5.560465556028,7.633551506289,
    28.279647885793));
#138 = CARTESIAN_POINT('',(-5.535631635267,7.645776943973,
    28.278889603987));
#139 = CARTESIAN_POINT('',(-5.510800236062,7.657914574847,
    28.278135366817));
#140 = CARTESIAN_POINT('',(-5.485972230537,7.669964588129,
    28.277385198882));
#141 = CARTESIAN_POINT('',(-5.46114827742,7.68192728017,28.276639117563)
  );
#142 = CARTESIAN_POINT('',(-5.436328730734,7.69380309017,28.275897130675
    ));
#143 = CARTESIAN_POINT('',(-5.386704543135,7.717379245539,
    28.274421521312));
#144 = CARTESIAN_POINT('',(-5.361886699021,7.729085909661,
    28.273687503961));
#145 = CARTESIAN_POINT('',(-5.337077144704,7.740704912761,
    28.272957697056));
#146 = CARTESIAN_POINT('',(-5.312283374368,7.752233477147,
    28.272232311146));
#147 = CARTESIAN_POINT('',(-5.287502479546,7.763673761073,
    28.271511247116));
#148 = CARTESIAN_POINT('',(-5.262720380855,7.775032856886,
    28.270794090976));
#149 = CARTESIAN_POINT('',(-5.038826607083,7.876919917967,28.26435069323
    ));
#150 = CARTESIAN_POINT('',(-4.837668540658,7.963208659926,
    28.258816455959));
#151 = CARTESIAN_POINT('',(-4.634580199515,8.045184934136,
    28.253490926619));
#152 = CARTESIAN_POINT('',(-4.429699955499,8.122846497427,
    28.248386563681));
#153 = CARTESIAN_POINT('',(-4.223161213226,8.196192944371,
    28.243514754303));
#154 = CARTESIAN_POINT('',(-4.01509241009,8.265225707282,28.23888581433)
  );
#155 = CARTESIAN_POINT('',(-3.282534464367,8.491566369545,
    28.223579600183));
#156 = CARTESIAN_POINT('',(-2.75072201499,8.626291671993,28.214223255564
    ));
#157 = CARTESIAN_POINT('',(-2.212046743164,8.7341892151,28.206582810414)
  );
#158 = CARTESIAN_POINT('',(-1.668288833184,8.815311159048,
    28.200764467209));
#159 = CARTESIAN_POINT('',(-1.12114761449,8.869705100052,28.196838026015
    ));
#160 = CARTESIAN_POINT('',(-0.572242860108,8.897399129149,
    28.194838463703));
#161 = CARTESIAN_POINT('',(0.462246335951,8.899215716332,28.194707303941
    ));
#162 = CARTESIAN_POINT('',(0.947728931446,8.879186142644,28.19615347219)
  );
#163 = CARTESIAN_POINT('',(1.432264392623,8.838261921701,28.199108867044
    ));
#164 = CARTESIAN_POINT('',(1.914739593634,8.776396836042,28.203555335493
    ));
#165 = CARTESIAN_POINT('',(2.394001099671,8.693527694437,28.20945372506)
  );
#166 = CARTESIAN_POINT('',(2.868854351948,8.589577521034,28.216743137284
    ));
#167 = CARTESIAN_POINT('',(3.530081009627,8.41323598093,28.22885928316)
  );
#168 = CARTESIAN_POINT('',(3.721151244401,8.358480105002,28.232596821856
    ));
#169 = CARTESIAN_POINT('',(3.911185042036,8.300171507003,28.236547668699
    ));
#170 = CARTESIAN_POINT('',(4.100092529041,8.23830416717,28.240705427037)
  );
#171 = CARTESIAN_POINT('',(4.287780887692,8.172872380743,28.245063011041
    ));
#172 = CARTESIAN_POINT('',(4.474154356031,8.103870757971,28.249612645707
    ));
#173 = CARTESIAN_POINT('',(4.910070072305,7.932821530926,28.260767957013
    ));
#174 = CARTESIAN_POINT('',(5.158421527629,7.827768702491,28.26752793511)
  );
#175 = CARTESIAN_POINT('',(5.403923639127,7.71612306428,28.27460466731)
  );
#176 = CARTESIAN_POINT('',(5.646316466342,7.59787564282,28.281974450982)
  );
#177 = CARTESIAN_POINT('',(5.885325733531,7.473022617363,28.289610979023
    ));
#178 = CARTESIAN_POINT('',(6.120663480118,7.341566771561,28.297485304174
    ));
#179 = CARTESIAN_POINT('',(6.677154019446,7.009527714775,28.316920944494
    ));
#180 = CARTESIAN_POINT('',(6.994422960028,6.802525788117,28.328682659054
    ));
#181 = CARTESIAN_POINT('',(7.303009998593,6.582540209488,28.340763974933
    ));
#182 = CARTESIAN_POINT('',(7.602006144331,6.349644375892,28.353065820852
    ));
#183 = CARTESIAN_POINT('',(7.8904325309,6.103975791427,28.365478229978)
  );
#184 = CARTESIAN_POINT('',(8.167253997403,5.845753821696,28.377881543566
    ));
#185 = CARTESIAN_POINT('',(8.653559642408,5.347817002349,28.400464657497
    ));
#186 = CARTESIAN_POINT('',(8.866748933741,5.111686280002,28.410684397302
    ));
#187 = CARTESIAN_POINT('',(9.070316567566,4.867102653809,28.420730938775
    ));
#188 = CARTESIAN_POINT('',(9.263588739969,4.614322461655,28.430523706418
    ));
#189 = CARTESIAN_POINT('',(9.445878088157,4.353673280954,28.439979600551
    ));
#190 = CARTESIAN_POINT('',(9.6164999597,4.085566202919,28.449015153378)
  );
#191 = CARTESIAN_POINT('',(10.060246263309,3.314469620901,
    28.472938068044));
#192 = CARTESIAN_POINT('',(10.305759217802,2.795541198431,
    28.486703984201));
#193 = CARTESIAN_POINT('',(10.507108052005,2.25708284848,28.498352516183
    ));
#194 = CARTESIAN_POINT('',(10.660774193182,1.703137380733,
    28.507436347747));
#195 = CARTESIAN_POINT('',(10.764106136719,1.138462981818,
    28.513607826758));
#196 = CARTESIAN_POINT('',(10.815565981009,0.568595162779,
    28.516681158675));
#197 = CARTESIAN_POINT('',(10.815565917863,0.,28.516681159986));
#198 = PCURVE('',#199,#235);
#199 = ( BOUNDED_SURFACE() B_SPLINE_SURFACE(2,2,(
    (#200,#201,#202,#203,#204)
    ,(#205,#206,#207,#208,#209)
    ,(#210,#211,#212,#213,#214)
    ,(#215,#216,#217,#218,#219)
    ,(#220,#221,#222,#223,#224)
    ,(#225,#226,#227,#228,#229)
    ,(#230,#231,#232,#233,#234
)),.UNSPECIFIED.,.T.,.F.,.F.) B_SPLINE_SURFACE_WITH_KNOTS((1,2,2,2,2,1),
  (3,2,3),(-2.094395102393,0.,2.094395102393,4.188790204786,
    6.28318530718,8.377580409573),(-1.570796326795,0.,1.570796326795),
.UNSPECIFIED.) GEOMETRIC_REPRESENTATION_ITEM() RATIONAL_B_SPLINE_SURFACE
((
    (1.,0.707106781187,1.,0.707106781187,1.)
    ,(0.5,0.353553390593,0.5,0.353553390593,0.5)
    ,(1.,0.707106781187,1.,0.707106781187,1.)
    ,(0.5,0.353553390593,0.5,0.353553390593,0.5)
    ,(1.,0.707106781187,1.,0.707106781187,1.)
    ,(0.5,0.353553390593,0.5,0.353553390593,0.5)
,(1.,0.707106781187,1.,0.707106781187,1.
))) REPRESENTATION_ITEM('') SURFACE() );
#200 = CARTESIAN_POINT('',(1.132798289211E-15,0.,-3.));
#201 = CARTESIAN_POINT('',(18.5,0.,-3.));
#202 = CARTESIAN_POINT('',(18.5,0.,14.4));
#203 = CARTESIAN_POINT('',(18.5,0.,31.8));
#204 = CARTESIAN_POINT('',(1.132798289211E-15,0.,31.8));
#205 = CARTESIAN_POINT('',(1.132798289211E-15,1.548439848538E-15,-3.));
#206 = CARTESIAN_POINT('',(18.5,25.287941790506,-3.));
#207 = CARTESIAN_POINT('',(18.5,25.287941790506,14.4));
#208 = CARTESIAN_POINT('',(18.5,25.287941790506,31.8));
#209 = CARTESIAN_POINT('',(1.132798289211E-15,1.548439848538E-15,31.8));
#210 = CARTESIAN_POINT('',(-5.663991446057E-16,7.742199242692E-16,-3.));
#211 = CARTESIAN_POINT('',(-9.25,12.643970895253,-3.));
#212 = CARTESIAN_POINT('',(-9.25,12.643970895253,14.4));
#213 = CARTESIAN_POINT('',(-9.25,12.643970895253,31.8));
#214 = CARTESIAN_POINT('',(-5.663991446057E-16,7.742199242692E-16,31.8)
  );
#215 = CARTESIAN_POINT('',(-2.265596578423E-15,2.189649282686E-31,-3.));
#216 = CARTESIAN_POINT('',(-37.,3.57596865351E-15,-3.));
#217 = CARTESIAN_POINT('',(-37.,3.57596865351E-15,14.4));
#218 = CARTESIAN_POINT('',(-37.,3.57596865351E-15,31.8));
#219 = CARTESIAN_POINT('',(-2.265596578423E-15,2.189649282686E-31,31.8)
  );
#220 = CARTESIAN_POINT('',(-5.663991446057E-16,-7.742199242692E-16,-3.)
  );
#221 = CARTESIAN_POINT('',(-9.25,-12.64397089525,-3.));
#222 = CARTESIAN_POINT('',(-9.25,-12.64397089525,14.4));
#223 = CARTESIAN_POINT('',(-9.25,-12.64397089525,31.8));
#224 = CARTESIAN_POINT('',(-5.663991446057E-16,-7.742199242692E-16,31.8)
  );
#225 = CARTESIAN_POINT('',(1.132798289211E-15,-1.548439848538E-15,-3.));
#226 = CARTESIAN_POINT('',(18.5,-25.2879417905,-3.));
#227 = CARTESIAN_POINT('',(18.5,-25.2879417905,14.4));
#228 = CARTESIAN_POINT('',(18.5,-25.2879417905,31.8));
#229 = CARTESIAN_POINT('',(1.132798289211E-15,-1.548439848538E-15,31.8)
  );
#230 = CARTESIAN_POINT('',(1.132798289211E-15,0.,-3.));
#231 = CARTESIAN_POINT('',(18.5,0.,-3.));
#232 = CARTESIAN_POINT('',(18.5,0.,14.4));
#233 = CARTESIAN_POINT('',(18.5,0.,31.8));
#234 = CARTESIAN_POINT('',(1.132798289211E-15,0.,31.8));
#235 = DEFINITIONAL_REPRESENTATION('',(#236),#407);
#236 = B_SPLINE_CURVE_WITH_KNOTS('',7,(#237,#238,#239,#240,#241,#242,
    #243,#244,#245,#246,#247,#248,#249,#250,#251,#252,#253,#254,#255,
    #256,#257,#258,#259,#260,#261,#262,#263,#264,#265,#266,#267,#268,
    #269,#270,#271,#272,#273,#274,#275,#276,#277,#278,#279,#280,#281,
    #282,#283,#284,#285,#286,#287,#288,#289,#290,#291,#292,#293,#294,
    #295,#296,#297,#298,#299,#300,#301,#302,#303,#304,#305,#306,#307,
    #308,#309,#310,#311,#312,#313,#314,#315,#316,#317,#318,#319,#320,
    #321,#322,#323,#324,#325,#326,#327,#328,#329,#330,#331,#332,#333,
    #334,#335,#336,#337,#338,#339,#340,#341,#342,#343,#344,#345,#346,
    #347,#348,#349,#350,#351,#352,#353,#354,#355,#356,#357,#358,#359,
    #360,#361,#362,#363,#364,#365,#366,#367,#368,#369,#370,#371,#372,
    #373,#374,#375,#376,#377,#378,#379,#380,#381,#382,#383,#384,#385,
    #386,#387,#388,#389,#390,#391,#392,#393,#394,#395,#396,#397,#398,
    #399,#400,#401,#402,#403,#404,#405,#406),.UNSPECIFIED.,.F.,.F.,(8,6,
    6,6,6,6,6,6,6,6,6,6,6,6,6,6,6,6,6,6,6,6,6,6,6,6,6,6,8),(0.,
    6.430501824209E-02,0.100506034991,0.143096889052,0.173402262229,
    0.195736514358,0.250306401689,0.311656916137,0.336751212608,
    0.339831748227,0.342926789347,0.414227656671,0.443878834826,
    0.461374206812,0.498571800808,0.535800439266,0.553302523208,
    0.582953304504,0.654246324374,0.657354650547,0.660462202937,
    0.685399020755,0.747668921054,0.802707056515,0.825231040948,
    0.85579186,0.898737356865,0.93485877612,1.),.UNSPECIFIED.);
#237 = CARTESIAN_POINT('',(6.28318530718,0.938347382885));
#238 = CARTESIAN_POINT('',(6.202993131794,0.938347382758));
#239 = CARTESIAN_POINT('',(6.126205313553,0.938061651925));
#240 = CARTESIAN_POINT('',(6.052740217264,0.937487901464));
#241 = CARTESIAN_POINT('',(5.98236256251,0.936644021439));
#242 = CARTESIAN_POINT('',(5.914841445912,0.935563680059));
#243 = CARTESIAN_POINT('',(5.849951865863,0.93428964283));
#244 = CARTESIAN_POINT('',(5.752347684414,0.932068490143));
#245 = CARTESIAN_POINT('',(5.717954388507,0.931221576651));
#246 = CARTESIAN_POINT('',(5.684280542392,0.930335860925));
#247 = CARTESIAN_POINT('',(5.651282011952,0.929419545671));
#248 = CARTESIAN_POINT('',(5.618914259623,0.928480735797));
#249 = CARTESIAN_POINT('',(5.587132984312,0.927527219651));
#250 = CARTESIAN_POINT('',(5.519142625415,0.925435668111));
#251 = CARTESIAN_POINT('',(5.483143049306,0.924294798646));
#252 = CARTESIAN_POINT('',(5.447823266822,0.92315552359));
#253 = CARTESIAN_POINT('',(5.413114018194,0.922028790426));
#254 = CARTESIAN_POINT('',(5.378948574122,0.920924531949));
#255 = CARTESIAN_POINT('',(5.345261759855,0.919851585837));
#256 = CARTESIAN_POINT('',(5.288313834612,0.918081898429));
#257 = CARTESIAN_POINT('',(5.264848873074,0.917365942108));
#258 = CARTESIAN_POINT('',(5.241571040468,0.916672532196));
#259 = CARTESIAN_POINT('',(5.218458120069,0.916004194923));
#260 = CARTESIAN_POINT('',(5.195488453381,0.915363204898));
#261 = CARTESIAN_POINT('',(5.172640660912,0.914751594219));
#262 = CARTESIAN_POINT('',(5.133129226729,0.913743397777));
#263 = CARTESIAN_POINT('',(5.116419728358,0.913332572483));
#264 = CARTESIAN_POINT('',(5.099756441715,0.912939404585));
#265 = CARTESIAN_POINT('',(5.083130981471,0.912564551704));
#266 = CARTESIAN_POINT('',(5.066535003089,0.912208610197));
#267 = CARTESIAN_POINT('',(5.049960202825,0.911872115156));
#268 = CARTESIAN_POINT('',(4.992932181134,0.910782046162));
#269 = CARTESIAN_POINT('',(4.952544824626,0.910127521945));
#270 = CARTESIAN_POINT('',(4.912112062411,0.909598854757));
#271 = CARTESIAN_POINT('',(4.871513167933,0.909201033983));
#272 = CARTESIAN_POINT('',(4.830625882536,0.90893723279));
#273 = CARTESIAN_POINT('',(4.789320631196,0.908808907274));
#274 = CARTESIAN_POINT('',(4.700385094362,0.908823789922));
#275 = CARTESIAN_POINT('',(4.65261205446,0.909002718186));
#276 = CARTESIAN_POINT('',(4.603930258354,0.909352418779));
#277 = CARTESIAN_POINT('',(4.554123653183,0.909870082013));
#278 = CARTESIAN_POINT('',(4.502955531271,0.910550114629));
#279 = CARTESIAN_POINT('',(4.450152794553,0.911383932364));
#280 = CARTESIAN_POINT('',(4.372981407132,0.912758959378));
#281 = CARTESIAN_POINT('',(4.350250645383,0.913181870265));
#282 = CARTESIAN_POINT('',(4.327169400491,0.913627723945));
#283 = CARTESIAN_POINT('',(4.303714002942,0.914095610101));
#284 = CARTESIAN_POINT('',(4.279859080649,0.91458451517));
#285 = CARTESIAN_POINT('',(4.255577558946,0.915093322338));
#286 = CARTESIAN_POINT('',(4.227803989307,0.915685565169));
#287 = CARTESIAN_POINT('',(4.224758213336,0.915750648015));
#288 = CARTESIAN_POINT('',(4.221701267905,0.915816101086));
#289 = CARTESIAN_POINT('',(4.218631952365,0.915881947369));
#290 = CARTESIAN_POINT('',(4.21554990191,0.915948192085));
#291 = CARTESIAN_POINT('',(4.212455559296,0.916014822943));
#292 = CARTESIAN_POINT('',(4.206230372135,0.916149113292));
#293 = CARTESIAN_POINT('',(4.203102173708,0.91621669639));
#294 = CARTESIAN_POINT('',(4.199967438986,0.916284557825));
#295 = CARTESIAN_POINT('',(4.19682537694,0.916352694953));
#296 = CARTESIAN_POINT('',(4.193674632034,0.916421104942));
#297 = CARTESIAN_POINT('',(4.190515398447,0.916489785369));
#298 = CARTESIAN_POINT('',(4.114518594742,0.918147132316));
#299 = CARTESIAN_POINT('',(4.043409773553,0.919879137067));
#300 = CARTESIAN_POINT('',(3.973582005528,0.921725112846));
#301 = CARTESIAN_POINT('',(3.904697985071,0.923647021796));
#302 = CARTESIAN_POINT('',(3.836472726379,0.925597087596));
#303 = CARTESIAN_POINT('',(3.768658857766,0.927518104506));
#304 = CARTESIAN_POINT('',(3.672934641854,0.93010968763));
#305 = CARTESIAN_POINT('',(3.644856739843,0.930855138149));
#306 = CARTESIAN_POINT('',(3.616803546877,0.931580394042));
#307 = CARTESIAN_POINT('',(3.588763634566,0.932280841023));
#308 = CARTESIAN_POINT('',(3.560727451412,0.932951817089));
#309 = CARTESIAN_POINT('',(3.532687565131,0.933588722749));
#310 = CARTESIAN_POINT('',(3.488089076133,0.934540214076));
#311 = CARTESIAN_POINT('',(3.47153614547,0.934879905449));
#312 = CARTESIAN_POINT('',(3.45497903519,0.935205285051));
#313 = CARTESIAN_POINT('',(3.438416909064,0.935515473961));
#314 = CARTESIAN_POINT('',(3.42184917243,0.93580963467));
#315 = CARTESIAN_POINT('',(3.405275472197,0.936086971073));
#316 = CARTESIAN_POINT('',(3.353444805278,0.93689901462));
#317 = CARTESIAN_POINT('',(3.318163426349,0.937371920769));
#318 = CARTESIAN_POINT('',(3.282855331531,0.937758235345));
#319 = CARTESIAN_POINT('',(3.247523534167,0.938052086207));
#320 = CARTESIAN_POINT('',(3.212172178759,0.938249306435));
#321 = CARTESIAN_POINT('',(3.176809153141,0.938347724981));
#322 = CARTESIAN_POINT('',(3.106060183287,0.938347038893));
#323 = CARTESIAN_POINT('',(3.070667688681,0.93824776928));
#324 = CARTESIAN_POINT('',(3.035286949793,0.938049542722));
#325 = CARTESIAN_POINT('',(2.999925864195,0.937754547381));
#326 = CARTESIAN_POINT('',(2.964588567136,0.937366972835));
#327 = CARTESIAN_POINT('',(2.929278053476,0.936892717483));
#328 = CARTESIAN_POINT('',(2.877412090142,0.936078717221));
#329 = CARTESIAN_POINT('',(2.860832186078,0.935800836896));
#330 = CARTESIAN_POINT('',(2.844258243642,0.935506136327));
#331 = CARTESIAN_POINT('',(2.827689905241,0.935195413402));
#332 = CARTESIAN_POINT('',(2.811126571236,0.934869507325));
#333 = CARTESIAN_POINT('',(2.794567399939,0.934529298624));
#334 = CARTESIAN_POINT('',(2.749963168123,0.933576679775));
#335 = CARTESIAN_POINT('',(2.721923731076,0.932939214395));
#336 = CARTESIAN_POINT('',(2.693887901406,0.932267741758));
#337 = CARTESIAN_POINT('',(2.665848224891,0.931566862148));
#338 = CARTESIAN_POINT('',(2.637795129389,0.930841237335));
#339 = CARTESIAN_POINT('',(2.609717166079,0.930095480534));
#340 = CARTESIAN_POINT('',(2.513998707638,0.927503244091));
#341 = CARTESIAN_POINT('',(2.446189668328,0.925582161836));
#342 = CARTESIAN_POINT('',(2.377968500699,0.92363243251));
#343 = CARTESIAN_POINT('',(2.309086450684,0.921711014123));
#344 = CARTESIAN_POINT('',(2.239259932344,0.919865857525));
#345 = CARTESIAN_POINT('',(2.168150280483,0.918134762788));
#346 = CARTESIAN_POINT('',(2.092137434955,0.916478217164));
#347 = CARTESIAN_POINT('',(2.088971126315,0.916409382816));
#348 = CARTESIAN_POINT('',(2.085817627993,0.916340923678));
#349 = CARTESIAN_POINT('',(2.082676989805,0.916272841822));
#350 = CARTESIAN_POINT('',(2.079548591958,0.916205138668));
#351 = CARTESIAN_POINT('',(2.076432013797,0.916137814767));
#352 = CARTESIAN_POINT('',(2.070224456676,0.916003941083));
#353 = CARTESIAN_POINT('',(2.067131430321,0.915937355473));
#354 = CARTESIAN_POINT('',(2.064050831181,0.915871159339));
#355 = CARTESIAN_POINT('',(2.060983415391,0.915805371612));
#356 = CARTESIAN_POINT('',(2.057928640538,0.915739983129));
#357 = CARTESIAN_POINT('',(2.054884618649,0.915674956194));
#358 = CARTESIAN_POINT('',(2.027481090597,0.915090775463));
#359 = CARTESIAN_POINT('',(2.003555852993,0.914589482649));
#360 = CARTESIAN_POINT('',(1.98004483951,0.914107511917));
#361 = CARTESIAN_POINT('',(1.956922140876,0.91364593209));
#362 = CARTESIAN_POINT('',(1.934163455414,0.913205714589));
#363 = CARTESIAN_POINT('',(1.911746089035,0.912787733431));
#364 = CARTESIAN_POINT('',(1.834469908277,0.911406489841));
#365 = CARTESIAN_POINT('',(1.781290690051,0.910563808931));
#366 = CARTESIAN_POINT('',(1.729771968713,0.909876751537));
#367 = CARTESIAN_POINT('',(1.679634938623,0.909354108258));
#368 = CARTESIAN_POINT('',(1.630638217697,0.909001598208));
#369 = CARTESIAN_POINT('',(1.582561581184,0.90882208379));
#370 = CARTESIAN_POINT('',(1.493332246371,0.908810308689));
#371 = CARTESIAN_POINT('',(1.452028215313,0.908940141118));
#372 = CARTESIAN_POINT('',(1.411141006235,0.909205462673));
#373 = CARTESIAN_POINT('',(1.370541061965,0.909604804608));
#374 = CARTESIAN_POINT('',(1.330106125516,0.910134979968));
#375 = CARTESIAN_POINT('',(1.289715455325,0.91079098403));
#376 = CARTESIAN_POINT('',(1.232682514397,0.911883047458));
#377 = CARTESIAN_POINT('',(1.216107088619,0.912220091596));
#378 = CARTESIAN_POINT('',(1.199510290476,0.91257657011));
#379 = CARTESIAN_POINT('',(1.18288381575,0.912951946799));
#380 = CARTESIAN_POINT('',(1.166219319039,0.913345624151));
#381 = CARTESIAN_POINT('',(1.149508413757,0.913756943346));
#382 = CARTESIAN_POINT('',(1.109994686078,0.914766226208));
#383 = CARTESIAN_POINT('',(1.087145853385,0.915378411186));
#384 = CARTESIAN_POINT('',(1.064174794399,0.916019937746));
#385 = CARTESIAN_POINT('',(1.041060128676,0.916688770916));
#386 = CARTESIAN_POINT('',(1.017780195928,0.917382633111));
#387 = CARTESIAN_POINT('',(0.994312776962,0.918098995049));
#388 = CARTESIAN_POINT('',(0.937361450789,0.919869433446));
#389 = CARTESIAN_POINT('',(0.903673425004,0.92094266849));
#390 = CARTESIAN_POINT('',(0.869506154629,0.9220471035));
#391 = CARTESIAN_POINT('',(0.83479447545,0.923173894721));
#392 = CARTESIAN_POINT('',(0.799471669646,0.924313103974));
#393 = CARTESIAN_POINT('',(0.763468493756,0.925453779675));
#394 = CARTESIAN_POINT('',(0.695796573055,0.92753470346));
#395 = CARTESIAN_POINT('',(0.664348780365,0.928477979092));
#396 = CARTESIAN_POINT('',(0.632326755135,0.929406834137));
#397 = CARTESIAN_POINT('',(0.599687595353,0.930313727275));
#398 = CARTESIAN_POINT('',(0.566388173193,0.931190813346));
#399 = CARTESIAN_POINT('',(0.532385737761,0.932030150204));
#400 = CARTESIAN_POINT('',(0.43497560407,0.934255365856));
#401 = CARTESIAN_POINT('',(0.369854718744,0.935539449005));
#402 = CARTESIAN_POINT('',(0.302082940941,0.936628870826));
#403 = CARTESIAN_POINT('',(0.231432003308,0.937480174436));
#404 = CARTESIAN_POINT('',(0.157667710316,0.938059089209));
#405 = CARTESIAN_POINT('',(8.055099889855E-02,0.938347382752));
#406 = CARTESIAN_POINT('',(0.,0.938347382885));
#407 = ( GEOMETRIC_REPRESENTATION_CONTEXT(2) 
PARAMETRIC_REPRESENTATION_CONTEXT() REPRESENTATION_CONTEXT('2D SPACE',''
  ) );
#408 = PCURVE('',#409,#445);
#409 = ( BOUNDED_SURFACE() B_SPLINE_SURFACE(2,2,(
    (#410,#411,#412,#413,#414)
    ,(#415,#416,#417,#418,#419)
    ,(#420,#421,#422,#423,#424)
    ,(#425,#426,#427,#428,#429)
    ,(#430,#431,#432,#433,#434)
    ,(#435,#436,#437,#438,#439)
    ,(#440,#441,#442,#443,#444
)),.UNSPECIFIED.,.T.,.F.,.F.) B_SPLINE_SURFACE_WITH_KNOTS((1,2,2,2,2,1),
  (3,2,3),(-2.094395102393,0.,2.094395102393,4.188790204786,
    6.28318530718,8.377580409573),(-1.570796326795,0.,1.570796326795),
.UNSPECIFIED.) GEOMETRIC_REPRESENTATION_ITEM() RATIONAL_B_SPLINE_SURFACE
((
    (1.,0.707106781187,1.,0.707106781187,1.)
    ,(0.5,0.353553390593,0.5,0.353553390593,0.5)
    ,(1.,0.707106781187,1.,0.707106781187,1.)
    ,(0.5,0.353553390593,0.5,0.353553390593,0.5)
    ,(1.,0.707106781187,1.,0.707106781187,1.)
    ,(0.5,0.353553390593,0.5,0.353553390593,0.5)
,(1.,0.707106781187,1.,0.707106781187,1.
))) REPRESENTATION_ITEM('') SURFACE() );
#410 = CARTESIAN_POINT('',(9.246083333563E-16,0.,24.8));
#411 = CARTESIAN_POINT('',(15.1,0.,24.8));
#412 = CARTESIAN_POINT('',(15.1,0.,37.1));
#413 = CARTESIAN_POINT('',(15.1,0.,49.4));
#414 = CARTESIAN_POINT('',(9.246083333563E-16,0.,49.4));
#415 = CARTESIAN_POINT('',(9.246083333563E-16,1.368142057955E-15,24.8));
#416 = CARTESIAN_POINT('',(15.1,22.343455417639,24.8));
#417 = CARTESIAN_POINT('',(15.1,22.343455417639,37.1));
#418 = CARTESIAN_POINT('',(15.1,22.343455417639,49.4));
#419 = CARTESIAN_POINT('',(9.246083333563E-16,1.368142057955E-15,49.4));
#420 = CARTESIAN_POINT('',(-4.623041666781E-16,6.840710289776E-16,24.8)
  );
#421 = CARTESIAN_POINT('',(-7.55,11.171727708819,24.8));
#422 = CARTESIAN_POINT('',(-7.55,11.171727708819,37.1));
#423 = CARTESIAN_POINT('',(-7.55,11.171727708819,49.4));
#424 = CARTESIAN_POINT('',(-4.623041666781E-16,6.840710289776E-16,49.4)
  );
#425 = CARTESIAN_POINT('',(-1.849216666713E-15,1.934690119634E-31,24.8)
  );
#426 = CARTESIAN_POINT('',(-30.2,3.1595887418E-15,24.8));
#427 = CARTESIAN_POINT('',(-30.2,3.1595887418E-15,37.1));
#428 = CARTESIAN_POINT('',(-30.2,3.1595887418E-15,49.4));
#429 = CARTESIAN_POINT('',(-1.849216666713E-15,1.934690119634E-31,49.4)
  );
#430 = CARTESIAN_POINT('',(-4.623041666781E-16,-6.840710289776E-16,24.8)
  );
#431 = CARTESIAN_POINT('',(-7.55,-11.17172770881,24.8));
#432 = CARTESIAN_POINT('',(-7.55,-11.17172770881,37.1));
#433 = CARTESIAN_POINT('',(-7.55,-11.17172770881,49.4));
#434 = CARTESIAN_POINT('',(-4.623041666781E-16,-6.840710289776E-16,49.4)
  );
#435 = CARTESIAN_POINT('',(9.246083333563E-16,-1.368142057955E-15,24.8)
  );
#436 = CARTESIAN_POINT('',(15.1,-22.34345541763,24.8));
#437 = CARTESIAN_POINT('',(15.1,-22.34345541763,37.1));
#438 = CARTESIAN_POINT('',(15.1,-22.34345541763,49.4));
#439 = CARTESIAN_POINT('',(9.246083333563E-16,-1.368142057955E-15,49.4)
  );
#440 = CARTESIAN_POINT('',(9.246083333563E-16,0.,24.8));
#441 = CARTESIAN_POINT('',(15.1,0.,24.8));
#442 = CARTESIAN_POINT('',(15.1,0.,37.1));
#443 = CARTESIAN_POINT('',(15.1,0.,49.4));
#444 = CARTESIAN_POINT('',(9.246083333563E-16,0.,49.4));
#445 = DEFINITIONAL_REPRESENTATION('',(#446),#617);
#446 = B_SPLINE_CURVE_WITH_KNOTS('',7,(#447,#448,#449,#450,#451,#452,
    #453,#454,#455,#456,#457,#458,#459,#460,#461,#462,#463,#464,#465,
    #466,#467,#468,#469,#470,#471,#472,#473,#474,#475,#476,#477,#478,
    #479,#480,#481,#482,#483,#484,#485,#486,#487,#488,#489,#490,#491,
    #492,#493,#494,#495,#496,#497,#498,#499,#500,#501,#502,#503,#504,
    #505,#506,#507,#508,#509,#510,#511,#512,#513,#514,#515,#516,#517,
    #518,#519,#520,#521,#522,#523,#524,#525,#526,#527,#528,#529,#530,
    #531,#532,#533,#534,#535,#536,#537,#538,#539,#540,#541,#542,#543,
    #544,#545,#546,#547,#548,#549,#550,#551,#552,#553,#554,#555,#556,
    #557,#558,#559,#560,#561,#562,#563,#564,#565,#566,#567,#568,#569,
    #570,#571,#572,#573,#574,#575,#576,#577,#578,#579,#580,#581,#582,
    #583,#584,#585,#586,#587,#588,#589,#590,#591,#592,#593,#594,#595,
    #596,#597,#598,#599,#600,#601,#602,#603,#604,#605,#606,#607,#608,
    #609,#610,#611,#612,#613,#614,#615,#616),.UNSPECIFIED.,.F.,.F.,(8,6,
    6,6,6,6,6,6,6,6,6,6,6,6,6,6,6,6,6,6,6,6,6,6,6,6,6,6,8),(0.,
    6.430501824209E-02,0.100506034991,0.143096889052,0.173402262229,
    0.195736514358,0.250306401689,0.311656916137,0.336751212608,
    0.339831748227,0.342926789347,0.414227656671,0.443878834826,
    0.461374206812,0.498571800808,0.535800439266,0.553302523208,
    0.582953304504,0.654246324374,0.657354650547,0.660462202937,
    0.685399020755,0.747668921054,0.802707056515,0.825231040948,
    0.85579186,0.898737356865,0.93485877612,1.),.UNSPECIFIED.);
#447 = CARTESIAN_POINT('',(6.283185307053,-0.773041312873));
#448 = CARTESIAN_POINT('',(6.209105410518,-0.773041313011));
#449 = CARTESIAN_POINT('',(6.137918176162,-0.773369112449));
#450 = CARTESIAN_POINT('',(6.069468069546,-0.77402733755));
#451 = CARTESIAN_POINT('',(6.003481184125,-0.774997059576));
#452 = CARTESIAN_POINT('',(5.939711381747,-0.776242942608));
#453 = CARTESIAN_POINT('',(5.877936327874,-0.777719007897));
#454 = CARTESIAN_POINT('',(5.784231381008,-0.78030542569));
#455 = CARTESIAN_POINT('',(5.751046563333,-0.781293981264));
#456 = CARTESIAN_POINT('',(5.718388455884,-0.782330609401));
#457 = CARTESIAN_POINT('',(5.686217456086,-0.783406165734));
#458 = CARTESIAN_POINT('',(5.654494503312,-0.784511488045));
#459 = CARTESIAN_POINT('',(5.62318137295,-0.785637633456));
#460 = CARTESIAN_POINT('',(5.555839230586,-0.788115544011));
#461 = CARTESIAN_POINT('',(5.519954289199,-0.789472015286));
#462 = CARTESIAN_POINT('',(5.484523822147,-0.790831656011));
#463 = CARTESIAN_POINT('',(5.449489480008,-0.792181373736));
#464 = CARTESIAN_POINT('',(5.414795628405,-0.79350901063));
#465 = CARTESIAN_POINT('',(5.380388088303,-0.794803497102));
#466 = CARTESIAN_POINT('',(5.321895611605,-0.796945508667));
#467 = CARTESIAN_POINT('',(5.297696554622,-0.797814221815));
#468 = CARTESIAN_POINT('',(5.273596501259,-0.798657575304));
#469 = CARTESIAN_POINT('',(5.249577027706,-0.799472273123));
#470 = CARTESIAN_POINT('',(5.225620202727,-0.800255295104));
#471 = CARTESIAN_POINT('',(5.201708299935,-0.801003899213));
#472 = CARTESIAN_POINT('',(5.160221072393,-0.802240145818));
#473 = CARTESIAN_POINT('',(5.142633422899,-0.802744633324));
#474 = CARTESIAN_POINT('',(5.125053566584,-0.803228099091));
#475 = CARTESIAN_POINT('',(5.107474534299,-0.803689632786));
#476 = CARTESIAN_POINT('',(5.089889382756,-0.804128401011));
#477 = CARTESIAN_POINT('',(5.07229119453,-0.804543647299));
#478 = CARTESIAN_POINT('',(5.011626222689,-0.805890142222));
#479 = CARTESIAN_POINT('',(4.968462212446,-0.806701062878));
#480 = CARTESIAN_POINT('',(4.925076742012,-0.807357615822));
#481 = CARTESIAN_POINT('',(4.881368798224,-0.807852468081));
#482 = CARTESIAN_POINT('',(4.837235966258,-0.808180868142));
#483 = CARTESIAN_POINT('',(4.79256894988,-0.808340610598));
#484 = CARTESIAN_POINT('',(4.696289947569,-0.808322084255));
#485 = CARTESIAN_POINT('',(4.64451056214,-0.808099350549));
#486 = CARTESIAN_POINT('',(4.59173237523,-0.807664054387));
#487 = CARTESIAN_POINT('',(4.53777149967,-0.807020364296));
#488 = CARTESIAN_POINT('',(4.482426479512,-0.80617655335));
#489 = CARTESIAN_POINT('',(4.425463950943,-0.805145068184));
#490 = CARTESIAN_POINT('',(4.342520614973,-0.803450421064));
#491 = CARTESIAN_POINT('',(4.318124981005,-0.802929847477));
#492 = CARTESIAN_POINT('',(4.293392710114,-0.802381780936));
#493 = CARTESIAN_POINT('',(4.268303548541,-0.801807482573));
#494 = CARTESIAN_POINT('',(4.242835796721,-0.801208337744));
#495 = CARTESIAN_POINT('',(4.216966309286,-0.800585856025));
#496 = CARTESIAN_POINT('',(4.187440124103,-0.799862592111));
#497 = CARTESIAN_POINT('',(4.184207084611,-0.799783127654));
#498 = CARTESIAN_POINT('',(4.180976037289,-0.799703228068));
#499 = CARTESIAN_POINT('',(4.177746245345,-0.799622865649));
#500 = CARTESIAN_POINT('',(4.174515185449,-0.799542034406));
#501 = CARTESIAN_POINT('',(4.171282158701,-0.799460749706));
#502 = CARTESIAN_POINT('',(4.164805982732,-0.79929696141));
#503 = CARTESIAN_POINT('',(4.161565062514,-0.799214551154));
#504 = CARTESIAN_POINT('',(4.158329077877,-0.799131819693));
#505 = CARTESIAN_POINT('',(4.155098001092,-0.799048770514));
#506 = CARTESIAN_POINT('',(4.15187181206,-0.798965407328));
#507 = CARTESIAN_POINT('',(4.148650470605,-0.798881733344));
#508 = CARTESIAN_POINT('',(4.071333083343,-0.796863027819));
#509 = CARTESIAN_POINT('',(3.999719186346,-0.794763396017));
#510 = CARTESIAN_POINT('',(3.930116672617,-0.792538116489));
#511 = CARTESIAN_POINT('',(3.862160653685,-0.790235915693));
#512 = CARTESIAN_POINT('',(3.795534963831,-0.787915644256));
#513 = CARTESIAN_POINT('',(3.729953312117,-0.785644495221));
#514 = CARTESIAN_POINT('',(3.638210836866,-0.782597549157));
#515 = CARTESIAN_POINT('',(3.611402647643,-0.781723293438));
#516 = CARTESIAN_POINT('',(3.584715502056,-0.780874789309));
#517 = CARTESIAN_POINT('',(3.558133624668,-0.780057217106));
#518 = CARTESIAN_POINT('',(3.531642577042,-0.779275752019));
#519 = CARTESIAN_POINT('',(3.505229428113,-0.778535450059));
#520 = CARTESIAN_POINT('',(3.463337436274,-0.777431461981));
#521 = CARTESIAN_POINT('',(3.447815107721,-0.77703778863));
#522 = CARTESIAN_POINT('',(3.432313594736,-0.7766611157));
#523 = CARTESIAN_POINT('',(3.416830717325,-0.776302396401));
#524 = CARTESIAN_POINT('',(3.401364459662,-0.775962535431));
#525 = CARTESIAN_POINT('',(3.38591297009,-0.775642388978));
#526 = CARTESIAN_POINT('',(3.33765037247,-0.774705716271));
#527 = CARTESIAN_POINT('',(3.304882505295,-0.774161345066));
#528 = CARTESIAN_POINT('',(3.272159291435,-0.773717391346));
#529 = CARTESIAN_POINT('',(3.239467127031,-0.773380085527));
#530 = CARTESIAN_POINT('',(3.206792525461,-0.773153829624));
#531 = CARTESIAN_POINT('',(3.174124937769,-0.773040920319));
#532 = CARTESIAN_POINT('',(3.108768482076,-0.77304170742));
#533 = CARTESIAN_POINT('',(3.076073568232,-0.7731555931));
#534 = CARTESIAN_POINT('',(3.04337157141,-0.773383004374));
#535 = CARTESIAN_POINT('',(3.010651908812,-0.773721626481));
#536 = CARTESIAN_POINT('',(2.977901046256,-0.774167033389));
#537 = CARTESIAN_POINT('',(2.945105328775,-0.774712966586));
#538 = CARTESIAN_POINT('',(2.896808373606,-0.775651915974));
#539 = CARTESIAN_POINT('',(2.881350582597,-0.775972697583));
#540 = CARTESIAN_POINT('',(2.865877972944,-0.776313190599));
#541 = CARTESIAN_POINT('',(2.850388688083,-0.776672536861));
#542 = CARTESIAN_POINT('',(2.834880706945,-0.777049829773));
#543 = CARTESIAN_POINT('',(2.819351843954,-0.7774441143));
#544 = CARTESIAN_POINT('',(2.777452509227,-0.778549444993));
#545 = CARTESIAN_POINT('',(2.751038470691,-0.779290422188));
#546 = CARTESIAN_POINT('',(2.724546363198,-0.780072493128));
#547 = CARTESIAN_POINT('',(2.697963240766,-0.780890600391));
#548 = CARTESIAN_POINT('',(2.671274650838,-0.781739568431));
#549 = CARTESIAN_POINT('',(2.644464803465,-0.782614217441));
#550 = CARTESIAN_POINT('',(2.552722216682,-0.785662055894));
#551 = CARTESIAN_POINT('',(2.487140941723,-0.787933360234));
#552 = CARTESIAN_POINT('',(2.420514948587,-0.79025336987));
#553 = CARTESIAN_POINT('',(2.352556242327,-0.792555027421));
#554 = CARTESIAN_POINT('',(2.282950546399,-0.794779445073));
#555 = CARTESIAN_POINT('',(2.211331251086,-0.796878029834));
#556 = CARTESIAN_POINT('',(2.133992518614,-0.798895826696));
#557 = CARTESIAN_POINT('',(2.130761386837,-0.79897969095));
#558 = CARTESIAN_POINT('',(2.127530222232,-0.799063116816));
#559 = CARTESIAN_POINT('',(2.124299063521,-0.799146101406));
#560 = CARTESIAN_POINT('',(2.121067922635,-0.799228642629));
#561 = CARTESIAN_POINT('',(2.117836772784,-0.799310739455));
#562 = CARTESIAN_POINT('',(2.111375841499,-0.799474024553));
#563 = CARTESIAN_POINT('',(2.108141668858,-0.799555256518));
#564 = CARTESIAN_POINT('',(2.104910734009,-0.799636030928));
#565 = CARTESIAN_POINT('',(2.10168186199,-0.799716324303));
#566 = CARTESIAN_POINT('',(2.098450911901,-0.799796147428));
#567 = CARTESIAN_POINT('',(2.095216701324,-0.799875545967));
#568 = CARTESIAN_POINT('',(2.066083370131,-0.8005889854));
#569 = CARTESIAN_POINT('',(2.040593402889,-0.801202274833));
#570 = CARTESIAN_POINT('',(2.015493514934,-0.801792907617));
#571 = CARTESIAN_POINT('',(1.990761557244,-0.802359439126));
#572 = CARTESIAN_POINT('',(1.966376745864,-0.802900541864));
#573 = CARTESIAN_POINT('',(1.942319661901,-0.803415005474));
#574 = CARTESIAN_POINT('',(1.859272303661,-0.805117156528));
#575 = CARTESIAN_POINT('',(1.801906824265,-0.806159550794));
#576 = CARTESIAN_POINT('',(1.746183813486,-0.807012062317));
#577 = CARTESIAN_POINT('',(1.691865030002,-0.80766194692));
#578 = CARTESIAN_POINT('',(1.638745045013,-0.808100744593));
#579 = CARTESIAN_POINT('',(1.586636420773,-0.808324208085));
#580 = CARTESIAN_POINT('',(1.490040504468,-0.808338866083));
#581 = CARTESIAN_POINT('',(1.44537565442,-0.808177247673));
#582 = CARTESIAN_POINT('',(1.401244053638,-0.807846957762));
#583 = CARTESIAN_POINT('',(1.357536424516,-0.807350220633));
#584 = CARTESIAN_POINT('',(1.314150357382,-0.806691807913));
#585 = CARTESIAN_POINT('',(1.270984829863,-0.80587907406));
#586 = CARTESIAN_POINT('',(1.210317879792,-0.804530154922));
#587 = CARTESIAN_POINT('',(1.192720016143,-0.804114243943));
#588 = CARTESIAN_POINT('',(1.175135027569,-0.803674828188));
#589 = CARTESIAN_POINT('',(1.157555996423,-0.803212665552));
#590 = CARTESIAN_POINT('',(1.139975978848,-0.802728590883));
#591 = CARTESIAN_POINT('',(1.122388004776,-0.802223515986));
#592 = CARTESIAN_POINT('',(1.080901189026,-0.800985985854));
#593 = CARTESIAN_POINT('',(1.056989887849,-0.800236709796));
#594 = CARTESIAN_POINT('',(1.03303336543,-0.799453066291));
#595 = CARTESIAN_POINT('',(1.009013894739,-0.798637800632));
#596 = CARTESIAN_POINT('',(0.984913543058,-0.79779393624));
#597 = CARTESIAN_POINT('',(0.960713884365,-0.796924772339));
#598 = CARTESIAN_POINT('',(0.902222691656,-0.794781955833));
#599 = CARTESIAN_POINT('',(0.867816784928,-0.793487185594));
#600 = CARTESIAN_POINT('',(0.833124018682,-0.792159404325));
#601 = CARTESIAN_POINT('',(0.79809022068,-0.790809686649));
#602 = CARTESIAN_POINT('',(0.76265976275,-0.789450194265));
#603 = CARTESIAN_POINT('',(0.726774304263,-0.788094021817));
#604 = CARTESIAN_POINT('',(0.659753240165,-0.785628822769));
#605 = CARTESIAN_POINT('',(0.62876960014,-0.784514789278));
#606 = CARTESIAN_POINT('',(0.597384670918,-0.783421166529));
#607 = CARTESIAN_POINT('',(0.565561432926,-0.782356613929));
#608 = CARTESIAN_POINT('',(0.533262067004,-0.781330001636));
#609 = CARTESIAN_POINT('',(0.500448229766,-0.780350186157));
#610 = CARTESIAN_POINT('',(0.406907670377,-0.77775872193));
#611 = CARTESIAN_POINT('',(0.344900943267,-0.77627088737));
#612 = CARTESIAN_POINT('',(0.280885752826,-0.775014469665));
#613 = CARTESIAN_POINT('',(0.214636802918,-0.774036202209));
#614 = CARTESIAN_POINT('',(0.145904691137,-0.773372052493));
#615 = CARTESIAN_POINT('',(7.441137075517E-02,-0.773041313015));
#616 = CARTESIAN_POINT('',(7.231895414479E-11,-0.773041312873));
#617 = ( GEOMETRIC_REPRESENTATION_CONTEXT(2) 
PARAMETRIC_REPRESENTATION_CONTEXT() REPRESENTATION_CONTEXT('2D SPACE',''
  ) );
#618 = ORIENTED_EDGE('',*,*,#619,.F.);
#619 = EDGE_CURVE('',#22,#24,#620,.T.);
#620 = SURFACE_CURVE('',#621,(#855,#1092),.PCURVE_S1.);
#621 = B_SPLINE_CURVE_WITH_KNOTS('',8,(#622,#623,#624,#625,#626,#627,
    #628,#629,#630,#631,#632,#633,#634,#635,#636,#637,#638,#639,#640,
    #641,#642,#643,#644,#645,#646,#647,#648,#649,#650,#651,#652,#653,
    #654,#655,#656,#657,#658,#659,#660,#661,#662,#663,#664,#665,#666,
    #667,#668,#669,#670,#671,#672,#673,#674,#675,#676,#677,#678,#679,
    #680,#681,#682,#683,#684,#685,#686,#687,#688,#689,#690,#691,#692,
    #693,#694,#695,#696,#697,#698,#699,#700,#701,#702,#703,#704,#705,
    #706,#707,#708,#709,#710,#711,#712,#713,#714,#715,#716,#717,#718,
    #719,#720,#721,#722,#723,#724,#725,#726,#727,#728,#729,#730,#731,
    #732,#733,#734,#735,#736,#737,#738,#739,#740,#741,#742,#743,#744,
    #745,#746,#747,#748,#749,#750,#751,#752,#753,#754,#755,#756,#757,
    #758,#759,#760,#761,#762,#763,#764,#765,#766,#767,#768,#769,#770,
    #771,#772,#773,#774,#775,#776,#777,#778,#779,#780,#781,#782,#783,
    #784,#785,#786,#787,#788,#789,#790,#791,#792,#793,#794,#795,#796,
    #797,#798,#799,#800,#801,#802,#803,#804,#805,#806,#807,#808,#809,
    #810,#811,#812,#813,#814,#815,#816,#817,#818,#819,#820,#821,#822,
    #823,#824,#825,#826,#827,#828,#829,#830,#831,#832,#833,#834,#835,
    #836,#837,#838,#839,#840,#841,#842,#843,#844,#845,#846,#847,#848,
    #849,#850,#851,#852,#853,#854),.UNSPECIFIED.,.F.,.F.,(9,7,7,7,7,7,7,
    7,7,7,7,7,7,7,7,7,7,7,7,7,7,7,7,7,7,7,7,7,7,7,7,7,7,9),(0.,
    3.480540726804E-02,4.967715920094E-02,5.692648732997E-02,
    6.046067696927E-02,6.444188615295E-02,0.103586722191,0.191427798945,
    0.197318480368,0.291238898122,0.32329845094,0.361645544664,
    0.387683578461,0.393525978609,0.398003554736,0.410764416384,
    0.413562605348,0.433896580134,0.448213546437,0.479166162603,
    0.51811376684,0.536498304932,0.544506188202,0.550677466747,
    0.561319929081,0.571741745705,0.619196535167,0.65827566329,
    0.690175074704,0.784149797132,0.883727394255,0.928412687741,
    0.936355172453,1.),.UNSPECIFIED.);
#622 = CARTESIAN_POINT('',(-9.356710120104,4.280939070809,
    28.516790344228));
#623 = CARTESIAN_POINT('',(-9.352649246989,4.480213585952,
    28.433339673741));
#624 = CARTESIAN_POINT('',(-9.348109204381,4.677788936596,
    28.345770665942));
#625 = CARTESIAN_POINT('',(-9.343046102558,4.873585775713,28.25418167683
    ));
#626 = CARTESIAN_POINT('',(-9.337414544665,5.067531469021,
    28.158674369735));
#627 = CARTESIAN_POINT('',(-9.331167940878,5.259559808712,
    28.059352990215));
#628 = CARTESIAN_POINT('',(-9.324258822577,5.449610727165,
    27.956323640959));
#629 = CARTESIAN_POINT('',(-9.316639156518,5.637630010676,
    27.849693556685));
#630 = CARTESIAN_POINT('',(-9.304680671108,5.903017551118,
    27.692516639166));
#631 = CARTESIAN_POINT('',(-9.300962141343,5.982086334066,27.64482513041
    ));
#632 = CARTESIAN_POINT('',(-9.29710129312,6.060771600601,27.596504254074
    ));
#633 = CARTESIAN_POINT('',(-9.293094344586,6.139069767103,
    27.547562410109));
#634 = CARTESIAN_POINT('',(-9.288937508615,6.216977427753,
    27.498007997116));
#635 = CARTESIAN_POINT('',(-9.284626992815,6.294491354532,
    27.447849412347));
#636 = CARTESIAN_POINT('',(-9.280158999522,6.371608497223,
    27.397095051708));
#637 = CARTESIAN_POINT('',(-9.273273157487,6.485722399992,
    27.320726457786));
#638 = CARTESIAN_POINT('',(-9.270978267429,6.523023851264,27.29556003426
    ));
#639 = CARTESIAN_POINT('',(-9.268644615622,6.560230003755,
    27.270255010072));
#640 = CARTESIAN_POINT('',(-9.266271762151,6.59734053307,27.244812354985
    ));
#641 = CARTESIAN_POINT('',(-9.263859267197,6.634355123887,
    27.219233037627));
#642 = CARTESIAN_POINT('',(-9.261406691033,6.671273469959,
    27.193518025492));
#643 = CARTESIAN_POINT('',(-9.258913594026,6.708095274115,
    27.167668284936));
#644 = CARTESIAN_POINT('',(-9.255144133959,6.762724393413,
    27.129017313509));
#645 = CARTESIAN_POINT('',(-9.253898996028,6.780605524335,
    27.116318053637));
#646 = CARTESIAN_POINT('',(-9.252644071914,6.798463607718,
    27.103587113306));
#647 = CARTESIAN_POINT('',(-9.251379310707,6.816298610681,
    27.090824604214));
#648 = CARTESIAN_POINT('',(-9.250104661515,6.834110500768,
    27.078030638012));
#649 = CARTESIAN_POINT('',(-9.248820073464,6.851899245944,
    27.065205326313));
#650 = CARTESIAN_POINT('',(-9.247525495697,6.8696648146,27.052348780685)
  );
#651 = CARTESIAN_POINT('',(-9.244751245307,6.907393666812,
    27.024943356804));
#652 = CARTESIAN_POINT('',(-9.243268872652,6.92735070079,27.010386113049
    ));
#653 = CARTESIAN_POINT('',(-9.241773686107,6.947278242212,
    26.995789534234));
#654 = CARTESIAN_POINT('',(-9.240265611881,6.967176262255,
    26.981153768528));
#655 = CARTESIAN_POINT('',(-9.238744576117,6.987044733248,
    26.966478963419));
#656 = CARTESIAN_POINT('',(-9.237210505333,7.006883623372,
    26.951765269721));
#657 = CARTESIAN_POINT('',(-9.235663326845,7.026692891362,
    26.937012845567));
#658 = CARTESIAN_POINT('',(-9.218760910742,7.240953294875,
    26.776790997122));
#659 = CARTESIAN_POINT('',(-9.2021447666,7.432565000903,26.627632153963)
  );
#660 = CARTESIAN_POINT('',(-9.184185335831,7.621270218319,
    26.474894806646));
#661 = CARTESIAN_POINT('',(-9.164813874628,7.807037602082,
    26.318727118261));
#662 = CARTESIAN_POINT('',(-9.143962092732,7.989841487798,
    26.159275498573));
#663 = CARTESIAN_POINT('',(-9.121562149849,8.169661536434,
    25.996684163312));
#664 = CARTESIAN_POINT('',(-9.097546652058,8.346482379026,
    25.831094693458));
#665 = CARTESIAN_POINT('',(-9.01418228517,8.910325168639,25.284645538189
    ));
#666 = CARTESIAN_POINT('',(-8.948048161648,9.285167720371,
    24.892277431966));
#667 = CARTESIAN_POINT('',(-8.872686572693,9.644739267129,
    24.487076490153));
#668 = CARTESIAN_POINT('',(-8.787348384181,9.989013160709,
    24.070547763636));
#669 = CARTESIAN_POINT('',(-8.691296156491,10.318017011077,
    23.644165150169));
#670 = CARTESIAN_POINT('',(-8.583794190827,10.63183083508,23.20937226385
    ));
#671 = CARTESIAN_POINT('',(-8.464087498209,10.930584096943,
    22.767585163797));
#672 = CARTESIAN_POINT('',(-8.322469546126,11.233487988103,
    22.290194788338));
#673 = CARTESIAN_POINT('',(-8.313510923072,11.252457316553,
    22.260167565613));
#674 = CARTESIAN_POINT('',(-8.30449361474,11.271359606765,
    22.230115811149));
#675 = CARTESIAN_POINT('',(-8.295417294924,11.290195084565,
    22.200039671634));
#676 = CARTESIAN_POINT('',(-8.2862818487,11.308963535303,22.16993999775)
  );
#677 = CARTESIAN_POINT('',(-8.277086965477,11.327665158064,
    22.13981698677));
#678 = CARTESIAN_POINT('',(-8.267832358713,11.34630008397,
    22.109670934314));
#679 = CARTESIAN_POINT('',(-8.110007813149,11.660917820692,
    21.598498309922));
#680 = CARTESIAN_POINT('',(-7.946291302593,11.939950546348,
    21.111868170106));
#681 = CARTESIAN_POINT('',(-7.766356702437,12.202245622933,
    20.621263444701));
#682 = CARTESIAN_POINT('',(-7.569160347432,12.448022472062,
    20.12847656131));
#683 = CARTESIAN_POINT('',(-7.35360485927,12.677488011154,
    19.635476811674));
#684 = CARTESIAN_POINT('',(-7.118529183573,12.890872020627,
    19.144432858019));
#685 = CARTESIAN_POINT('',(-6.862658998833,13.088450319674,
    18.657747722792));
#686 = CARTESIAN_POINT('',(-6.489505621498,13.332716649066,
    18.014416295313));
#687 = CARTESIAN_POINT('',(-6.391952359511,13.393069532164,
    17.851538514741));
#688 = CARTESIAN_POINT('',(-6.291749315993,13.451625805553,
    17.68961163743));
#689 = CARTESIAN_POINT('',(-6.188839129893,13.508396652662,
    17.528756958788));
#690 = CARTESIAN_POINT('',(-6.083164025305,13.563393020969,
    17.369104485924));
#691 = CARTESIAN_POINT('',(-5.974665663402,13.616625934764,
    17.210793188472));
#692 = CARTESIAN_POINT('',(-5.863284994367,13.668106807914,
    17.053971249405));
#693 = CARTESIAN_POINT('',(-5.612218143731,13.777343933397,
    16.713188370727));
#694 = CARTESIAN_POINT('',(-5.471270926581,13.834348176774,
    16.529945340941));
#695 = CARTESIAN_POINT('',(-5.326014599687,13.888882801545,
    16.349331281138));
#696 = CARTESIAN_POINT('',(-5.176349714587,13.940967633743,
    16.171642829547));
#697 = CARTESIAN_POINT('',(-5.022184776071,13.990621145513,
    15.99720849177));
#698 = CARTESIAN_POINT('',(-4.863437785714,14.037861589981,
    15.826387924584));
#699 = CARTESIAN_POINT('',(-4.700037785405,14.082708136139,
    15.659571219726));
#700 = CARTESIAN_POINT('',(-4.417777205028,14.154022155383,
    15.386911806438));
#701 = CARTESIAN_POINT('',(-4.301460298279,14.181767194461,
    15.278689374601));
#702 = CARTESIAN_POINT('',(-4.182959157933,14.208423362805,
    15.172643097654));
#703 = CARTESIAN_POINT('',(-4.062263943524,14.233996360931,
    15.068915458665));
#704 = CARTESIAN_POINT('',(-3.939372555746,14.25849155978,
    14.967658025643));
#705 = CARTESIAN_POINT('',(-3.814291695375,14.281914212491,
    14.869030258893));
#706 = CARTESIAN_POINT('',(-3.687037922195,14.304269666174,
    14.773198318367));
#707 = CARTESIAN_POINT('',(-3.528604188523,14.330341489304,
    14.659496995807));
#708 = CARTESIAN_POINT('',(-3.499461750901,14.335065942737,
    14.638809589144));
#709 = CARTESIAN_POINT('',(-3.470211740978,14.339736992606,
    14.618273609679));
#710 = CARTESIAN_POINT('',(-3.440854536369,14.344354697393,
    14.597891030389));
#711 = CARTESIAN_POINT('',(-3.411390552382,14.348919115444,
    14.577663838581));
#712 = CARTESIAN_POINT('',(-3.381820242024,14.353430304962,
    14.557594035893));
#713 = CARTESIAN_POINT('',(-3.352144095995,14.357888324012,
    14.537683638295));
#714 = CARTESIAN_POINT('',(-3.299538337451,14.365669121202,
    14.502799204451));
#715 = CARTESIAN_POINT('',(-3.276949260108,14.368969905443,
    14.487955495076));
#716 = CARTESIAN_POINT('',(-3.254445938681,14.372219497936,
    14.473299174014));
#717 = CARTESIAN_POINT('',(-3.231969659275,14.375427002699,
    14.458790859974));
#718 = CARTESIAN_POINT('',(-3.209554379998,14.378587762863,
    14.444452790781));
#719 = CARTESIAN_POINT('',(-3.187328644872,14.381684410466,
    14.430365449847));
#720 = CARTESIAN_POINT('',(-3.165517497756,14.384687916243,
    14.416664192634));
#721 = CARTESIAN_POINT('',(-3.084387140912,14.395740052786,
    14.366120837792));
#722 = CARTESIAN_POINT('',(-3.023927279601,14.403714103878,
    14.329374810657));
#723 = CARTESIAN_POINT('',(-2.96307006914,14.411481258094,
    14.293313776928));
#724 = CARTESIAN_POINT('',(-2.901821712674,14.419041949266,
    14.257953995548));
#725 = CARTESIAN_POINT('',(-2.840189028537,14.426396633851,
    14.223311712171));
#726 = CARTESIAN_POINT('',(-2.778179593064,14.433545780245,
    14.189403159592));
#727 = CARTESIAN_POINT('',(-2.71580192754,14.440489851461,
    14.156244579513));
#728 = CARTESIAN_POINT('',(-2.639308474544,14.44870716762,
    14.116748987059));
#729 = CARTESIAN_POINT('',(-2.625208855802,14.450210141519,
    14.109514677806));
#730 = CARTESIAN_POINT('',(-2.610870935259,14.451726045112,
    14.102207076786));
#731 = CARTESIAN_POINT('',(-2.596410756675,14.453241961093,
    14.094888086649));
#732 = CARTESIAN_POINT('',(-2.581955626786,14.454744365503,
    14.087623069204));
#733 = CARTESIAN_POINT('',(-2.567643826489,14.456219222357,
    14.080480406923));
#734 = CARTESIAN_POINT('',(-2.553624322024,14.457652078264,
    14.07353106444));
#735 = CARTESIAN_POINT('',(-2.441461192123,14.469027893221,
    14.018284520376));
#736 = CARTESIAN_POINT('',(-2.3419522511,14.47854030265,13.97159528604)
  );
#737 = CARTESIAN_POINT('',(-2.241554936863,14.487567138589,
    13.926839758508));
#738 = CARTESIAN_POINT('',(-2.140297648687,14.496110130881,
    13.884076748246));
#739 = CARTESIAN_POINT('',(-2.038212066283,14.504170955583,
    13.843364054366));
#740 = CARTESIAN_POINT('',(-1.935333314723,14.511751204584,
    13.804757954261));
#741 = CARTESIAN_POINT('',(-1.831700129366,14.51885235522,
    13.768312693243));
#742 = CARTESIAN_POINT('',(-1.653886580941,14.530139204674,
    13.70997702871));
#743 = CARTESIAN_POINT('',(-1.580065050883,14.534565824334,
    13.686970784526));
#744 = CARTESIAN_POINT('',(-1.505905256954,14.538756075329,
    13.66507946685));
#745 = CARTESIAN_POINT('',(-1.431422805742,14.54271039635,
    13.644320422762));
#746 = CARTESIAN_POINT('',(-1.356634084075,14.546429188318,
    13.624710121194));
#747 = CARTESIAN_POINT('',(-1.281556259029,14.549912814391,
    13.606264152933));
#748 = CARTESIAN_POINT('',(-1.206207277919,14.553161599961,
    13.588997230614));
#749 = CARTESIAN_POINT('',(-0.967159132175,14.56269246373,
    13.538171856762));
#750 = CARTESIAN_POINT('',(-0.802524222962,14.568112959549,
    13.508994116026));
#751 = CARTESIAN_POINT('',(-0.636900641237,14.572439926906,
    13.48553034433));
#752 = CARTESIAN_POINT('',(-0.470494492939,14.575675048741,
    13.467894556218));
#753 = CARTESIAN_POINT('',(-0.303519898605,14.577819011347,
    13.456171904594));
#754 = CARTESIAN_POINT('',(-0.136200402588,14.578871431579,
    13.450416182342));
#755 = CARTESIAN_POINT('',(3.122961771521E-02,14.578830784055,
    13.450647323958));
#756 = CARTESIAN_POINT('',(0.409029095532,14.576264328844,
    13.464652344768));
#757 = CARTESIAN_POINT('',(0.619353783537,14.573099272192,
    13.481909856379));
#758 = CARTESIAN_POINT('',(0.828990198106,14.568193855902,
    13.508591790814));
#759 = CARTESIAN_POINT('',(1.03746723119,14.561541611493,13.544573450608
    ));
#760 = CARTESIAN_POINT('',(1.244344931729,14.553133754054,
    13.589646957337));
#761 = CARTESIAN_POINT('',(1.449211564991,14.542959655314,
    13.643531401499));
#762 = CARTESIAN_POINT('',(1.651682874793,14.531008940224,
    13.705881276985));
#763 = CARTESIAN_POINT('',(1.945678213398,14.510792437563,
    13.809529921819));
#764 = CARTESIAN_POINT('',(2.039346423284,14.503911935377,
    13.844565278614));
#765 = CARTESIAN_POINT('',(2.132374259967,14.496632668075,
    13.881358552521));
#766 = CARTESIAN_POINT('',(2.224730792832,14.488953575312,
    13.919867208486));
#767 = CARTESIAN_POINT('',(2.316387962346,14.480873576895,
    13.960047276889));
#768 = CARTESIAN_POINT('',(2.407320463494,14.472391580864,
    14.001853736053));
#769 = CARTESIAN_POINT('',(2.497505629208,14.463506491566,
    14.045240894753));
#770 = CARTESIAN_POINT('',(2.625871607027,14.450171023048,
    14.109729715665));
#771 = CARTESIAN_POINT('',(2.664674325222,14.44604813932,14.129587858451
    ));
#772 = CARTESIAN_POINT('',(2.703329826949,14.441848474073,
    14.149733401894));
#773 = CARTESIAN_POINT('',(2.741836562298,14.437571934065,
    14.170162546684));
#774 = CARTESIAN_POINT('',(2.780193072886,14.433218425304,
    14.190871495398));
#775 = CARTESIAN_POINT('',(2.818397991857,14.428787853044,
    14.211856452494));
#776 = CARTESIAN_POINT('',(2.856450043881,14.424280121783,
    14.233113624311));
#777 = CARTESIAN_POINT('',(2.923554155475,14.416161713521,
    14.271227927558));
#778 = CARTESIAN_POINT('',(2.952668772585,14.412582409693,
    14.287976056917));
#779 = CARTESIAN_POINT('',(2.981691354145,14.408957179697,
    14.304881874034));
#780 = CARTESIAN_POINT('',(3.010621386841,14.405285979146,
    14.321943651904));
#781 = CARTESIAN_POINT('',(3.039458386388,14.401568763361,
    14.339159669634));
#782 = CARTESIAN_POINT('',(3.068201897531,14.397805487364,
    14.356528212445));
#783 = CARTESIAN_POINT('',(3.096851494044,14.393996105883,
    14.374047571673));
#784 = CARTESIAN_POINT('',(3.174650795097,14.383491649716,14.42218559139
    ));
#785 = CARTESIAN_POINT('',(3.223614331341,14.376705475012,
    14.453098598791));
#786 = CARTESIAN_POINT('',(3.272295615862,14.369781777719,
    14.484446517662));
#787 = CARTESIAN_POINT('',(3.32069244238,14.362720374159,14.516220453944
    ));
#788 = CARTESIAN_POINT('',(3.368803694717,14.355520962731,
    14.548412127187));
#789 = CARTESIAN_POINT('',(3.416627685655,14.348183344295,
    14.581012869536));
#790 = CARTESIAN_POINT('',(3.46416344013,14.340707249402,14.614014429401
    ));
#791 = CARTESIAN_POINT('',(3.557676964047,14.32563548895,14.680110320349
    ));
#792 = CARTESIAN_POINT('',(3.603666585333,14.318045517075,
    14.713188542983));
#793 = CARTESIAN_POINT('',(3.649377971929,14.310322280194,
    14.746635471516));
#794 = CARTESIAN_POINT('',(3.69481041282,14.302465539835,14.780443476951
    ));
#795 = CARTESIAN_POINT('',(3.739963351282,14.294475054998,
    14.814605045673));
#796 = CARTESIAN_POINT('',(3.784836384877,14.286350582156,
    14.849112779462));
#797 = CARTESIAN_POINT('',(3.829429265457,14.278091875258,
    14.883959395483));
#798 = CARTESIAN_POINT('',(4.075515426642,14.231481064298,
    15.079319040378));
#799 = CARTESIAN_POINT('',(4.271462940852,14.190478044728,
    15.246365943964));
#800 = CARTESIAN_POINT('',(4.461596503878,14.146662839821,
    15.419617618756));
#801 = CARTESIAN_POINT('',(4.645962539672,14.100009759527,
    15.598455322806));
#802 = CARTESIAN_POINT('',(4.824637015233,14.050494647681,
    15.782307937676));
#803 = CARTESIAN_POINT('',(4.997721034062,13.998093855946,
    15.970656449519));
#804 = CARTESIAN_POINT('',(5.165336841883,13.942781754979,
    16.163037364082));
#805 = CARTESIAN_POINT('',(5.461268293585,13.836553679393,
    16.520457839813));
#806 = CARTESIAN_POINT('',(5.591290673505,13.786587848167,
    16.684320196556));
#807 = CARTESIAN_POINT('',(5.717765880606,13.734613473133,
    16.850400119219));
#808 = CARTESIAN_POINT('',(5.840768451624,13.680615843237,
    17.018481057437));
#809 = CARTESIAN_POINT('',(5.960373077416,13.624580832263,
    17.188361628174));
#810 = CARTESIAN_POINT('',(6.076654716537,13.566494378747,
    17.359855326806));
#811 = CARTESIAN_POINT('',(6.189688708826,13.506341965882,
    17.532790238186));
#812 = CARTESIAN_POINT('',(6.38922891027,13.393308000681,17.849219390043
    ));
#813 = CARTESIAN_POINT('',(6.476792096677,13.341121789424,
    17.992283070668));
#814 = CARTESIAN_POINT('',(6.562280984759,13.287541435028,
    18.136112932608));
#815 = CARTESIAN_POINT('',(6.645735025752,13.23255924606,18.280626266198
    ));
#816 = CARTESIAN_POINT('',(6.727192721567,13.176167742198,
    18.425744374375));
#817 = CARTESIAN_POINT('',(6.806691760802,13.118359524133,
    18.571392437955));
#818 = CARTESIAN_POINT('',(6.884269154741,13.059127143482,18.71749938091
    ));
#819 = CARTESIAN_POINT('',(7.182948410397,12.819748119993,
    19.295577555193));
#820 = CARTESIAN_POINT('',(7.389546810134,12.62862964491,19.730499610935
    ));
#821 = CARTESIAN_POINT('',(7.580724014291,12.424892408423,
    20.167099914243));
#822 = CARTESIAN_POINT('',(7.757326193082,12.208352055732,
    20.603853436389));
#823 = CARTESIAN_POINT('',(7.920127369184,11.978848941955,
    21.039349509044));
#824 = CARTESIAN_POINT('',(8.069861889495,11.736237164991,
    21.472272059891));
#825 = CARTESIAN_POINT('',(8.207240244683,11.480368705542,
    21.901384683362));
#826 = CARTESIAN_POINT('',(8.466151074938,10.925720922102,
    22.774943848959));
#827 = CARTESIAN_POINT('',(8.586227237479,10.625343876037,
    23.218698331689));
#828 = CARTESIAN_POINT('',(8.693995236557,10.309762904502,
    23.655374270476));
#829 = CARTESIAN_POINT('',(8.790220677351,9.978845707112,24.083537429267
    ));
#830 = CARTESIAN_POINT('',(8.875649358869,9.632510483924,24.501724497448
    ));
#831 = CARTESIAN_POINT('',(8.951028924805,9.270729126732,24.908440384407
    ));
#832 = CARTESIAN_POINT('',(9.017119064202,8.893529432401,25.302157371351
    ));
#833 = CARTESIAN_POINT('',(9.100525248299,8.324847716282,25.851463025608
    ));
#834 = CARTESIAN_POINT('',(9.124643781695,8.145618156822,26.018671629537
    ));
#835 = CARTESIAN_POINT('',(9.147115199141,7.963319039868,26.182798282973
    ));
#836 = CARTESIAN_POINT('',(9.168009299589,7.77796671466,26.343695991679)
  );
#837 = CARTESIAN_POINT('',(9.18739634735,7.589582913175,26.501214906127)
  );
#838 = CARTESIAN_POINT('',(9.205347075541,7.398195163608,26.655202811219
    ));
#839 = CARTESIAN_POINT('',(9.221932689533,7.203837203839,26.805505616022
    ));
#840 = CARTESIAN_POINT('',(9.239942943913,6.971482927088,26.978000435244
    ));
#841 = CARTESIAN_POINT('',(9.242620155832,6.936323870509,27.003911714368
    ));
#842 = CARTESIAN_POINT('',(9.245256882154,6.901072798132,27.029700554427
    ));
#843 = CARTESIAN_POINT('',(9.24785359739,6.865728995612,27.055366779916)
  );
#844 = CARTESIAN_POINT('',(9.250410625336,6.830293718547,27.080908761406
    ));
#845 = CARTESIAN_POINT('',(9.252928419807,6.794766558498,27.106326109699
    ));
#846 = CARTESIAN_POINT('',(9.255407360216,6.759148068919,27.131617723492
    ));
#847 = CARTESIAN_POINT('',(9.277404058782,6.437289635621,27.358435674518
    ));
#848 = CARTESIAN_POINT('',(9.294491642633,6.145288475983,27.551962066923
    ));
#849 = CARTESIAN_POINT('',(9.30931753804,5.847575181544,27.736905435538)
  );
#850 = CARTESIAN_POINT('',(9.322089323805,5.544325889339,27.912802530733
    ));
#851 = CARTESIAN_POINT('',(9.333014012015,5.23575583631,28.079189106665)
  );
#852 = CARTESIAN_POINT('',(9.342295709204,4.922122977457,28.235607143157
    ));
#853 = CARTESIAN_POINT('',(9.350132152403,4.603732048179,28.381613548648
    ));
#854 = CARTESIAN_POINT('',(9.356710120104,4.280939070809,28.516790344228
    ));
#855 = PCURVE('',#199,#856);
#856 = DEFINITIONAL_REPRESENTATION('',(#857),#1091);
#857 = B_SPLINE_CURVE_WITH_KNOTS('',8,(#858,#859,#860,#861,#862,#863,
    #864,#865,#866,#867,#868,#869,#870,#871,#872,#873,#874,#875,#876,
    #877,#878,#879,#880,#881,#882,#883,#884,#885,#886,#887,#888,#889,
    #890,#891,#892,#893,#894,#895,#896,#897,#898,#899,#900,#901,#902,
    #903,#904,#905,#906,#907,#908,#909,#910,#911,#912,#913,#914,#915,
    #916,#917,#918,#919,#920,#921,#922,#923,#924,#925,#926,#927,#928,
    #929,#930,#931,#932,#933,#934,#935,#936,#937,#938,#939,#940,#941,
    #942,#943,#944,#945,#946,#947,#948,#949,#950,#951,#952,#953,#954,
    #955,#956,#957,#958,#959,#960,#961,#962,#963,#964,#965,#966,#967,
    #968,#969,#970,#971,#972,#973,#974,#975,#976,#977,#978,#979,#980,
    #981,#982,#983,#984,#985,#986,#987,#988,#989,#990,#991,#992,#993,
    #994,#995,#996,#997,#998,#999,#1000,#1001,#1002,#1003,#1004,#1005,
    #1006,#1007,#1008,#1009,#1010,#1011,#1012,#1013,#1014,#1015,#1016,
    #1017,#1018,#1019,#1020,#1021,#1022,#1023,#1024,#1025,#1026,#1027,
    #1028,#1029,#1030,#1031,#1032,#1033,#1034,#1035,#1036,#1037,#1038,
    #1039,#1040,#1041,#1042,#1043,#1044,#1045,#1046,#1047,#1048,#1049,
    #1050,#1051,#1052,#1053,#1054,#1055,#1056,#1057,#1058,#1059,#1060,
    #1061,#1062,#1063,#1064,#1065,#1066,#1067,#1068,#1069,#1070,#1071,
    #1072,#1073,#1074,#1075,#1076,#1077,#1078,#1079,#1080,#1081,#1082,
    #1083,#1084,#1085,#1086,#1087,#1088,#1089,#1090),.UNSPECIFIED.,.F.,
  .F.,(9,7,7,7,7,7,7,7,7,7,7,7,7,7,7,7,7,7,7,7,7,7,7,7,7,7,7,7,7,7,7,7,7
    ,9),(0.,3.480540726804E-02,4.967715920094E-02,5.692648732997E-02,
    6.046067696927E-02,6.444188615295E-02,0.103586722191,0.191427798945,
    0.197318480368,0.291238898122,0.32329845094,0.361645544664,
    0.387683578461,0.393525978609,0.398003554736,0.410764416384,
    0.413562605348,0.433896580134,0.448213546437,0.479166162603,
    0.51811376684,0.536498304932,0.544506188202,0.550677466747,
    0.561319929081,0.571741745705,0.619196535167,0.65827566329,
    0.690175074704,0.784149797132,0.883727394255,0.928412687741,
    0.936355172453,1.),.UNSPECIFIED.);
#858 = CARTESIAN_POINT('',(2.653844391527,0.938357624981));
#859 = CARTESIAN_POINT('',(2.63401911438,0.930529420435));
#860 = CARTESIAN_POINT('',(2.6147314352,0.922422643724));
#861 = CARTESIAN_POINT('',(2.595977984168,0.914059084592));
#862 = CARTESIAN_POINT('',(2.577751208769,0.90545938468));
#863 = CARTESIAN_POINT('',(2.560040158046,0.896642969237));
#864 = CARTESIAN_POINT('',(2.542831266852,0.887627978832));
#865 = CARTESIAN_POINT('',(2.526109140105,0.878431201064));
#866 = CARTESIAN_POINT('',(2.502913221086,0.865067268468));
#867 = CARTESIAN_POINT('',(2.496054968999,0.861036152851));
#868 = CARTESIAN_POINT('',(2.489281274064,0.856975855775));
#869 = CARTESIAN_POINT('',(2.482590802466,0.852887534784));
#870 = CARTESIAN_POINT('',(2.475982193289,0.848772304618));
#871 = CARTESIAN_POINT('',(2.469454058517,0.844631237212));
#872 = CARTESIAN_POINT('',(2.463004983026,0.840465361695));
#873 = CARTESIAN_POINT('',(2.453527717487,0.834233370344));
#874 = CARTESIAN_POINT('',(2.450440354912,0.832185416175));
#875 = CARTESIAN_POINT('',(2.447371270996,0.830131916278));
#876 = CARTESIAN_POINT('',(2.444320299302,0.828072982809));
#877 = CARTESIAN_POINT('',(2.441287272831,0.826008725691));
#878 = CARTESIAN_POINT('',(2.438272024024,0.823939252614));
#879 = CARTESIAN_POINT('',(2.435274384756,0.821864669035));
#880 = CARTESIAN_POINT('',(2.430841281165,0.818771236852));
#881 = CARTESIAN_POINT('',(2.429392521291,0.817756205432));
#882 = CARTESIAN_POINT('',(2.427947887188,0.816739995881));
#883 = CARTESIAN_POINT('',(2.42650735932,0.815722620042));
#884 = CARTESIAN_POINT('',(2.425070918143,0.814704089643));
#885 = CARTESIAN_POINT('',(2.423638544109,0.813684416295));
#886 = CARTESIAN_POINT('',(2.422210217661,0.812663611494));
#887 = CARTESIAN_POINT('',(2.41918146941,0.810490504275));
#888 = CARTESIAN_POINT('',(2.417582131616,0.809337901024));
#889 = CARTESIAN_POINT('',(2.415987877146,0.808183892605));
#890 = CARTESIAN_POINT('',(2.414398676841,0.807028494222));
#891 = CARTESIAN_POINT('',(2.412814501521,0.805871720855));
#892 = CARTESIAN_POINT('',(2.4112353224,0.804713587577));
#893 = CARTESIAN_POINT('',(2.409661111515,0.803554109869));
#894 = CARTESIAN_POINT('',(2.392662160011,0.790979797156));
#895 = CARTESIAN_POINT('',(2.377710227201,0.779437882243));
#896 = CARTESIAN_POINT('',(2.36320928463,0.767782031856));
#897 = CARTESIAN_POINT('',(2.349132922813,0.756025066712));
#898 = CARTESIAN_POINT('',(2.335455241447,0.744178312398));
#899 = CARTESIAN_POINT('',(2.322151008975,0.732251756182));
#900 = CARTESIAN_POINT('',(2.309195822174,0.720254203825));
#901 = CARTESIAN_POINT('',(2.268225520166,0.681129054361));
#902 = CARTESIAN_POINT('',(2.241526806209,0.653748630878));
#903 = CARTESIAN_POINT('',(2.216201309812,0.626137434681));
#904 = CARTESIAN_POINT('',(2.192007905148,0.59835826782));
#905 = CARTESIAN_POINT('',(2.168729589754,0.570458609094));
#906 = CARTESIAN_POINT('',(2.146168561835,0.542476064415));
#907 = CARTESIAN_POINT('',(2.124139939747,0.514442124093));
#908 = CARTESIAN_POINT('',(2.101010528876,0.484502645699));
#909 = CARTESIAN_POINT('',(2.099559043966,0.482620964261));
#910 = CARTESIAN_POINT('',(2.098106280744,0.480739198367));
#911 = CARTESIAN_POINT('',(2.096661440161,0.478857339158));
#912 = CARTESIAN_POINT('',(2.095211095318,0.476975421786));
#913 = CARTESIAN_POINT('',(2.093763185531,0.475093440414));
#914 = CARTESIAN_POINT('',(2.092321614381,0.473211395444));
#915 = CARTESIAN_POINT('',(2.067943935771,0.441321420892));
#916 = CARTESIAN_POINT('',(2.045906866442,0.411307194629));
#917 = CARTESIAN_POINT('',(2.024498444067,0.381315984641));
#918 = CARTESIAN_POINT('',(2.003495198717,0.351384219892));
#919 = CARTESIAN_POINT('',(1.982701291826,0.321559486915));
#920 = CARTESIAN_POINT('',(1.961937008981,0.291904221107));
#921 = CARTESIAN_POINT('',(1.941030780477,0.262501008858));
#922 = CARTESIAN_POINT('',(1.912563152418,0.223548931555));
#923 = CARTESIAN_POINT('',(1.905282378726,0.213679600597));
#924 = CARTESIAN_POINT('',(1.897958597343,0.203858265421));
#925 = CARTESIAN_POINT('',(1.89058525409,0.19409032749));
#926 = CARTESIAN_POINT('',(1.883155925849,0.184381884644));
#927 = CARTESIAN_POINT('',(1.875664291433,0.174739775605));
#928 = CARTESIAN_POINT('',(1.86810410245,0.165171624471));
#929 = CARTESIAN_POINT('',(1.851336834726,0.144339796448));
#930 = CARTESIAN_POINT('',(1.842097965152,0.133112138981));
#931 = CARTESIAN_POINT('',(1.832741717736,0.122017034307));
#932 = CARTESIAN_POINT('',(1.823257906264,0.11107111804));
#933 = CARTESIAN_POINT('',(1.813637037796,0.100293591976));
#934 = CARTESIAN_POINT('',(1.803870364444,8.970627616018E-02));
#935 = CARTESIAN_POINT('',(1.793949935159,7.933366095638E-02));
#936 = CARTESIAN_POINT('',(1.777023359298,6.23241181988E-02));
#937 = CARTESIAN_POINT('',(1.770104179277,5.55570873105E-02));
#938 = CARTESIAN_POINT('',(1.763108991385,4.89104275817E-02));
#939 = CARTESIAN_POINT('',(1.756036102685,4.239353219093E-02));
#940 = CARTESIAN_POINT('',(1.748884296184,3.601655568045E-02));
#941 = CARTESIAN_POINT('',(1.741652883644,2.979034327928E-02));
#942 = CARTESIAN_POINT('',(1.734341758401,2.372636022618E-02));
#943 = CARTESIAN_POINT('',(1.725293214307,1.651508456428E-02));
#944 = CARTESIAN_POINT('',(1.723630999632,1.52023246668E-02));
#945 = CARTESIAN_POINT('',(1.721964811805,1.389847830096E-02));
#946 = CARTESIAN_POINT('',(1.720294660639,1.260368374334E-02));
#947 = CARTESIAN_POINT('',(1.718620558107,1.131808064634E-02));
#948 = CARTESIAN_POINT('',(1.716942518339,1.004181003824E-02));
#949 = CARTESIAN_POINT('',(1.715260557626,8.775014323135E-03));
#950 = CARTESIAN_POINT('',(1.712282660208,6.55434526271E-03));
#951 = CARTESIAN_POINT('',(1.711005149905,5.609040304158E-03));
#952 = CARTESIAN_POINT('',(1.709733645191,4.67530056811E-03));
#953 = CARTESIAN_POINT('',(1.708464806559,3.750629268689E-03));
#954 = CARTESIAN_POINT('',(1.707200542204,2.836451667214E-03));
#955 = CARTESIAN_POINT('',(1.705948076922,1.937912068052E-03));
#956 = CARTESIAN_POINT('',(1.704720021001,1.063670814459E-03));
#957 = CARTESIAN_POINT('',(1.700155591736,-2.162468773442E-03));
#958 = CARTESIAN_POINT('',(1.696761831085,-4.50700456753E-03));
#959 = CARTESIAN_POINT('',(1.693353365603,-6.803293042193E-03));
#960 = CARTESIAN_POINT('',(1.689930456973,-9.05410202254E-03));
#961 = CARTESIAN_POINT('',(1.68649340121,-1.125770542551E-02));
#962 = CARTESIAN_POINT('',(1.683042536392,-1.341139240746E-02));
#963 = CARTESIAN_POINT('',(1.679578252844,-1.551650244269E-02));
#964 = CARTESIAN_POINT('',(1.675338489058,-1.802166463376E-02));
#965 = CARTESIAN_POINT('',(1.674557328473,-1.848044725391E-02));
#966 = CARTESIAN_POINT('',(1.673763319219,-1.894379160128E-02));
#967 = CARTESIAN_POINT('',(1.672962905502,-1.940777001844E-02));
#968 = CARTESIAN_POINT('',(1.67216313865,-1.986823968522E-02));
#969 = CARTESIAN_POINT('',(1.671371659394,-2.032087052712E-02));
#970 = CARTESIAN_POINT('',(1.670596680142,-2.076117312365E-02));
#971 = CARTESIAN_POINT('',(1.664398928176,-2.426096618661E-02));
#972 = CARTESIAN_POINT('',(1.658916755944,-2.721489757216E-02));
#973 = CARTESIAN_POINT('',(1.653401581563,-3.004313530262E-02));
#974 = CARTESIAN_POINT('',(1.647854713567,-3.274250324694E-02));
#975 = CARTESIAN_POINT('',(1.642277644488,-3.530986417703E-02));
#976 = CARTESIAN_POINT('',(1.636672057312,-3.774214933102E-02));
#977 = CARTESIAN_POINT('',(1.631039831937,-4.003638797655E-02));
#978 = CARTESIAN_POINT('',(1.62140016418,-4.370589037537E-02));
#979 = CARTESIAN_POINT('',(1.617405094402,-4.515220778275E-02));
#980 = CARTESIAN_POINT('',(1.613398569961,-4.652768642685E-02));
#981 = CARTESIAN_POINT('',(1.609381358958,-4.783136996026E-02));
#982 = CARTESIAN_POINT('',(1.605354269935,-4.906234845746E-02));
#983 = CARTESIAN_POINT('',(1.601318151868,-5.021975841484E-02));
#984 = CARTESIAN_POINT('',(1.597273894173,-5.130278275071E-02));
#985 = CARTESIAN_POINT('',(1.584463342218,-5.44896147269E-02));
#986 = CARTESIAN_POINT('',(1.575670111924,-5.631741606199E-02));
#987 = CARTESIAN_POINT('',(1.566852666345,-5.778622725651E-02));
#988 = CARTESIAN_POINT('',(1.558021227963,-5.888966118504E-02));
#989 = CARTESIAN_POINT('',(1.549186348859,-5.962291842573E-02));
#990 = CARTESIAN_POINT('',(1.540358948346,-5.998293453511E-02));
#991 = CARTESIAN_POINT('',(1.531550350601,-5.996852732304E-02));
#992 = CARTESIAN_POINT('',(1.511726949916,-5.909234578363E-02));
#993 = CARTESIAN_POINT('',(1.500728161559,-5.801259977228E-02));
#994 = CARTESIAN_POINT('',(1.489800253963,-5.634281168549E-02));
#995 = CARTESIAN_POINT('',(1.478965104728,-5.408984051567E-02));
#996 = CARTESIAN_POINT('',(1.468242403025,-5.12651622553E-02));
#997 = CARTESIAN_POINT('',(1.457649810178,-4.788426951011E-02));
#998 = CARTESIAN_POINT('',(1.447203050124,-4.396620712563E-02));
#999 = CARTESIAN_POINT('',(1.43206007379,-3.744074072674E-02));
#1000 = CARTESIAN_POINT('',(1.427239457031,-3.523336585495E-02));
#1001 = CARTESIAN_POINT('',(1.422455355166,-3.291335345197E-02));
#1002 = CARTESIAN_POINT('',(1.417708869833,-3.04830309145E-02));
#1003 = CARTESIAN_POINT('',(1.413000937512,-2.794479644727E-02));
#1004 = CARTESIAN_POINT('',(1.40833233843,-2.530109671455E-02));
#1005 = CARTESIAN_POINT('',(1.40370370546,-2.255440449172E-02));
#1006 = CARTESIAN_POINT('',(1.397117030305,-1.846701771702E-02));
#1007 = CARTESIAN_POINT('',(1.395126202193,-1.720776703949E-02));
#1008 = CARTESIAN_POINT('',(1.393143088258,-1.592964898656E-02));
#1009 = CARTESIAN_POINT('',(1.391167723132,-1.463286766569E-02));
#1010 = CARTESIAN_POINT('',(1.389200136505,-1.331762658948E-02));
#1011 = CARTESIAN_POINT('',(1.387240353128,-1.198412867569E-02));
#1012 = CARTESIAN_POINT('',(1.38528839281,-1.063257624718E-02));
#1013 = CARTESIAN_POINT('',(1.3818460317,-8.20783833793E-03));
#1014 = CARTESIAN_POINT('',(1.380352448085,-7.141902607491E-03));
#1015 = CARTESIAN_POINT('',(1.378863526426,-6.065456031579E-03));
#1016 = CARTESIAN_POINT('',(1.377379272045,-4.978590273828E-03));
#1017 = CARTESIAN_POINT('',(1.375899688738,-3.881396470581E-03));
#1018 = CARTESIAN_POINT('',(1.374424778771,-2.773965230884E-03));
#1019 = CARTESIAN_POINT('',(1.372954542883,-1.656386636494E-03));
#1020 = CARTESIAN_POINT('',(1.368961595629,1.415875619451E-03));
#1021 = CARTESIAN_POINT('',(1.36644810921,3.390341269233E-03));
#1022 = CARTESIAN_POINT('',(1.36394850346,5.384286407954E-03));
#1023 = CARTESIAN_POINT('',(1.361462782944,7.412688645145E-03));
#1024 = CARTESIAN_POINT('',(1.358990896246,9.457764771239E-03));
#1025 = CARTESIAN_POINT('',(1.356532821343,1.153197158113E-02));
#1026 = CARTESIAN_POINT('',(1.354088499859,1.362811034334E-02));
#1027 = CARTESIAN_POINT('',(1.349277641681,1.782320473403E-02));
#1028 = CARTESIAN_POINT('',(1.346910543891,1.992092726762E-02));
#1029 = CARTESIAN_POINT('',(1.344556523547,2.204025407064E-02));
#1030 = CARTESIAN_POINT('',(1.342215515866,2.418065288401E-02));
#1031 = CARTESIAN_POINT('',(1.339887448559,2.634160180517E-02));
#1032 = CARTESIAN_POINT('',(1.337572241836,2.852258928802E-02));
#1033 = CARTESIAN_POINT('',(1.3352698084,3.072311414294E-02));
#1034 = CARTESIAN_POINT('',(1.322553863578,4.304930101346E-02));
#1035 = CARTESIAN_POINT('',(1.312391345759,5.355006201403E-02));
#1036 = CARTESIAN_POINT('',(1.302482491669,6.439963297244E-02));
#1037 = CARTESIAN_POINT('',(1.292815747854,7.555666973994E-02));
#1038 = CARTESIAN_POINT('',(1.283378378665,8.698412814418E-02));
#1039 = CARTESIAN_POINT('',(1.274156726483,9.864944443478E-02));
#1040 = CARTESIAN_POINT('',(1.265136369259,0.110524587615));
#1041 = CARTESIAN_POINT('',(1.249027196368,0.132518571011));
#1042 = CARTESIAN_POINT('',(1.241878912952,0.142576855361));
#1043 = CARTESIAN_POINT('',(1.234849075378,0.152747346984));
#1044 = CARTESIAN_POINT('',(1.227929573654,0.16301793154));
#1045 = CARTESIAN_POINT('',(1.221112402141,0.173377802543));
#1046 = CARTESIAN_POINT('',(1.21438962417,0.183817393822));
#1047 = CARTESIAN_POINT('',(1.207753336668,0.194328311984));
#1048 = CARTESIAN_POINT('',(1.195842730532,0.213535367828));
#1049 = CARTESIAN_POINT('',(1.190542272409,0.222210001047));
#1050 = CARTESIAN_POINT('',(1.185290000438,0.230923139277));
#1051 = CARTESIAN_POINT('',(1.180081730953,0.239671111562));
#1052 = CARTESIAN_POINT('',(1.174913337453,0.248450585146));
#1053 = CARTESIAN_POINT('',(1.169780731442,0.257258545374));
#1054 = CARTESIAN_POINT('',(1.164679843287,0.266092275593));
#1055 = CARTESIAN_POINT('',(1.14466098746,0.301041978086));
#1056 = CARTESIAN_POINT('',(1.129957156908,0.327333792587));
#1057 = CARTESIAN_POINT('',(1.115389094866,0.353766174668));
#1058 = CARTESIAN_POINT('',(1.100855104323,0.38029344387));
#1059 = CARTESIAN_POINT('',(1.086253784423,0.40687950472));
#1060 = CARTESIAN_POINT('',(1.071479581365,0.433495042306));
#1061 = CARTESIAN_POINT('',(1.056417913592,0.460115253893));
#1062 = CARTESIAN_POINT('',(1.024539011292,0.514907070674));
#1063 = CARTESIAN_POINT('',(1.007673504784,0.543071430905));
#1064 = CARTESIAN_POINT('',(0.990191017665,0.571183540229));
#1065 = CARTESIAN_POINT('',(0.971924422145,0.599211531671));
#1066 = CARTESIAN_POINT('',(0.952685152245,0.627117233236));
#1067 = CARTESIAN_POINT('',(0.932254178159,0.654852311431));
#1068 = CARTESIAN_POINT('',(0.910370599429,0.682352653366));
#1069 = CARTESIAN_POINT('',(0.87610372517,0.721727223041));
#1070 = CARTESIAN_POINT('',(0.865133724039,0.733858137008));
#1071 = CARTESIAN_POINT('',(0.853779525773,0.745915597947));
#1072 = CARTESIAN_POINT('',(0.842010669695,0.75789038368));
#1073 = CARTESIAN_POINT('',(0.829794425271,0.769772014286));
#1074 = CARTESIAN_POINT('',(0.817095655142,0.781548585124));
#1075 = CARTESIAN_POINT('',(0.80387667816,0.793206599866));
#1076 = CARTESIAN_POINT('',(0.787647918747,0.806779146606));
#1077 = CARTESIAN_POINT('',(0.785180993871,0.808823263765));
#1078 = CARTESIAN_POINT('',(0.782696155823,0.810863049243));
#1079 = CARTESIAN_POINT('',(0.780193109206,0.812898470665));
#1080 = CARTESIAN_POINT('',(0.777671693439,0.814929379412));
#1081 = CARTESIAN_POINT('',(0.775131628743,0.816955722682));
#1082 = CARTESIAN_POINT('',(0.772572699355,0.818977389911));
#1083 = CARTESIAN_POINT('',(0.749336296967,0.837156140071));
#1084 = CARTESIAN_POINT('',(0.727450986729,0.853011948327));
#1085 = CARTESIAN_POINT('',(0.704215789714,0.868512390016));
#1086 = CARTESIAN_POINT('',(0.679498785665,0.883600398545));
#1087 = CARTESIAN_POINT('',(0.653158297029,0.898209550275));
#1088 = CARTESIAN_POINT('',(0.625046267134,0.912263601915));
#1089 = CARTESIAN_POINT('',(0.595015795058,0.925677180361));
#1090 = CARTESIAN_POINT('',(0.562932827202,0.938357624981));
#1091 = ( GEOMETRIC_REPRESENTATION_CONTEXT(2) 
PARAMETRIC_REPRESENTATION_CONTEXT() REPRESENTATION_CONTEXT('2D SPACE',''
  ) );
#1092 = PCURVE('',#1093,#1129);
#1093 = ( BOUNDED_SURFACE() B_SPLINE_SURFACE(2,2,(
    (#1094,#1095,#1096,#1097,#1098)
    ,(#1099,#1100,#1101,#1102,#1103)
    ,(#1104,#1105,#1106,#1107,#1108)
    ,(#1109,#1110,#1111,#1112,#1113)
    ,(#1114,#1115,#1116,#1117,#1118)
    ,(#1119,#1120,#1121,#1122,#1123)
    ,(#1124,#1125,#1126,#1127,#1128
)),.UNSPECIFIED.,.T.,.F.,.F.) B_SPLINE_SURFACE_WITH_KNOTS((1,2,2,2,2,1),
  (3,2,3),(-2.094395102393,0.,2.094395102393,4.188790204786,
    6.28318530718,8.377580409573),(-1.570796326795,0.,1.570796326795),
.UNSPECIFIED.) GEOMETRIC_REPRESENTATION_ITEM() RATIONAL_B_SPLINE_SURFACE
((
    (1.,0.707106781187,1.,0.707106781187,1.)
    ,(0.5,0.353553390593,0.5,0.353553390593,0.5)
    ,(1.,0.707106781187,1.,0.707106781187,1.)
    ,(0.5,0.353553390593,0.5,0.353553390593,0.5)
    ,(1.,0.707106781187,1.,0.707106781187,1.)
    ,(0.5,0.353553390593,0.5,0.353553390593,0.5)
,(1.,0.707106781187,1.,0.707106781187,1.
))) REPRESENTATION_ITEM('') SURFACE() );
#1094 = CARTESIAN_POINT('',(5.81707229595E-16,0.,11.5));
#1095 = CARTESIAN_POINT('',(9.5,0.,11.5));
#1096 = CARTESIAN_POINT('',(9.5,0.,27.));
#1097 = CARTESIAN_POINT('',(9.5,0.,42.5));
#1098 = CARTESIAN_POINT('',(5.81707229595E-16,0.,42.5));
#1099 = CARTESIAN_POINT('',(5.81707229595E-16,3.181725716175E-15,11.5));
#1100 = CARTESIAN_POINT('',(9.5,51.961524227066,11.5));
#1101 = CARTESIAN_POINT('',(9.5,51.961524227066,27.));
#1102 = CARTESIAN_POINT('',(9.5,51.961524227066,42.5));
#1103 = CARTESIAN_POINT('',(5.81707229595E-16,3.181725716175E-15,42.5));
#1104 = CARTESIAN_POINT('',(-2.908536147975E-16,1.590862858087E-15,11.5)
  );
#1105 = CARTESIAN_POINT('',(-4.75,25.980762113533,11.5));
#1106 = CARTESIAN_POINT('',(-4.75,25.980762113533,27.));
#1107 = CARTESIAN_POINT('',(-4.75,25.980762113533,42.5));
#1108 = CARTESIAN_POINT('',(-2.908536147975E-16,1.590862858087E-15,42.5)
  );
#1109 = CARTESIAN_POINT('',(-1.16341445919E-15,4.499279347986E-31,11.5)
  );
#1110 = CARTESIAN_POINT('',(-19.,7.347880794884E-15,11.5));
#1111 = CARTESIAN_POINT('',(-19.,7.347880794884E-15,27.));
#1112 = CARTESIAN_POINT('',(-19.,7.347880794884E-15,42.5));
#1113 = CARTESIAN_POINT('',(-1.16341445919E-15,4.499279347986E-31,42.5)
  );
#1114 = CARTESIAN_POINT('',(-2.908536147975E-16,-1.590862858087E-15,11.5
    ));
#1115 = CARTESIAN_POINT('',(-4.75,-25.98076211353,11.5));
#1116 = CARTESIAN_POINT('',(-4.75,-25.98076211353,27.));
#1117 = CARTESIAN_POINT('',(-4.75,-25.98076211353,42.5));
#1118 = CARTESIAN_POINT('',(-2.908536147975E-16,-1.590862858087E-15,42.5
    ));
#1119 = CARTESIAN_POINT('',(5.81707229595E-16,-3.181725716175E-15,11.5)
  );
#1120 = CARTESIAN_POINT('',(9.5,-51.96152422706,11.5));
#1121 = CARTESIAN_POINT('',(9.5,-51.96152422706,27.));
#1122 = CARTESIAN_POINT('',(9.5,-51.96152422706,42.5));
#1123 = CARTESIAN_POINT('',(5.81707229595E-16,-3.181725716175E-15,42.5)
  );
#1124 = CARTESIAN_POINT('',(5.81707229595E-16,0.,11.5));
#1125 = CARTESIAN_POINT('',(9.5,0.,11.5));
#1126 = CARTESIAN_POINT('',(9.5,0.,27.));
#1127 = CARTESIAN_POINT('',(9.5,0.,42.5));
#1128 = CARTESIAN_POINT('',(5.81707229595E-16,0.,42.5));
#1129 = DEFINITIONAL_REPRESENTATION('',(#1130),#1364);
#1130 = B_SPLINE_CURVE_WITH_KNOTS('',8,(#1131,#1132,#1133,#1134,#1135,
    #1136,#1137,#1138,#1139,#1140,#1141,#1142,#1143,#1144,#1145,#1146,
    #1147,#1148,#1149,#1150,#1151,#1152,#1153,#1154,#1155,#1156,#1157,
    #1158,#1159,#1160,#1161,#1162,#1163,#1164,#1165,#1166,#1167,#1168,
    #1169,#1170,#1171,#1172,#1173,#1174,#1175,#1176,#1177,#1178,#1179,
    #1180,#1181,#1182,#1183,#1184,#1185,#1186,#1187,#1188,#1189,#1190,
    #1191,#1192,#1193,#1194,#1195,#1196,#1197,#1198,#1199,#1200,#1201,
    #1202,#1203,#1204,#1205,#1206,#1207,#1208,#1209,#1210,#1211,#1212,
    #1213,#1214,#1215,#1216,#1217,#1218,#1219,#1220,#1221,#1222,#1223,
    #1224,#1225,#1226,#1227,#1228,#1229,#1230,#1231,#1232,#1233,#1234,
    #1235,#1236,#1237,#1238,#1239,#1240,#1241,#1242,#1243,#1244,#1245,
    #1246,#1247,#1248,#1249,#1250,#1251,#1252,#1253,#1254,#1255,#1256,
    #1257,#1258,#1259,#1260,#1261,#1262,#1263,#1264,#1265,#1266,#1267,
    #1268,#1269,#1270,#1271,#1272,#1273,#1274,#1275,#1276,#1277,#1278,
    #1279,#1280,#1281,#1282,#1283,#1284,#1285,#1286,#1287,#1288,#1289,
    #1290,#1291,#1292,#1293,#1294,#1295,#1296,#1297,#1298,#1299,#1300,
    #1301,#1302,#1303,#1304,#1305,#1306,#1307,#1308,#1309,#1310,#1311,
    #1312,#1313,#1314,#1315,#1316,#1317,#1318,#1319,#1320,#1321,#1322,
    #1323,#1324,#1325,#1326,#1327,#1328,#1329,#1330,#1331,#1332,#1333,
    #1334,#1335,#1336,#1337,#1338,#1339,#1340,#1341,#1342,#1343,#1344,
    #1345,#1346,#1347,#1348,#1349,#1350,#1351,#1352,#1353,#1354,#1355,
    #1356,#1357,#1358,#1359,#1360,#1361,#1362,#1363),.UNSPECIFIED.,.F.,
  .F.,(9,7,7,7,7,7,7,7,7,7,7,7,7,7,7,7,7,7,7,7,7,7,7,7,7,7,7,7,7,7,7,7,7
    ,9),(0.,3.480540726804E-02,4.967715920094E-02,5.692648732997E-02,
    6.046067696927E-02,6.444188615295E-02,0.103586722191,0.191427798945,
    0.197318480368,0.291238898122,0.32329845094,0.361645544664,
    0.387683578461,0.393525978609,0.398003554736,0.410764416384,
    0.413562605348,0.433896580134,0.448213546437,0.479166162603,
    0.51811376684,0.536498304932,0.544506188202,0.550677466747,
    0.561319929081,0.571741745705,0.619196535167,0.65827566329,
    0.690175074704,0.784149797132,0.883727394255,0.928412687741,
    0.936355172453,1.),.UNSPECIFIED.);
#1131 = CARTESIAN_POINT('',(3.010880454932,0.106784356058));
#1132 = CARTESIAN_POINT('',(3.004802628826,0.100998511239));
#1133 = CARTESIAN_POINT('',(2.998773575214,9.491784612456E-02));
#1134 = CARTESIAN_POINT('',(2.992794273052,8.854716037011E-02));
#1135 = CARTESIAN_POINT('',(2.986865270246,8.189125635036E-02));
#1136 = CARTESIAN_POINT('',(2.980986702207,7.495487828435E-02));
#1137 = CARTESIAN_POINT('',(2.975158310409,6.774265135848E-02));
#1138 = CARTESIAN_POINT('',(2.969379460948,6.025902084992E-02));
#1139 = CARTESIAN_POINT('',(2.961200705377,4.919639506275E-02));
#1140 = CARTESIAN_POINT('',(2.958761110635,4.583581381489E-02));
#1141 = CARTESIAN_POINT('',(2.956330300344,4.242677608955E-02));
#1142 = CARTESIAN_POINT('',(2.953908184666,3.896960121079E-02));
#1143 = CARTESIAN_POINT('',(2.951494662452,3.546459924358E-02));
#1144 = CARTESIAN_POINT('',(2.949089621243,3.191207099378E-02));
#1145 = CARTESIAN_POINT('',(2.946692937267,2.831230800815E-02));
#1146 = CARTESIAN_POINT('',(2.943140204847,2.288797841751E-02));
#1147 = CARTESIAN_POINT('',(2.941977888029,2.109920756633E-02));
#1148 = CARTESIAN_POINT('',(2.94081750939,1.92993125977E-02));
#1149 = CARTESIAN_POINT('',(2.939659052749,1.748832547257E-02));
#1150 = CARTESIAN_POINT('',(2.938502501332,1.56662775359E-02));
#1151 = CARTESIAN_POINT('',(2.937347837782,1.383319951666E-02));
#1152 = CARTESIAN_POINT('',(2.936195044152,1.198912152787E-02));
#1153 = CARTESIAN_POINT('',(2.934482994993,9.229700559805E-03));
#1154 = CARTESIAN_POINT('',(2.93392232811,8.3227206427E-03));
#1155 = CARTESIAN_POINT('',(2.933362099113,7.41313672515E-03));
#1156 = CARTESIAN_POINT('',(2.93280230582,6.500952183353E-03));
#1157 = CARTESIAN_POINT('',(2.932242946023,5.586170359806E-03));
#1158 = CARTESIAN_POINT('',(2.931684017483,4.668794563299E-03));
#1159 = CARTESIAN_POINT('',(2.93112551793,3.748828068918E-03));
#1160 = CARTESIAN_POINT('',(2.929938784741,1.787031565576E-03));
#1161 = CARTESIAN_POINT('',(2.929310666103,7.443002925269E-04));
#1162 = CARTESIAN_POINT('',(2.928683085578,-3.016775316113E-04));
#1163 = CARTESIAN_POINT('',(2.928056039353,-1.350470163511E-03));
#1164 = CARTESIAN_POINT('',(2.927429523557,-2.401621730636E-03));
#1165 = CARTESIAN_POINT('',(2.926803534419,-3.454817675863E-03));
#1166 = CARTESIAN_POINT('',(2.92617806844,-4.510050202109E-03));
#1167 = CARTESIAN_POINT('',(2.919408405502,-1.596784136296E-02));
#1168 = CARTESIAN_POINT('',(2.913313970255,-2.658919042893E-02));
#1169 = CARTESIAN_POINT('',(2.907266401335,-3.741950661126E-02));
#1170 = CARTESIAN_POINT('',(2.901261860476,-4.844716011778E-02));
#1171 = CARTESIAN_POINT('',(2.8952960924,-5.966124274045E-02));
#1172 = CARTESIAN_POINT('',(2.889364430591,-7.105159492811E-02));
#1173 = CARTESIAN_POINT('',(2.883461803065,-8.260883285924E-02));
#1174 = CARTESIAN_POINT('',(2.864390106731,-0.120614072592));
#1175 = CARTESIAN_POINT('',(2.851317155237,-0.147698719809));
#1176 = CARTESIAN_POINT('',(2.838300989941,-0.175483326858));
#1177 = CARTESIAN_POINT('',(2.8252694664,-0.203889761629));
#1178 = CARTESIAN_POINT('',(2.812141365753,-0.232855702766));
#1179 = CARTESIAN_POINT('',(2.798823657434,-0.262333612214));
#1180 = CARTESIAN_POINT('',(2.785205848313,-0.29228972777));
#1181 = CARTESIAN_POINT('',(2.770208918753,-0.324742615094));
#1182 = CARTESIAN_POINT('',(2.76926445914,-0.32678420272));
#1183 = CARTESIAN_POINT('',(2.768318001836,-0.328827824222));
#1184 = CARTESIAN_POINT('',(2.76736949642,-0.330873492125));
#1185 = CARTESIAN_POINT('',(2.766418914117,-0.332921171296));
#1186 = CARTESIAN_POINT('',(2.76546620506,-0.334970871258));
#1187 = CARTESIAN_POINT('',(2.764511321778,-0.337022595106));
#1188 = CARTESIAN_POINT('',(2.748294363521,-0.371820842702));
#1189 = CARTESIAN_POINT('',(2.732474691291,-0.405070074693));
#1190 = CARTESIAN_POINT('',(2.715914339082,-0.438806417934));
#1191 = CARTESIAN_POINT('',(2.698401793034,-0.473017693605));
#1192 = CARTESIAN_POINT('',(2.679670768094,-0.507693337817));
#1193 = CARTESIAN_POINT('',(2.659385692203,-0.542822824336));
#1194 = CARTESIAN_POINT('',(2.637095383159,-0.578390213921));
#1195 = CARTESIAN_POINT('',(2.603585983411,-0.626636501701));
#1196 = CARTESIAN_POINT('',(2.594745618572,-0.638959952131));
#1197 = CARTESIAN_POINT('',(2.58556528028,-0.651327164025));
#1198 = CARTESIAN_POINT('',(2.576015141046,-0.663735645522));
#1199 = CARTESIAN_POINT('',(2.566061881047,-0.676182161641));
#1200 = CARTESIAN_POINT('',(2.555667897408,-0.688662574448));
#1201 = CARTESIAN_POINT('',(2.544790513506,-0.701171683212));
#1202 = CARTESIAN_POINT('',(2.519734258513,-0.728692108808));
#1203 = CARTESIAN_POINT('',(2.505327033718,-0.743712384932));
#1204 = CARTESIAN_POINT('',(2.490075230208,-0.75875304218));
#1205 = CARTESIAN_POINT('',(2.473883887882,-0.773799949919));
#1206 = CARTESIAN_POINT('',(2.456643592359,-0.788834659417));
#1207 = CARTESIAN_POINT('',(2.438226697138,-0.803833365605));
#1208 = CARTESIAN_POINT('',(2.418483545764,-0.818765868846));
#1209 = CARTESIAN_POINT('',(2.382813241764,-0.843663340286));
#1210 = CARTESIAN_POINT('',(2.367695853482,-0.853683833567));
#1211 = CARTESIAN_POINT('',(2.351831762997,-0.863644061493));
#1212 = CARTESIAN_POINT('',(2.335160838283,-0.87353003663));
#1213 = CARTESIAN_POINT('',(2.317617213319,-0.88332554483));
#1214 = CARTESIAN_POINT('',(2.299128919965,-0.893011950894));
#1215 = CARTESIAN_POINT('',(2.279617519846,-0.902568004239));
#1216 = CARTESIAN_POINT('',(2.254371080172,-0.914079179607));
#1217 = CARTESIAN_POINT('',(2.249688640142,-0.916180933708));
#1218 = CARTESIAN_POINT('',(2.244949459492,-0.918274633392));
#1219 = CARTESIAN_POINT('',(2.240152567181,-0.920359997722));
#1220 = CARTESIAN_POINT('',(2.235296977782,-0.922436738295));
#1221 = CARTESIAN_POINT('',(2.230381691477,-0.924504559241));
#1222 = CARTESIAN_POINT('',(2.22540569406,-0.926563157226));
#1223 = CARTESIAN_POINT('',(2.216507069136,-0.930182610471));
#1224 = CARTESIAN_POINT('',(2.212660166543,-0.931726960815));
#1225 = CARTESIAN_POINT('',(2.208802655713,-0.933255879355));
#1226 = CARTESIAN_POINT('',(2.204924319282,-0.934773366886));
#1227 = CARTESIAN_POINT('',(2.201030583129,-0.936277035286));
#1228 = CARTESIAN_POINT('',(2.197143783533,-0.937758324672));
#1229 = CARTESIAN_POINT('',(2.193304434335,-0.939202720571));
#1230 = CARTESIAN_POINT('',(2.178936656377,-0.944543563644));
#1231 = CARTESIAN_POINT('',(2.168040266784,-0.94845409859));
#1232 = CARTESIAN_POINT('',(2.156874964774,-0.952318952081));
#1233 = CARTESIAN_POINT('',(2.145432263341,-0.956135370244));
#1234 = CARTESIAN_POINT('',(2.133703510859,-0.95990049685));
#1235 = CARTESIAN_POINT('',(2.121679946145,-0.963611372227));
#1236 = CARTESIAN_POINT('',(2.109352772681,-0.967264932269));
#1237 = CARTESIAN_POINT('',(2.093941580221,-0.971645928669));
#1238 = CARTESIAN_POINT('',(2.09108855682,-0.972449562106));
#1239 = CARTESIAN_POINT('',(2.088184364017,-0.973262590121));
#1240 = CARTESIAN_POINT('',(2.0852548918,-0.974078175742));
#1241 = CARTESIAN_POINT('',(2.082324446796,-0.974889036864));
#1242 = CARTESIAN_POINT('',(2.079418535232,-0.975687491507));
#1243 = CARTESIAN_POINT('',(2.076566645904,-0.976465503066));
#1244 = CARTESIAN_POINT('',(2.053736851504,-0.982659201171));
#1245 = CARTESIAN_POINT('',(2.03332590624,-0.98795065275));
#1246 = CARTESIAN_POINT('',(2.012579000362,-0.993077121139));
#1247 = CARTESIAN_POINT('',(1.9915056313,-0.99802608138));
#1248 = CARTESIAN_POINT('',(1.970118217376,-1.00278460998));
#1249 = CARTESIAN_POINT('',(1.948432324283,-1.007339552167));
#1250 = CARTESIAN_POINT('',(1.926466891561,-1.011677689135));
#1251 = CARTESIAN_POINT('',(1.888597846927,-1.018678462862));
#1252 = CARTESIAN_POINT('',(1.872823754978,-1.021457099204));
#1253 = CARTESIAN_POINT('',(1.856930072837,-1.024117154679));
#1254 = CARTESIAN_POINT('',(1.840925470575,-1.026654110806));
#1255 = CARTESIAN_POINT('',(1.82481939874,-1.029063590268));
#1256 = CARTESIAN_POINT('',(1.808622088345,-1.03134135692));
#1257 = CARTESIAN_POINT('',(1.792344550881,-1.033483315782));
#1258 = CARTESIAN_POINT('',(1.740659344816,-1.039814170528));
#1259 = CARTESIAN_POINT('',(1.704998536544,-1.043490178863));
#1260 = CARTESIAN_POINT('',(1.66913567741,-1.046473750593));
#1261 = CARTESIAN_POINT('',(1.633204855056,-1.048731620638));
#1262 = CARTESIAN_POINT('',(1.59734877799,-1.050238533068));
#1263 = CARTESIAN_POINT('',(1.561712832721,-1.050978727876));
#1264 = CARTESIAN_POINT('',(1.526439140904,-1.050947427755));
#1265 = CARTESIAN_POINT('',(1.447898880847,-1.049151848775));
#1266 = CARTESIAN_POINT('',(1.404913605815,-1.046941678524));
#1267 = CARTESIAN_POINT('',(1.362973055354,-1.043534765289));
#1268 = CARTESIAN_POINT('',(1.32230647512,-1.038973958937));
#1269 = CARTESIAN_POINT('',(1.283089221741,-1.033326064413));
#1270 = CARTESIAN_POINT('',(1.24543791586,-1.026675219644));
#1271 = CARTESIAN_POINT('',(1.209415618925,-1.019115594955));
#1272 = CARTESIAN_POINT('',(1.158823941821,-1.006791471842));
#1273 = CARTESIAN_POINT('',(1.142968179423,-1.002658226982));
#1274 = CARTESIAN_POINT('',(1.12748171813,-0.998353679255));
#1275 = CARTESIAN_POINT('',(1.112364307422,-0.993887844315));
#1276 = CARTESIAN_POINT('',(1.097613776379,-0.989270649211));
#1277 = CARTESIAN_POINT('',(1.083226335389,-0.984511827961));
#1278 = CARTESIAN_POINT('',(1.069196877857,-0.979620817116));
#1279 = CARTESIAN_POINT('',(1.049561634724,-0.972422595679));
#1280 = CARTESIAN_POINT('',(1.043670742259,-0.970215172636));
#1281 = CARTESIAN_POINT('',(1.037846086792,-0.967985131043));
#1282 = CARTESIAN_POINT('',(1.032087120221,-0.965733204781));
#1283 = CARTESIAN_POINT('',(1.026393264066,-0.963460112773));
#1284 = CARTESIAN_POINT('',(1.020763909472,-0.961166558981));
#1285 = CARTESIAN_POINT('',(1.015198417205,-0.958853232406));
#1286 = CARTESIAN_POINT('',(1.005455768244,-0.954723322558));
#1287 = CARTESIAN_POINT('',(1.001252952204,-0.952914494795));
#1288 = CARTESIAN_POINT('',(0.997087364722,-0.951094631892));
#1289 = CARTESIAN_POINT('',(0.992958694603,-0.949264036099));
#1290 = CARTESIAN_POINT('',(0.988866624281,-0.947423003826));
#1291 = CARTESIAN_POINT('',(0.984810829817,-0.94557182564));
#1292 = CARTESIAN_POINT('',(0.980790980897,-0.943710786267));
#1293 = CARTESIAN_POINT('',(0.969935859139,-0.938614249476));
#1294 = CARTESIAN_POINT('',(0.963170878777,-0.935359836833));
#1295 = CARTESIAN_POINT('',(0.956510043655,-0.93207833823));
#1296 = CARTESIAN_POINT('',(0.949951650487,-0.928771156867));
#1297 = CARTESIAN_POINT('',(0.943493845251,-0.925439586964));
#1298 = CARTESIAN_POINT('',(0.93713486408,-0.922084921448));
#1299 = CARTESIAN_POINT('',(0.930872860308,-0.91870836834));
#1300 = CARTESIAN_POINT('',(0.918667017675,-0.911984261286));
#1301 = CARTESIAN_POINT('',(0.912719280077,-0.908637559208));
#1302 = CARTESIAN_POINT('',(0.906861071222,-0.905272085468));
#1303 = CARTESIAN_POINT('',(0.901090671174,-0.901888889635));
#1304 = CARTESIAN_POINT('',(0.895406367691,-0.898488976862));
#1305 = CARTESIAN_POINT('',(0.889806456222,-0.895073307885));
#1306 = CARTESIAN_POINT('',(0.884289239913,-0.891642799026));
#1307 = CARTESIAN_POINT('',(0.854099742814,-0.87251421174));
#1308 = CARTESIAN_POINT('',(0.831028042337,-0.856541703342));
#1309 = CARTESIAN_POINT('',(0.809475951527,-0.84036183061));
#1310 = CARTESIAN_POINT('',(0.789293092386,-0.824038910328));
#1311 = CARTESIAN_POINT('',(0.77034296965,-0.807623556236));
#1312 = CARTESIAN_POINT('',(0.752503586239,-0.791155179766));
#1313 = CARTESIAN_POINT('',(0.735666390053,-0.774663977696));
#1314 = CARTESIAN_POINT('',(0.706612823516,-0.744591560191));
#1315 = CARTESIAN_POINT('',(0.694106207646,-0.73101132341));
#1316 = CARTESIAN_POINT('',(0.682159586269,-0.717444565019));
#1317 = CARTESIAN_POINT('',(0.670724698789,-0.703901640074));
#1318 = CARTESIAN_POINT('',(0.6597584404,-0.690390734253));
#1319 = CARTESIAN_POINT('',(0.649222160224,-0.676918208036));
#1320 = CARTESIAN_POINT('',(0.639080959441,-0.663488940882));
#1321 = CARTESIAN_POINT('',(0.621321452903,-0.639183033758));
#1322 = CARTESIAN_POINT('',(0.613582077408,-0.628290868815));
#1323 = CARTESIAN_POINT('',(0.606067665102,-0.617432250145));
#1324 = CARTESIAN_POINT('',(0.598762510522,-0.606608869697));
#1325 = CARTESIAN_POINT('',(0.591652237221,-0.595822088906));
#1326 = CARTESIAN_POINT('',(0.584723634411,-0.585072985786));
#1327 = CARTESIAN_POINT('',(0.5779644936,-0.57436240203));
#1328 = CARTESIAN_POINT('',(0.551916952002,-0.532253326236));
#1329 = CARTESIAN_POINT('',(0.533844775564,-0.501159624518));
#1330 = CARTESIAN_POINT('',(0.516854614715,-0.470421502557));
#1331 = CARTESIAN_POINT('',(0.500724345307,-0.44004608835));
#1332 = CARTESIAN_POINT('',(0.485277403738,-0.410039877188));
#1333 = CARTESIAN_POINT('',(0.470365604117,-0.380411455118));
#1334 = CARTESIAN_POINT('',(0.455859389135,-0.351173088971));
#1335 = CARTESIAN_POINT('',(0.426584193495,-0.291790287477));
#1336 = CARTESIAN_POINT('',(0.411853541831,-0.26170127872));
#1337 = CARTESIAN_POINT('',(0.397318676949,-0.232095308164));
#1338 = CARTESIAN_POINT('',(0.382865616653,-0.203006635317));
#1339 = CARTESIAN_POINT('',(0.368393991389,-0.174483628087));
#1340 = CARTESIAN_POINT('',(0.35381221903,-0.146589788834));
#1341 = CARTESIAN_POINT('',(0.339035142244,-0.119404806101));
#1342 = CARTESIAN_POINT('',(0.3172300092,-8.118801824212E-02));
#1343 = CARTESIAN_POINT('',(0.310420975732,-6.951313444602E-02));
#1344 = CARTESIAN_POINT('',(0.303550049412,-5.800992225327E-02));
#1345 = CARTESIAN_POINT('',(0.296610574892,-4.668817444095E-02));
#1346 = CARTESIAN_POINT('',(0.289596239842,-3.555850428627E-02));
#1347 = CARTESIAN_POINT('',(0.282501094653,-2.463231491078E-02));
#1348 = CARTESIAN_POINT('',(0.275319572146,-1.39217686246E-02));
#1349 = CARTESIAN_POINT('',(0.266753773089,-1.576655094157E-03));
#1350 = CARTESIAN_POINT('',(0.265458145937,2.778597008697E-04));
#1351 = CARTESIAN_POINT('',(0.264159609633,2.133725607409E-03));
#1352 = CARTESIAN_POINT('',(0.262858100729,3.962503128075E-03));
#1353 = CARTESIAN_POINT('',(0.261553628566,5.794424229066E-03));
#1354 = CARTESIAN_POINT('',(0.260246141324,7.609272583775E-03));
#1355 = CARTESIAN_POINT('',(0.258935622835,9.415840968808E-03));
#1356 = CARTESIAN_POINT('',(0.247096056731,2.560283441063E-02));
#1357 = CARTESIAN_POINT('',(0.236373535128,3.932875238313E-02));
#1358 = CARTESIAN_POINT('',(0.225440939815,5.237539959603E-02));
#1359 = CARTESIAN_POINT('',(0.214286830022,6.472621557796E-02));
#1360 = CARTESIAN_POINT('',(0.202902212722,7.636266879608E-02));
#1361 = CARTESIAN_POINT('',(0.191280954869,8.726485371775E-02));
#1362 = CARTESIAN_POINT('',(0.179420258812,9.74122088882E-02));
#1363 = CARTESIAN_POINT('',(0.167321200881,0.106784356024));
#1364 = ( GEOMETRIC_REPRESENTATION_CONTEXT(2) 
PARAMETRIC_REPRESENTATION_CONTEXT() REPRESENTATION_CONTEXT('2D SPACE',''
  ) );
#1365 = ADVANCED_FACE('',(#1366,#1981),#409,.T.);
#1366 = FACE_BOUND('',#1367,.T.);
#1367 = EDGE_LOOP('',(#1368,#1980));
#1368 = ORIENTED_EDGE('',*,*,#1369,.F.);
#1369 = EDGE_CURVE('',#24,#22,#1370,.T.);
#1370 = SURFACE_CURVE('',#1371,(#1572,#1776),.PCURVE_S1.);
#1371 = B_SPLINE_CURVE_WITH_KNOTS('',7,(#1372,#1373,#1374,#1375,#1376,
    #1377,#1378,#1379,#1380,#1381,#1382,#1383,#1384,#1385,#1386,#1387,
    #1388,#1389,#1390,#1391,#1392,#1393,#1394,#1395,#1396,#1397,#1398,
    #1399,#1400,#1401,#1402,#1403,#1404,#1405,#1406,#1407,#1408,#1409,
    #1410,#1411,#1412,#1413,#1414,#1415,#1416,#1417,#1418,#1419,#1420,
    #1421,#1422,#1423,#1424,#1425,#1426,#1427,#1428,#1429,#1430,#1431,
    #1432,#1433,#1434,#1435,#1436,#1437,#1438,#1439,#1440,#1441,#1442,
    #1443,#1444,#1445,#1446,#1447,#1448,#1449,#1450,#1451,#1452,#1453,
    #1454,#1455,#1456,#1457,#1458,#1459,#1460,#1461,#1462,#1463,#1464,
    #1465,#1466,#1467,#1468,#1469,#1470,#1471,#1472,#1473,#1474,#1475,
    #1476,#1477,#1478,#1479,#1480,#1481,#1482,#1483,#1484,#1485,#1486,
    #1487,#1488,#1489,#1490,#1491,#1492,#1493,#1494,#1495,#1496,#1497,
    #1498,#1499,#1500,#1501,#1502,#1503,#1504,#1505,#1506,#1507,#1508,
    #1509,#1510,#1511,#1512,#1513,#1514,#1515,#1516,#1517,#1518,#1519,
    #1520,#1521,#1522,#1523,#1524,#1525,#1526,#1527,#1528,#1529,#1530,
    #1531,#1532,#1533,#1534,#1535,#1536,#1537,#1538,#1539,#1540,#1541,
    #1542,#1543,#1544,#1545,#1546,#1547,#1548,#1549,#1550,#1551,#1552,
    #1553,#1554,#1555,#1556,#1557,#1558,#1559,#1560,#1561,#1562,#1563,
    #1564,#1565,#1566,#1567,#1568,#1569,#1570,#1571),.UNSPECIFIED.,.F.,
  .F.,(8,6,6,6,6,6,6,6,6,6,6,6,6,6,6,6,6,6,6,6,6,6,6,6,6,6,6,6,6,6,6,6,6
    ,8),(0.,7.300355628691E-02,0.114922259749,0.199176125588,
    0.26865094965,0.289292788794,0.301128788981,0.307043511839,
    0.309845544997,0.312958303156,0.341059800789,0.373057396448,
    0.41067967481,0.439404472809,0.455111896686,0.489078925096,
    0.534001467596,0.555354357637,0.5574149277,0.599473608962,
    0.634223830256,0.664697444543,0.677965194224,0.684583178872,
    0.687707839478,0.691144248054,0.714899527426,0.735019186134,
    0.750880758031,0.756950870164,0.800649934711,0.881472149074,
    0.922909130096,1.),.UNSPECIFIED.);
#1372 = CARTESIAN_POINT('',(9.393159471407,3.844946401921,
    28.194609194942));
#1373 = CARTESIAN_POINT('',(9.369566357213,4.252671840083,
    28.338139888806));
#1374 = CARTESIAN_POINT('',(9.342287538814,4.654225540148,
    28.499215561837));
#1375 = CARTESIAN_POINT('',(9.311035313083,5.048634739793,
    28.677388909235));
#1376 = CARTESIAN_POINT('',(9.27547720122,5.434983197055,28.872121921034
    ));
#1377 = CARTESIAN_POINT('',(9.235242602611,5.812410397354,29.08279438257
    ));
#1378 = CARTESIAN_POINT('',(9.189930906862,6.180112417232,
    29.308707369333));
#1379 = CARTESIAN_POINT('',(9.109946009498,6.742467375722,
    29.687104899957));
#1380 = CARTESIAN_POINT('',(9.078957909194,6.94414017184,29.829897366448
    ));
#1381 = CARTESIAN_POINT('',(9.046076832695,7.142222820154,
    29.977312465093));
#1382 = CARTESIAN_POINT('',(9.011220369906,7.33658292274,30.12919597343)
  );
#1383 = CARTESIAN_POINT('',(8.97430408039,7.527095762504,30.285386181466
    ));
#1384 = CARTESIAN_POINT('',(8.935241942709,7.713644368904,
    30.445713956024));
#1385 = CARTESIAN_POINT('',(8.810946262008,8.262882889681,
    30.940212699637));
#1386 = CARTESIAN_POINT('',(8.718923247269,8.61319703403,31.286430632682
    ));
#1387 = CARTESIAN_POINT('',(8.617171540175,8.946165835648,
    31.647216067364));
#1388 = CARTESIAN_POINT('',(8.504964142241,9.261039108779,
    32.021017723724));
#1389 = CARTESIAN_POINT('',(8.381564670996,9.557212573911,32.40617790103
    ));
#1390 = CARTESIAN_POINT('',(8.246234943374,9.834236593966,
    32.800928051486));
#1391 = CARTESIAN_POINT('',(7.976202689108,10.304245545278,
    33.535229493831));
#1392 = CARTESIAN_POINT('',(7.845553492607,10.503449107353,
    33.872318765741));
#1393 = CARTESIAN_POINT('',(7.705876780742,10.689291463159,
    34.213586810736));
#1394 = CARTESIAN_POINT('',(7.556756578327,10.861700492013,
    34.557923318993));
#1395 = CARTESIAN_POINT('',(7.3977762508,11.020691417846,34.904161589201
    ));
#1396 = CARTESIAN_POINT('',(7.228514377038,11.16637565983,
    35.251072322428));
#1397 = CARTESIAN_POINT('',(6.995061597646,11.338368066218,
    35.700238489983));
#1398 = CARTESIAN_POINT('',(6.940641741342,11.376608659969,
    35.803067209941));
#1399 = CARTESIAN_POINT('',(6.885264658377,11.413699470106,
    35.905805835301));
#1400 = CARTESIAN_POINT('',(6.828918938912,11.449647016966,
    36.008419429623));
#1401 = CARTESIAN_POINT('',(6.771593092258,11.4844586795,36.110872346429
    ));
#1402 = CARTESIAN_POINT('',(6.713275546872,11.518142695266,
    36.213128229202));
#1403 = CARTESIAN_POINT('',(6.619940135598,11.569381150237,
    36.373649151155));
#1404 = CARTESIAN_POINT('',(6.585595735048,11.587686380363,
    36.432071305328));
#1405 = CARTESIAN_POINT('',(6.550919251355,11.605625569291,
    36.490409477119));
#1406 = CARTESIAN_POINT('',(6.515908478423,11.623200535441,
    36.54865657501));
#1407 = CARTESIAN_POINT('',(6.480561201411,11.640413197173,
    36.606805412752));
#1408 = CARTESIAN_POINT('',(6.444875196739,11.657265572789,
    36.664848709372));
#1409 = CARTESIAN_POINT('',(6.390844725157,11.682002317368,
    36.751728238885));
#1410 = CARTESIAN_POINT('',(6.372756072834,11.690155411582,
    36.78064918966));
#1411 = CARTESIAN_POINT('',(6.354581996592,11.698219327718,
    36.809541020457));
#1412 = CARTESIAN_POINT('',(6.336322217449,11.706194336831,
    36.838402803551));
#1413 = CARTESIAN_POINT('',(6.317976455965,11.714080716487,
    36.867233604527));
#1414 = CARTESIAN_POINT('',(6.29954443224,11.721878750765,
    36.896032482277));
#1415 = CARTESIAN_POINT('',(6.272252904247,11.733241245967,
    36.938426059832));
#1416 = CARTESIAN_POINT('',(6.263460212433,11.736874127728,
    36.952046731144));
#1417 = CARTESIAN_POINT('',(6.25464771511,11.74048742191,36.965660468226
    ));
#1418 = CARTESIAN_POINT('',(6.245815335766,11.744081174852,
    36.979267236545));
#1419 = CARTESIAN_POINT('',(6.23696299674,11.747655432864,
    36.992867001753));
#1420 = CARTESIAN_POINT('',(6.228090619221,11.751210242224,
    37.006459729679));
#1421 = CARTESIAN_POINT('',(6.209319514452,11.758673106935,
    37.035137593041));
#1422 = CARTESIAN_POINT('',(6.199411090925,11.76257860333,
    37.050228692232));
#1423 = CARTESIAN_POINT('',(6.189479301489,11.766459532004,
    37.065308531523));
#1424 = CARTESIAN_POINT('',(6.179526365153,11.770315105806,
    37.080373607921));
#1425 = CARTESIAN_POINT('',(6.169549958111,11.774146326319,
    37.095427336374));
#1426 = CARTESIAN_POINT('',(6.159543083459,11.777955882638,
    37.110480033458));
#1427 = CARTESIAN_POINT('',(6.05877367343,11.815982440578,
    37.261585443066));
#1428 = CARTESIAN_POINT('',(5.966052138471,11.848254695642,
    37.39677427575));
#1429 = CARTESIAN_POINT('',(5.871298410586,11.878598766678,
    37.53100962446));
#1430 = CARTESIAN_POINT('',(5.774481727512,11.907052033601,
    37.664181294677));
#1431 = CARTESIAN_POINT('',(5.675571591273,11.933655554716,
    37.796174243176));
#1432 = CARTESIAN_POINT('',(5.574537686582,11.958454387271,
    37.926868434033));
#1433 = CARTESIAN_POINT('',(5.353855552532,12.007736269693,
    38.203331473576));
#1434 = CARTESIAN_POINT('',(5.23357012287,12.031698550141,
    38.348676253247));
#1435 = CARTESIAN_POINT('',(5.11044806163,12.05345778308,38.491989474748
    ));
#1436 = CARTESIAN_POINT('',(4.98444712122,12.073093639112,38.63307478431
    ));
#1437 = CARTESIAN_POINT('',(4.855528606156,12.090693084092,
    38.771723210706));
#1438 = CARTESIAN_POINT('',(4.723657724129,12.1063510375,38.907713342671
    ));
#1439 = CARTESIAN_POINT('',(4.430244938804,12.136420365347,
    39.197306269722));
#1440 = CARTESIAN_POINT('',(4.267568252075,12.150128361459,
    39.349796727636));
#1441 = CARTESIAN_POINT('',(4.100721432487,12.161462763726,
    39.497907817673));
#1442 = CARTESIAN_POINT('',(3.929674013,12.170607441435,39.641224420242)
  );
#1443 = CARTESIAN_POINT('',(3.754422371725,12.177761822708,
    39.779297807288));
#1444 = CARTESIAN_POINT('',(3.574994599715,12.183140328617,
    39.911652091035));
#1445 = CARTESIAN_POINT('',(3.251322246474,12.189897160475,
    40.134098111733));
#1446 = CARTESIAN_POINT('',(3.1087968734,12.191920524212,40.226779116577
    ));
#1447 = CARTESIAN_POINT('',(2.963912230377,12.193142902878,
    40.315611242215));
#1448 = CARTESIAN_POINT('',(2.81672092917,12.193670151297,
    40.400360753104));
#1449 = CARTESIAN_POINT('',(2.667297580856,12.193610862515,
    40.480788549148));
#1450 = CARTESIAN_POINT('',(2.515741164224,12.193074255549,
    40.556656091662));
#1451 = CARTESIAN_POINT('',(2.278204959317,12.191672534927,
    40.666597012057));
#1452 = CARTESIAN_POINT('',(2.193632609104,12.191066470109,
    40.70402959872));
#1453 = CARTESIAN_POINT('',(2.108481389915,12.190367425285,
    40.739991022472));
#1454 = CARTESIAN_POINT('',(2.022774657211,12.189592769928,40.7744439658
    ));
#1455 = CARTESIAN_POINT('',(1.93653813762,12.188759501055,
    40.807352260758));
#1456 = CARTESIAN_POINT('',(1.849799991027,12.187884057885,
    40.838681289188));
#1457 = CARTESIAN_POINT('',(1.574002685058,12.185031747316,
    40.932661076565));
#1458 = CARTESIAN_POINT('',(1.383194142168,12.182957360634,
    40.989392012936));
#1459 = CARTESIAN_POINT('',(1.190499932296,12.180917800228,
    41.038249334358));
#1460 = CARTESIAN_POINT('',(0.99627716855,12.179055605478,
    41.078952777427));
#1461 = CARTESIAN_POINT('',(0.800899144526,12.177486107511,
    41.111290003723));
#1462 = CARTESIAN_POINT('',(0.60475563504,12.176290261269,
    41.135122845003));
#1463 = CARTESIAN_POINT('',(0.148387285438,12.174480942997,
    41.170589370915));
#1464 = CARTESIAN_POINT('',(-0.112160672465,12.174179481334,
    41.175813883703));
#1465 = CARTESIAN_POINT('',(-0.372425309478,12.174707569129,
    41.16592089665));
#1466 = CARTESIAN_POINT('',(-0.631580842437,12.176049831624,
    41.141032432359));
#1467 = CARTESIAN_POINT('',(-0.888888036022,12.178070487395,
    41.101446547083));
#1468 = CARTESIAN_POINT('',(-1.143623331374,12.180532736966,
    41.04763080302));
#1469 = CARTESIAN_POINT('',(-1.514608023282,12.18436504678,
    40.948189010535));
#1470 = CARTESIAN_POINT('',(-1.633403207546,12.185630442129,
    40.913077853124));
#1471 = CARTESIAN_POINT('',(-1.751398535904,12.186893717091,
    40.874960496022));
#1472 = CARTESIAN_POINT('',(-1.868529508368,12.188118561948,
    40.833909974114));
#1473 = CARTESIAN_POINT('',(-1.984736636933,12.189265942201,
    40.790004927754));
#1474 = CARTESIAN_POINT('',(-2.099965283401,12.190294877037,
    40.743328567477));
#1475 = CARTESIAN_POINT('',(-2.225185904338,12.191247013327,
    40.689204271697));
#1476 = CARTESIAN_POINT('',(-2.236196545369,12.191329312159,
    40.684415991839));
#1477 = CARTESIAN_POINT('',(-2.247198437488,12.191410083945,
    40.679602407023));
#1478 = CARTESIAN_POINT('',(-2.258192180616,12.19148929501,
    40.674763305471));
#1479 = CARTESIAN_POINT('',(-2.269177957414,12.191566908344,
    40.669898655746));
#1480 = CARTESIAN_POINT('',(-2.280155533272,12.191642883599,
    40.665008606755));
#1481 = CARTESIAN_POINT('',(-2.515008915573,12.193233595493,
    40.559770073506));
#1482 = CARTESIAN_POINT('',(-2.735317323602,12.194050232997,
    40.448954291409));
#1483 = CARTESIAN_POINT('',(-2.951442761447,12.193834164147,
    40.328328402023));
#1484 = CARTESIAN_POINT('',(-3.162956397262,12.192235181836,
    40.198652334421));
#1485 = CARTESIAN_POINT('',(-3.369578297541,12.188912786585,
    40.060692196296));
#1486 = CARTESIAN_POINT('',(-3.571151804221,12.183548908207,
    39.915170245106));
#1487 = CARTESIAN_POINT('',(-3.929950610748,12.169482269204,
    39.636790559163));
#1488 = CARTESIAN_POINT('',(-4.088786489008,12.161522166224,
    39.506133170656));
#1489 = CARTESIAN_POINT('',(-4.244096420041,12.151798232667,
    39.371133541165));
#1490 = CARTESIAN_POINT('',(-4.39587238465,12.140154758384,
    39.232143348156));
#1491 = CARTESIAN_POINT('',(-4.544127325963,12.126447733455,
    39.089493298338));
#1492 = CARTESIAN_POINT('',(-4.688891638554,12.110544440311,
    38.943489865871));
#1493 = CARTESIAN_POINT('',(-4.954136085735,12.076344104572,
    38.663680763788));
#1494 = CARTESIAN_POINT('',(-5.075408978598,12.058582865172,
    38.530588849017));
#1495 = CARTESIAN_POINT('',(-5.194056807487,12.038957134985,
    38.39532684045));
#1496 = CARTESIAN_POINT('',(-5.310111046965,12.017391602401,
    38.258075758345));
#1497 = CARTESIAN_POINT('',(-5.423605900244,11.993817281,38.11900706729)
  );
#1498 = CARTESIAN_POINT('',(-5.5345780246,11.968170953672,
    37.978282654448));
#1499 = CARTESIAN_POINT('',(-5.690300388396,11.928301220726,
    37.774130959558));
#1500 = CARTESIAN_POINT('',(-5.737063524751,11.91580409056,
    37.711922317766));
#1501 = CARTESIAN_POINT('',(-5.783358783888,11.902898469372,
    37.649441569632));
#1502 = CARTESIAN_POINT('',(-5.829189303023,11.889579792045,
    37.586701152508));
#1503 = CARTESIAN_POINT('',(-5.874558238542,11.875843685215,
    37.523713253898));
#1504 = CARTESIAN_POINT('',(-5.919468766009,11.861685967274,
    37.460489811463));
#1505 = CARTESIAN_POINT('',(-5.986098495088,11.839828454698,
    37.365394851791));
#1506 = CARTESIAN_POINT('',(-6.008159649492,11.832448369435,
    37.333691497473));
#1507 = CARTESIAN_POINT('',(-6.030107938785,11.824961896904,
    37.301933902558));
#1508 = CARTESIAN_POINT('',(-6.051943758599,11.817368552653,
    37.270123506223));
#1509 = CARTESIAN_POINT('',(-6.073667504784,11.809667863449,
    37.238261734322));
#1510 = CARTESIAN_POINT('',(-6.095279573406,11.801859367278,
    37.206349999391));
#1511 = CARTESIAN_POINT('',(-6.126931889769,11.790204742912,
    37.159299746264));
#1512 = CARTESIAN_POINT('',(-6.137050061043,11.786445887999,
    37.144211676534));
#1513 = CARTESIAN_POINT('',(-6.147128460488,11.782668477811,
    37.129135377954));
#1514 = CARTESIAN_POINT('',(-6.157165453956,11.778873314763,
    37.114073819358));
#1515 = CARTESIAN_POINT('',(-6.16716439712,11.775059332933,
    37.099022500507));
#1516 = CARTESIAN_POINT('',(-6.177133515191,11.771223482262,
    37.08396940638));
#1517 = CARTESIAN_POINT('',(-6.198030296377,11.763112608126,
    37.052317598236));
#1518 = CARTESIAN_POINT('',(-6.208944774852,11.758835671353,
    37.035729036272));
#1519 = CARTESIAN_POINT('',(-6.21982903843,11.754529843882,
    37.019129842644));
#1520 = CARTESIAN_POINT('',(-6.230683234996,11.750195041321,
    37.002520079131));
#1521 = CARTESIAN_POINT('',(-6.241507509792,11.745831179209,
    36.985899807915));
#1522 = CARTESIAN_POINT('',(-6.252302005408,11.741438173015,
    36.969269091583));
#1523 = CARTESIAN_POINT('',(-6.337482393332,11.706445817464,
    36.837591048544));
#1524 = CARTESIAN_POINT('',(-6.410508576781,11.674467805817,
    36.722016268885));
#1525 = CARTESIAN_POINT('',(-6.482163290384,11.641063117263,
    36.605964658589));
#1526 = CARTESIAN_POINT('',(-6.552464294966,11.606214578707,
    36.489495674238));
#1527 = CARTESIAN_POINT('',(-6.621429233934,11.569906629906,
    36.372667224558));
#1528 = CARTESIAN_POINT('',(-6.689075633274,11.532125323462,
    36.25553567042));
#1529 = CARTESIAN_POINT('',(-6.811612375189,11.459600933965,
    36.038740347745));
#1530 = CARTESIAN_POINT('',(-6.866870486418,11.425277783384,
    35.93914687179));
#1531 = CARTESIAN_POINT('',(-6.921205798676,11.389881363473,
    35.839408758106));
#1532 = CARTESIAN_POINT('',(-6.974628811405,11.353404917736,
    35.739558768335));
#1533 = CARTESIAN_POINT('',(-7.027149960053,11.315842442796,
    35.639629064628));
#1534 = CARTESIAN_POINT('',(-7.078779616073,11.277188688388,
    35.539651209648));
#1535 = CARTESIAN_POINT('',(-7.169536246642,11.206102142488,
    35.360823886739));
#1536 = CARTESIAN_POINT('',(-7.208996737098,11.174084079384,
    35.281980947808));
#1537 = CARTESIAN_POINT('',(-7.247914609183,11.141382759284,
    35.203142535407));
#1538 = CARTESIAN_POINT('',(-7.286294894942,11.107996244501,
    35.124323643566));
#1539 = CARTESIAN_POINT('',(-7.324142607573,11.07392286843,
    35.045539074712));
#1540 = CARTESIAN_POINT('',(-7.361462741429,11.039161235545,
    34.966803439666));
#1541 = CARTESIAN_POINT('',(-7.412342428458,10.990143367342,
    34.858023828008));
#1542 = CARTESIAN_POINT('',(-7.426348056045,10.976475541821,
    34.827925759173));
#1543 = CARTESIAN_POINT('',(-7.440277340463,10.962706775038,
    34.797837962628));
#1544 = CARTESIAN_POINT('',(-7.454130913015,10.948836660145,
    34.767760481072));
#1545 = CARTESIAN_POINT('',(-7.467908673098,10.93486551299,
    34.737694928465));
#1546 = CARTESIAN_POINT('',(-7.48161112745,10.920793061699,
    34.707641608974));
#1547 = CARTESIAN_POINT('',(-7.593342476963,10.804581956908,
    34.461341017902));
#1548 = CARTESIAN_POINT('',(-7.687554509029,10.697295551758,
    34.245763244398));
#1549 = CARTESIAN_POINT('',(-7.777977958821,10.584744136935,
    34.031163898071));
#1550 = CARTESIAN_POINT('',(-7.864715544297,10.466926434625,
    33.817829171493));
#1551 = CARTESIAN_POINT('',(-7.947869527748,10.343855142612,
    33.606036211989));
#1552 = CARTESIAN_POINT('',(-8.027541930761,10.215556199623,
    33.396053616781));
#1553 = CARTESIAN_POINT('',(-8.244939703922,9.835179292289,
    32.803605479935));
#1554 = CARTESIAN_POINT('',(-8.374484931159,9.570538131194,
    32.426150431526));
#1555 = CARTESIAN_POINT('',(-8.493113204383,9.288390940127,
    32.057430008948));
#1556 = CARTESIAN_POINT('',(-8.601469395173,8.989127699429,
    31.698993249312));
#1557 = CARTESIAN_POINT('',(-8.700197190119,8.673267854813,31.3522954586
    ));
#1558 = CARTESIAN_POINT('',(-8.789932984098,8.341452662941,
    31.018702034834));
#1559 = CARTESIAN_POINT('',(-8.913011683069,7.816535135997,
    30.535825663968));
#1560 = CARTESIAN_POINT('',(-8.952526224635,7.634630971633,
    30.375943266976));
#1561 = CARTESIAN_POINT('',(-8.989924282063,7.448833237904,
    30.220009265993));
#1562 = CARTESIAN_POINT('',(-9.025288610398,7.259250855136,
    30.068187389502));
#1563 = CARTESIAN_POINT('',(-9.058700586879,7.065999822181,
    29.920634294582));
#1564 = CARTESIAN_POINT('',(-9.090239785572,6.869203080785,
    29.777499567392));
#1565 = CARTESIAN_POINT('',(-9.175319939228,6.296507373386,
    29.38111789364));
#1566 = CARTESIAN_POINT('',(-9.224442881078,5.91219461906,
    29.139091853362));
#1567 = CARTESIAN_POINT('',(-9.267848912351,5.516894614895,
    28.91377128222));
#1568 = CARTESIAN_POINT('',(-9.306011076674,5.111517516986,
    28.705981131086));
#1569 = CARTESIAN_POINT('',(-9.339366249414,4.697035684262,
    28.516451745033));
#1570 = CARTESIAN_POINT('',(-9.368304353968,4.274481204536,
    28.345817391653));
#1571 = CARTESIAN_POINT('',(-9.393159471407,3.844946401921,
    28.194609194942));
#1572 = PCURVE('',#409,#1573);
#1573 = DEFINITIONAL_REPRESENTATION('',(#1574),#1775);
#1574 = B_SPLINE_CURVE_WITH_KNOTS('',7,(#1575,#1576,#1577,#1578,#1579,
    #1580,#1581,#1582,#1583,#1584,#1585,#1586,#1587,#1588,#1589,#1590,
    #1591,#1592,#1593,#1594,#1595,#1596,#1597,#1598,#1599,#1600,#1601,
    #1602,#1603,#1604,#1605,#1606,#1607,#1608,#1609,#1610,#1611,#1612,
    #1613,#1614,#1615,#1616,#1617,#1618,#1619,#1620,#1621,#1622,#1623,
    #1624,#1625,#1626,#1627,#1628,#1629,#1630,#1631,#1632,#1633,#1634,
    #1635,#1636,#1637,#1638,#1639,#1640,#1641,#1642,#1643,#1644,#1645,
    #1646,#1647,#1648,#1649,#1650,#1651,#1652,#1653,#1654,#1655,#1656,
    #1657,#1658,#1659,#1660,#1661,#1662,#1663,#1664,#1665,#1666,#1667,
    #1668,#1669,#1670,#1671,#1672,#1673,#1674,#1675,#1676,#1677,#1678,
    #1679,#1680,#1681,#1682,#1683,#1684,#1685,#1686,#1687,#1688,#1689,
    #1690,#1691,#1692,#1693,#1694,#1695,#1696,#1697,#1698,#1699,#1700,
    #1701,#1702,#1703,#1704,#1705,#1706,#1707,#1708,#1709,#1710,#1711,
    #1712,#1713,#1714,#1715,#1716,#1717,#1718,#1719,#1720,#1721,#1722,
    #1723,#1724,#1725,#1726,#1727,#1728,#1729,#1730,#1731,#1732,#1733,
    #1734,#1735,#1736,#1737,#1738,#1739,#1740,#1741,#1742,#1743,#1744,
    #1745,#1746,#1747,#1748,#1749,#1750,#1751,#1752,#1753,#1754,#1755,
    #1756,#1757,#1758,#1759,#1760,#1761,#1762,#1763,#1764,#1765,#1766,
    #1767,#1768,#1769,#1770,#1771,#1772,#1773,#1774),.UNSPECIFIED.,.F.,
  .F.,(8,6,6,6,6,6,6,6,6,6,6,6,6,6,6,6,6,6,6,6,6,6,6,6,6,6,6,6,6,6,6,6,6
    ,8),(0.,7.300355628691E-02,0.114922259749,0.199176125588,
    0.26865094965,0.289292788794,0.301128788981,0.307043511839,
    0.309845544997,0.312958303156,0.341059800789,0.373057396448,
    0.41067967481,0.439404472809,0.455111896686,0.489078925096,
    0.534001467596,0.555354357637,0.5574149277,0.599473608962,
    0.634223830256,0.664697444543,0.677965194224,0.684583178872,
    0.687707839478,0.691144248054,0.714899527426,0.735019186134,
    0.750880758031,0.756950870164,0.800649934711,0.881472149074,
    0.922909130096,1.),.UNSPECIFIED.);
#1575 = CARTESIAN_POINT('',(0.48575228202,-0.808349830598));
#1576 = CARTESIAN_POINT('',(0.527791110969,-0.792309033271));
#1577 = CARTESIAN_POINT('',(0.566976303721,-0.774643522394));
#1578 = CARTESIAN_POINT('',(0.603450940113,-0.75551513382));
#1579 = CARTESIAN_POINT('',(0.637414439183,-0.735082648754));
#1580 = CARTESIAN_POINT('',(0.669084446105,-0.713489192704));
#1581 = CARTESIAN_POINT('',(0.69867493994,-0.690857926817));
#1582 = CARTESIAN_POINT('',(0.742304895846,-0.653766771516));
#1583 = CARTESIAN_POINT('',(0.757601187937,-0.639930531396));
#1584 = CARTESIAN_POINT('',(0.772318288245,-0.625807495757));
#1585 = CARTESIAN_POINT('',(0.786493854497,-0.611415870219));
#1586 = CARTESIAN_POINT('',(0.800164145675,-0.596772063387));
#1587 = CARTESIAN_POINT('',(0.813363815305,-0.581890868743));
#1588 = CARTESIAN_POINT('',(0.851776271963,-0.536425132966));
#1589 = CARTESIAN_POINT('',(0.875658767027,-0.505159051451));
#1590 = CARTESIAN_POINT('',(0.898039942387,-0.473096712867));
#1591 = CARTESIAN_POINT('',(0.9191596841,-0.44032344209));
#1592 = CARTESIAN_POINT('',(0.939232936084,-0.406907862477));
#1593 = CARTESIAN_POINT('',(0.958454625463,-0.372909629775));
#1594 = CARTESIAN_POINT('',(0.992306161552,-0.309921136776));
#1595 = CARTESIAN_POINT('',(1.007150082985,-0.28109838886));
#1596 = CARTESIAN_POINT('',(1.02164194284,-0.251951979732));
#1597 = CARTESIAN_POINT('',(1.035878582169,-0.222513991914));
#1598 = CARTESIAN_POINT('',(1.049953587664,-0.192818778751));
#1599 = CARTESIAN_POINT('',(1.063959900637,-0.162906784394));
#1600 = CARTESIAN_POINT('',(1.082161813754,-0.123893016614));
#1601 = CARTESIAN_POINT('',(1.086333401251,-0.114942079355));
#1602 = CARTESIAN_POINT('',(1.09050978326,-0.105977918657));
#1603 = CARTESIAN_POINT('',(1.094693461191,-9.700199259169E-02));
#1604 = CARTESIAN_POINT('',(1.098886957941,-8.80158742948E-02));
#1605 = CARTESIAN_POINT('',(1.103092817891,-7.902125196666E-02));
#1606 = CARTESIAN_POINT('',(1.109733801122,-6.485858345689E-02));
#1607 = CARTESIAN_POINT('',(1.112158904578,-5.969503867907E-02));
#1608 = CARTESIAN_POINT('',(1.114589401786,-5.452963689607E-02));
#1609 = CARTESIAN_POINT('',(1.117025780748,-4.936273762E-02));
#1610 = CARTESIAN_POINT('',(1.119468532962,-4.419471751802E-02));
#1611 = CARTESIAN_POINT('',(1.121918153423,-3.902597041231E-02));
#1612 = CARTESIAN_POINT('',(1.125602953911,-3.127380696108E-02));
#1613 = CARTESIAN_POINT('',(1.126832606869,-2.869062793127E-02));
#1614 = CARTESIAN_POINT('',(1.12806416173,-2.610742162384E-02));
#1615 = CARTESIAN_POINT('',(1.129297680979,-2.352424073492E-02));
#1616 = CARTESIAN_POINT('',(1.130533227349,-2.094113922352E-02));
#1617 = CARTESIAN_POINT('',(1.131770863823,-1.835817231157E-02));
#1618 = CARTESIAN_POINT('',(1.133597990055,-1.455183560324E-02));
#1619 = CARTESIAN_POINT('',(1.134185830337,-1.332827472231E-02));
#1620 = CARTESIAN_POINT('',(1.134774184149,-1.21047138412E-02));
#1621 = CARTESIAN_POINT('',(1.135363061227,-1.088115296002E-02));
#1622 = CARTESIAN_POINT('',(1.135952471375,-9.657592078887E-03));
#1623 = CARTESIAN_POINT('',(1.136542424463,-8.434031197928E-03));
#1624 = CARTESIAN_POINT('',(1.137788919183,-5.851225476367E-03));
#1625 = CARTESIAN_POINT('',(1.138445921395,-4.490969233874E-03));
#1626 = CARTESIAN_POINT('',(1.139103513388,-3.132019032645E-03));
#1627 = CARTESIAN_POINT('',(1.139761556337,-1.772720155195E-03));
#1628 = CARTESIAN_POINT('',(1.140420212523,-4.127169029331E-04));
#1629 = CARTESIAN_POINT('',(1.141079949711,9.465492191435E-04));
#1630 = CARTESIAN_POINT('',(1.147714210789,1.458005700135E-02));
#1631 = CARTESIAN_POINT('',(1.153743326773,2.671241067296E-02));
#1632 = CARTESIAN_POINT('',(1.159835859131,3.869941603201E-02));
#1633 = CARTESIAN_POINT('',(1.165998901293,5.053681404095E-02));
#1634 = CARTESIAN_POINT('',(1.17223967929,6.221980416427E-02));
#1635 = CARTESIAN_POINT('',(1.178565568467,7.374300261306E-02));
#1636 = CARTESIAN_POINT('',(1.192292542834,9.80324312212E-02));
#1637 = CARTESIAN_POINT('',(1.199721011543,0.110749336993));
#1638 = CARTESIAN_POINT('',(1.207280683549,0.12324235214));
#1639 = CARTESIAN_POINT('',(1.21498283468,0.135501295713));
#1640 = CARTESIAN_POINT('',(1.222838790548,0.147514524083));
#1641 = CARTESIAN_POINT('',(1.230859867739,0.159268883431));
#1642 = CARTESIAN_POINT('',(1.248695746783,0.184248584529));
#1643 = CARTESIAN_POINT('',(1.258577649974,0.197368747892));
#1644 = CARTESIAN_POINT('',(1.268721371337,0.210086658872));
#1645 = CARTESIAN_POINT('',(1.279144390952,0.222374386222));
#1646 = CARTESIAN_POINT('',(1.289862537557,0.23420000249));
#1647 = CARTESIAN_POINT('',(1.300889203883,0.245528025589));
#1648 = CARTESIAN_POINT('',(1.320896799745,0.264559480294));
#1649 = CARTESIAN_POINT('',(1.329744527824,0.272486272885));
#1650 = CARTESIAN_POINT('',(1.338781966445,0.280082959396));
#1651 = CARTESIAN_POINT('',(1.348011748042,0.28733083041));
#1652 = CARTESIAN_POINT('',(1.357434518009,0.294210284615));
#1653 = CARTESIAN_POINT('',(1.367048535449,0.300701367571));
#1654 = CARTESIAN_POINT('',(1.382208558031,0.310110612825));
#1655 = CARTESIAN_POINT('',(1.387623654252,0.313314865368));
#1656 = CARTESIAN_POINT('',(1.393093791433,0.316393827506));
#1657 = CARTESIAN_POINT('',(1.398617952329,0.319344291555));
#1658 = CARTESIAN_POINT('',(1.4041948606,0.322163121995));
#1659 = CARTESIAN_POINT('',(1.409822967792,0.324847294716));
#1660 = CARTESIAN_POINT('',(1.427777875034,0.332901003904));
#1661 = CARTESIAN_POINT('',(1.44028732601,0.337765459087));
#1662 = CARTESIAN_POINT('',(1.453008688463,0.341957269769));
#1663 = CARTESIAN_POINT('',(1.465917672414,0.345451307722));
#1664 = CARTESIAN_POINT('',(1.478986129076,0.348228241141));
#1665 = CARTESIAN_POINT('',(1.492182387946,0.350275331838));
#1666 = CARTESIAN_POINT('',(1.52304704259,0.353322043704));
#1667 = CARTESIAN_POINT('',(1.540789069915,0.353771271309));
#1668 = CARTESIAN_POINT('',(1.558616953995,0.352921160458));
#1669 = CARTESIAN_POINT('',(1.57645392299,0.350782204057));
#1670 = CARTESIAN_POINT('',(1.594228074716,0.347381690479));
#1671 = CARTESIAN_POINT('',(1.611871429209,0.342762260659));
#1672 = CARTESIAN_POINT('',(1.637616594151,0.334233291855));
#1673 = CARTESIAN_POINT('',(1.645868394349,0.331222706277));
#1674 = CARTESIAN_POINT('',(1.654071053682,0.327955363256));
#1675 = CARTESIAN_POINT('',(1.662218923342,0.324437743677));
#1676 = CARTESIAN_POINT('',(1.670306973307,0.320676765736));
#1677 = CARTESIAN_POINT('',(1.678330801455,0.316679671452));
#1678 = CARTESIAN_POINT('',(1.687054387392,0.312046124291));
#1679 = CARTESIAN_POINT('',(1.687821485791,0.311636213448));
#1680 = CARTESIAN_POINT('',(1.688588008499,0.311224147098));
#1681 = CARTESIAN_POINT('',(1.689353997084,0.310809907131));
#1682 = CARTESIAN_POINT('',(1.690119464076,0.310393490869));
#1683 = CARTESIAN_POINT('',(1.690884392959,0.309974911066));
#1684 = CARTESIAN_POINT('',(1.70724993142,0.300966900019));
#1685 = CARTESIAN_POINT('',(1.722615768848,0.291485886196));
#1686 = CARTESIAN_POINT('',(1.737702673673,0.281169545035));
#1687 = CARTESIAN_POINT('',(1.752483994154,0.270081426134));
#1688 = CARTESIAN_POINT('',(1.766947596514,0.258283586417));
#1689 = CARTESIAN_POINT('',(1.781093289674,0.245832170414));
#1690 = CARTESIAN_POINT('',(1.806362479943,0.22198715649));
#1691 = CARTESIAN_POINT('',(1.817583357576,0.210786306432));
#1692 = CARTESIAN_POINT('',(1.828597775895,0.199200013117));
#1693 = CARTESIAN_POINT('',(1.839413490515,0.187253182291));
#1694 = CARTESIAN_POINT('',(1.85004047096,0.174968094473));
#1695 = CARTESIAN_POINT('',(1.860490420133,0.162364214802));
#1696 = CARTESIAN_POINT('',(1.879796315376,0.13814012027));
#1697 = CARTESIAN_POINT('',(1.888689925239,0.126590053133));
#1698 = CARTESIAN_POINT('',(1.89746578834,0.114819110131));
#1699 = CARTESIAN_POINT('',(1.906132944354,0.10283740963));
#1700 = CARTESIAN_POINT('',(1.914700753606,9.065392568796E-02));
#1701 = CARTESIAN_POINT('',(1.923178843014,7.827653404355E-02));
#1702 = CARTESIAN_POINT('',(1.935233504918,6.024167578018E-02));
#1703 = CARTESIAN_POINT('',(1.938874804776,5.473584738541E-02));
#1704 = CARTESIAN_POINT('',(1.942501757722,4.919514559898E-02));
#1705 = CARTESIAN_POINT('',(1.946115173561,4.362011460807E-02));
#1706 = CARTESIAN_POINT('',(1.949715865786,3.801127012375E-02));
#1707 = CARTESIAN_POINT('',(1.953304651575,3.236909938102E-02));
#1708 = CARTESIAN_POINT('',(1.958666917052,2.386333875776E-02));
#1709 = CARTESIAN_POINT('',(1.960448724048,2.102443919194E-02));
#1710 = CARTESIAN_POINT('',(1.962227874572,1.817741962872E-02));
#1711 = CARTESIAN_POINT('',(1.964004470579,1.532233577738E-02));
#1712 = CARTESIAN_POINT('',(1.965778614192,1.245924186916E-02));
#1713 = CARTESIAN_POINT('',(1.967550407696,9.588190657243E-03));
#1714 = CARTESIAN_POINT('',(1.970155439048,5.349942824104E-03));
#1715 = CARTESIAN_POINT('',(1.970989719756,3.989619795373E-03));
#1716 = CARTESIAN_POINT('',(1.971822270521,2.63106154556E-03));
#1717 = CARTESIAN_POINT('',(1.972652953411,1.271533038151E-03));
#1718 = CARTESIAN_POINT('',(1.973482042491,-8.892297251891E-05));
#1719 = CARTESIAN_POINT('',(1.974310221456,-1.447555032463E-03));
#1720 = CARTESIAN_POINT('',(1.976049529662,-4.30281451086E-03));
#1721 = CARTESIAN_POINT('',(1.976959893272,-5.798277809842E-03));
#1722 = CARTESIAN_POINT('',(1.977869666505,-7.293741109329E-03));
#1723 = CARTESIAN_POINT('',(1.978778870806,-8.789204408935E-03));
#1724 = CARTESIAN_POINT('',(1.979687527498,-1.028466770832E-02));
#1725 = CARTESIAN_POINT('',(1.980595657777,-1.178013100721E-02));
#1726 = CARTESIAN_POINT('',(1.987777531983,-2.361346527145E-02));
#1727 = CARTESIAN_POINT('',(1.994029915256,-3.395507012259E-02));
#1728 = CARTESIAN_POINT('',(2.000265118391,-4.429677185523E-02));
#1729 = CARTESIAN_POINT('',(2.006487861287,-5.463521432182E-02));
#1730 = CARTESIAN_POINT('',(2.01270289788,-6.496732223083E-02));
#1731 = CARTESIAN_POINT('',(2.018915016151,-7.529030114675E-02));
#1732 = CARTESIAN_POINT('',(2.030392036686,-9.433487799626E-02));
#1733 = CARTESIAN_POINT('',(2.035656405171,-0.103059743053));
#1734 = CARTESIAN_POINT('',(2.040925072201,-0.111774692469));
#1735 = CARTESIAN_POINT('',(2.046200998963,-0.120478278888));
#1736 = CARTESIAN_POINT('',(2.051487179218,-0.129169147788));
#1737 = CARTESIAN_POINT('',(2.056786639289,-0.137846037483));
#1738 = CARTESIAN_POINT('',(2.066293211176,-0.153336366011));
#1739 = CARTESIAN_POINT('',(2.070494141852,-0.160155532089));
#1740 = CARTESIAN_POINT('',(2.074706729786,-0.166964700961));
#1741 = CARTESIAN_POINT('',(2.078932494368,-0.173763319827));
#1742 = CARTESIAN_POINT('',(2.083172974696,-0.180550859479));
#1743 = CARTESIAN_POINT('',(2.087429729571,-0.1873268143));
#1744 = CARTESIAN_POINT('',(2.09334019993,-0.196679194674));
#1745 = CARTESIAN_POINT('',(2.094978179156,-0.199265921173));
#1746 = CARTESIAN_POINT('',(2.096623753212,-0.201850837129));
#1747 = CARTESIAN_POINT('',(2.098256859346,-0.204433981207));
#1748 = CARTESIAN_POINT('',(2.0998990602,-0.207015257111));
#1749 = CARTESIAN_POINT('',(2.101537420566,-0.209594681159));
#1750 = CARTESIAN_POINT('',(2.114976395257,-0.230728004228));
#1751 = CARTESIAN_POINT('',(2.126778265157,-0.249185834428));
#1752 = CARTESIAN_POINT('',(2.138611925144,-0.267536147412));
#1753 = CARTESIAN_POINT('',(2.15050623731,-0.285770256047));
#1754 = CARTESIAN_POINT('',(2.162489378575,-0.303880005451));
#1755 = CARTESIAN_POINT('',(2.174589099829,-0.321857436129));
#1756 = CARTESIAN_POINT('',(2.209478273466,-0.372684323181));
#1757 = CARTESIAN_POINT('',(2.232616805364,-0.405194088791));
#1758 = CARTESIAN_POINT('',(2.256422822936,-0.437172148147));
#1759 = CARTESIAN_POINT('',(2.281067943939,-0.468566201728));
#1760 = CARTESIAN_POINT('',(2.306726157566,-0.499316706396));
#1761 = CARTESIAN_POINT('',(2.333573361486,-0.529350686158));
#1762 = CARTESIAN_POINT('',(2.376243523635,-0.573559451935));
#1763 = CARTESIAN_POINT('',(2.391063456889,-0.588330553075));
#1764 = CARTESIAN_POINT('',(2.406264394654,-0.602876844009));
#1765 = CARTESIAN_POINT('',(2.421869394476,-0.617184688302));
#1766 = CARTESIAN_POINT('',(2.437900954403,-0.631238985295));
#1767 = CARTESIAN_POINT('',(2.454380550736,-0.645022989331));
#1768 = CARTESIAN_POINT('',(2.502858155225,-0.683624978684));
#1769 = CARTESIAN_POINT('',(2.536008644813,-0.707732510551));
#1770 = CARTESIAN_POINT('',(2.570906966758,-0.730720325529));
#1771 = CARTESIAN_POINT('',(2.607663239838,-0.752448996511));
#1772 = CARTESIAN_POINT('',(2.646352179662,-0.772754128318));
#1773 = CARTESIAN_POINT('',(2.686987498867,-0.791451005878));
#1774 = CARTESIAN_POINT('',(2.729488907291,-0.808349830598));
#1775 = ( GEOMETRIC_REPRESENTATION_CONTEXT(2) 
PARAMETRIC_REPRESENTATION_CONTEXT() REPRESENTATION_CONTEXT('2D SPACE',''
  ) );
#1776 = PCURVE('',#1093,#1777);
#1777 = DEFINITIONAL_REPRESENTATION('',(#1778),#1979);
#1778 = B_SPLINE_CURVE_WITH_KNOTS('',7,(#1779,#1780,#1781,#1782,#1783,
    #1784,#1785,#1786,#1787,#1788,#1789,#1790,#1791,#1792,#1793,#1794,
    #1795,#1796,#1797,#1798,#1799,#1800,#1801,#1802,#1803,#1804,#1805,
    #1806,#1807,#1808,#1809,#1810,#1811,#1812,#1813,#1814,#1815,#1816,
    #1817,#1818,#1819,#1820,#1821,#1822,#1823,#1824,#1825,#1826,#1827,
    #1828,#1829,#1830,#1831,#1832,#1833,#1834,#1835,#1836,#1837,#1838,
    #1839,#1840,#1841,#1842,#1843,#1844,#1845,#1846,#1847,#1848,#1849,
    #1850,#1851,#1852,#1853,#1854,#1855,#1856,#1857,#1858,#1859,#1860,
    #1861,#1862,#1863,#1864,#1865,#1866,#1867,#1868,#1869,#1870,#1871,
    #1872,#1873,#1874,#1875,#1876,#1877,#1878,#1879,#1880,#1881,#1882,
    #1883,#1884,#1885,#1886,#1887,#1888,#1889,#1890,#1891,#1892,#1893,
    #1894,#1895,#1896,#1897,#1898,#1899,#1900,#1901,#1902,#1903,#1904,
    #1905,#1906,#1907,#1908,#1909,#1910,#1911,#1912,#1913,#1914,#1915,
    #1916,#1917,#1918,#1919,#1920,#1921,#1922,#1923,#1924,#1925,#1926,
    #1927,#1928,#1929,#1930,#1931,#1932,#1933,#1934,#1935,#1936,#1937,
    #1938,#1939,#1940,#1941,#1942,#1943,#1944,#1945,#1946,#1947,#1948,
    #1949,#1950,#1951,#1952,#1953,#1954,#1955,#1956,#1957,#1958,#1959,
    #1960,#1961,#1962,#1963,#1964,#1965,#1966,#1967,#1968,#1969,#1970,
    #1971,#1972,#1973,#1974,#1975,#1976,#1977,#1978),.UNSPECIFIED.,.F.,
  .F.,(8,6,6,6,6,6,6,6,6,6,6,6,6,6,6,6,6,6,6,6,6,6,6,6,6,6,6,6,6,6,6,6,6
    ,8),(0.,7.300355628691E-02,0.114922259749,0.199176125588,
    0.26865094965,0.289292788794,0.301128788981,0.307043511839,
    0.309845544997,0.312958303156,0.341059800789,0.373057396448,
    0.41067967481,0.439404472809,0.455111896686,0.489078925096,
    0.534001467596,0.555354357637,0.5574149277,0.599473608962,
    0.634223830256,0.664697444543,0.677965194224,0.684583178872,
    0.687707839478,0.691144248054,0.714899527426,0.735019186134,
    0.750880758031,0.756950870164,0.800649934711,0.881472149074,
    0.922909130096,1.),.UNSPECIFIED.);
#1779 = CARTESIAN_POINT('',(0.150479447669,8.43835438479E-02));
#1780 = CARTESIAN_POINT('',(0.166097054789,9.439236092775E-02));
#1781 = CARTESIAN_POINT('',(0.181441687941,0.105592925318));
#1782 = CARTESIAN_POINT('',(0.196506674243,0.117942417225));
#1783 = CARTESIAN_POINT('',(0.211292110424,0.131392171393));
#1784 = CARTESIAN_POINT('',(0.225804767994,0.145890306789));
#1785 = CARTESIAN_POINT('',(0.240057960485,0.161383754378));
#1786 = CARTESIAN_POINT('',(0.262117885878,0.187257207038));
#1787 = CARTESIAN_POINT('',(0.270085415574,0.197005562087));
#1788 = CARTESIAN_POINT('',(0.277977736271,0.207054794597));
#1789 = CARTESIAN_POINT('',(0.285799359074,0.217395063223));
#1790 = CARTESIAN_POINT('',(0.293555543145,0.228016711598));
#1791 = CARTESIAN_POINT('',(0.301252307084,0.238910341106));
#1792 = CARTESIAN_POINT('',(0.324260650593,0.272490808111));
#1793 = CARTESIAN_POINT('',(0.339412547118,0.295977256189));
#1794 = CARTESIAN_POINT('',(0.354406808391,0.320452042913));
#1795 = CARTESIAN_POINT('',(0.369311964701,0.345846823835));
#1796 = CARTESIAN_POINT('',(0.384210572721,0.372100953791));
#1797 = CARTESIAN_POINT('',(0.399203371494,0.399161604508));
#1798 = CARTESIAN_POINT('',(0.42696275911,0.449922653806));
#1799 = CARTESIAN_POINT('',(0.439658640634,0.473379950491));
#1800 = CARTESIAN_POINT('',(0.45257639098,0.497328223144));
#1801 = CARTESIAN_POINT('',(0.465800373421,0.521744691964));
#1802 = CARTESIAN_POINT('',(0.47943047725,0.546609355512));
#1803 = CARTESIAN_POINT('',(0.493589485074,0.571903696134));
#1804 = CARTESIAN_POINT('',(0.512846200751,0.605245511997));
#1805 = CARTESIAN_POINT('',(0.517317722017,0.612918875023));
#1806 = CARTESIAN_POINT('',(0.521853978255,0.620627921297));
#1807 = CARTESIAN_POINT('',(0.526459393833,0.628372114435));
#1808 = CARTESIAN_POINT('',(0.531138721112,0.636150890085));
#1809 = CARTESIAN_POINT('',(0.535897040453,0.643963655927));
#1810 = CARTESIAN_POINT('',(0.543516568594,0.656308754359));
#1811 = CARTESIAN_POINT('',(0.546321134392,0.660818685833));
#1812 = CARTESIAN_POINT('',(0.54915448246,0.665339467622));
#1813 = CARTESIAN_POINT('',(0.552017684262,0.669870974653));
#1814 = CARTESIAN_POINT('',(0.554911857868,0.674413075245));
#1815 = CARTESIAN_POINT('',(0.557838167957,0.678965631116));
#1816 = CARTESIAN_POINT('',(0.562276835249,0.685808667105));
#1817 = CARTESIAN_POINT('',(0.563764172839,0.6880914114));
#1818 = CARTESIAN_POINT('',(0.565259990086,0.690376712056));
#1819 = CARTESIAN_POINT('',(0.566764441877,0.69266455029));
#1820 = CARTESIAN_POINT('',(0.568277686479,0.694954906734));
#1821 = CARTESIAN_POINT('',(0.569799885542,0.697247761437));
#1822 = CARTESIAN_POINT('',(0.572056648969,0.700630481684));
#1823 = CARTESIAN_POINT('',(0.57278416596,0.701718463685));
#1824 = CARTESIAN_POINT('',(0.573513776447,0.702807043099));
#1825 = CARTESIAN_POINT('',(0.574245502105,0.703896223199));
#1826 = CARTESIAN_POINT('',(0.574979364909,0.704986007306));
#1827 = CARTESIAN_POINT('',(0.575715387132,0.706076398788));
#1828 = CARTESIAN_POINT('',(0.577273657005,0.708379387507));
#1829 = CARTESIAN_POINT('',(0.578096829406,0.709592739561));
#1830 = CARTESIAN_POINT('',(0.578922596214,0.71080665303));
#1831 = CARTESIAN_POINT('',(0.579750794079,0.712020851849));
#1832 = CARTESIAN_POINT('',(0.580581637126,0.713235616152));
#1833 = CARTESIAN_POINT('',(0.581415731027,0.7144517877));
#1834 = CARTESIAN_POINT('',(0.589822490802,0.726675379312));
#1835 = CARTESIAN_POINT('',(0.597617888867,0.73773434632));
#1836 = CARTESIAN_POINT('',(0.605659842701,0.748845138409));
#1837 = CARTESIAN_POINT('',(0.613969860281,0.760004800999));
#1838 = CARTESIAN_POINT('',(0.622571822444,0.771209785884));
#1839 = CARTESIAN_POINT('',(0.631492423618,0.782455796891));
#1840 = CARTESIAN_POINT('',(0.651315916938,0.80658363101));
#1841 = CARTESIAN_POINT('',(0.662322035605,0.819475928647));
#1842 = CARTESIAN_POINT('',(0.673824339879,0.832406854441));
#1843 = CARTESIAN_POINT('',(0.685872421172,0.845366955258));
#1844 = CARTESIAN_POINT('',(0.698522238801,0.858344336988));
#1845 = CARTESIAN_POINT('',(0.711837267804,0.871324002691));
#1846 = CARTESIAN_POINT('',(0.742412216688,0.899529106877));
#1847 = CARTESIAN_POINT('',(0.759953820832,0.914747668644));
#1848 = CARTESIAN_POINT('',(0.778630913706,0.92991240845));
#1849 = CARTESIAN_POINT('',(0.798577363696,0.944984309266));
#1850 = CARTESIAN_POINT('',(0.819943513878,0.959912944089));
#1851 = CARTESIAN_POINT('',(0.842895242845,0.974633615403));
#1852 = CARTESIAN_POINT('',(0.886485176442,1.000082543223));
#1853 = CARTESIAN_POINT('',(0.906386293799,1.010931214927));
#1854 = CARTESIAN_POINT('',(0.927394234298,1.021574034825));
#1855 = CARTESIAN_POINT('',(0.949591754939,1.031967599732));
#1856 = CARTESIAN_POINT('',(0.973060447386,1.042061677889));
#1857 = CARTESIAN_POINT('',(0.997874672329,1.05179930866));
#1858 = CARTESIAN_POINT('',(1.038433681973,1.066211990842));
#1859 = CARTESIAN_POINT('',(1.053192326275,1.071181483636));
#1860 = CARTESIAN_POINT('',(1.068381103579,1.076015035865));
#1861 = CARTESIAN_POINT('',(1.084008314915,1.080701755402));
#1862 = CARTESIAN_POINT('',(1.100080297169,1.085230353104));
#1863 = CARTESIAN_POINT('',(1.116600834728,1.089589293191));
#1864 = CARTESIAN_POINT('',(1.170267328252,1.102801039351));
#1865 = CARTESIAN_POINT('',(1.209068401523,1.110988167035));
#1866 = CARTESIAN_POINT('',(1.249974539972,1.118209839284));
#1867 = CARTESIAN_POINT('',(1.292926685144,1.124347346042));
#1868 = CARTESIAN_POINT('',(1.337768761895,1.129294729427));
#1869 = CARTESIAN_POINT('',(1.3842401415,1.132971996065));
#1870 = CARTESIAN_POINT('',(1.495158863447,1.138468436818));
#1871 = CARTESIAN_POINT('',(1.560584233992,1.139306274433));
#1872 = CARTESIAN_POINT('',(1.627485231646,1.137755527477));
#1873 = CARTESIAN_POINT('',(1.694872958198,1.133835077118));
#1874 = CARTESIAN_POINT('',(1.761707676887,1.12770600985));
#1875 = CARTESIAN_POINT('',(1.827178017613,1.119599726444));
#1876 = CARTESIAN_POINT('',(1.920868559436,1.105102748631));
#1877 = CARTESIAN_POINT('',(1.950612780887,1.100043027971));
#1878 = CARTESIAN_POINT('',(1.97985239398,1.094621678554));
#1879 = CARTESIAN_POINT('',(2.008537224301,1.088866896559));
#1880 = CARTESIAN_POINT('',(2.036629117194,1.082806880026));
#1881 = CARTESIAN_POINT('',(2.06410090425,1.076469030806));
#1882 = CARTESIAN_POINT('',(2.09352491605,1.069243228653));
#1883 = CARTESIAN_POINT('',(2.096109478896,1.068604965542));
#1884 = CARTESIAN_POINT('',(2.098683654571,1.067964328092));
#1885 = CARTESIAN_POINT('',(2.101244113913,1.067321301162));
#1886 = CARTESIAN_POINT('',(2.103789602366,1.066675893559));
#1887 = CARTESIAN_POINT('',(2.10632093998,1.066028138037));
#1888 = CARTESIAN_POINT('',(2.160278875193,1.052109865591));
#1889 = CARTESIAN_POINT('',(2.206394518715,1.037880561489));
#1890 = CARTESIAN_POINT('',(2.247815532465,1.022889723466));
#1891 = CARTESIAN_POINT('',(2.285170591588,1.00731622322));
#1892 = CARTESIAN_POINT('',(2.319017523568,0.99130657366));
#1893 = CARTESIAN_POINT('',(2.349822375032,0.97497373403));
#1894 = CARTESIAN_POINT('',(2.401262052734,0.944717952455));
#1895 = CARTESIAN_POINT('',(2.422732358692,0.930870140037));
#1896 = CARTESIAN_POINT('',(2.442626824656,0.916912734147));
#1897 = CARTESIAN_POINT('',(2.46113630375,0.90288537396));
#1898 = CARTESIAN_POINT('',(2.478421798021,0.888819242391));
#1899 = CARTESIAN_POINT('',(2.494620173386,0.87473873592));
#1900 = CARTESIAN_POINT('',(2.523205301437,0.84831977558));
#1901 = CARTESIAN_POINT('',(2.535815440049,0.835980508995));
#1902 = CARTESIAN_POINT('',(2.547759630522,0.823658378476));
#1903 = CARTESIAN_POINT('',(2.559105784116,0.811363915558));
#1904 = CARTESIAN_POINT('',(2.569912284166,0.799105568762));
#1905 = CARTESIAN_POINT('',(2.580229887021,0.786890132851));
#1906 = CARTESIAN_POINT('',(2.594402497949,0.769425870442));
#1907 = CARTESIAN_POINT('',(2.59861722051,0.764137769237));
#1908 = CARTESIAN_POINT('',(2.602751461639,0.75885933594));
#1909 = CARTESIAN_POINT('',(2.60680869745,0.753590997793));
#1910 = CARTESIAN_POINT('',(2.610792209211,0.748333147821));
#1911 = CARTESIAN_POINT('',(2.614705083346,0.743086144827));
#1912 = CARTESIAN_POINT('',(2.620468170337,0.735238668404));
#1913 = CARTESIAN_POINT('',(2.622369276103,0.732629803649));
#1914 = CARTESIAN_POINT('',(2.624253889599,0.73002375997));
#1915 = CARTESIAN_POINT('',(2.626122361871,0.727420576676));
#1916 = CARTESIAN_POINT('',(2.627975034143,0.724820291546));
#1917 = CARTESIAN_POINT('',(2.629812237816,0.722222940832));
#1918 = CARTESIAN_POINT('',(2.632494572777,0.718403630167));
#1919 = CARTESIAN_POINT('',(2.633350749918,0.717180394749));
#1920 = CARTESIAN_POINT('',(2.634202316528,0.715959642638));
#1921 = CARTESIAN_POINT('',(2.635049172681,0.714741595838));
#1922 = CARTESIAN_POINT('',(2.635891638935,0.713525871732));
#1923 = CARTESIAN_POINT('',(2.636730440635,0.712311486586));
#1924 = CARTESIAN_POINT('',(2.63848632061,0.709761132999));
#1925 = CARTESIAN_POINT('',(2.63940205364,0.708426292132));
#1926 = CARTESIAN_POINT('',(2.640313915099,0.707092370564));
#1927 = CARTESIAN_POINT('',(2.641221954633,0.705759361988));
#1928 = CARTESIAN_POINT('',(2.642126220994,0.704427260205));
#1929 = CARTESIAN_POINT('',(2.643026762042,0.703096059118));
#1930 = CARTESIAN_POINT('',(2.650123476579,0.692569582071));
#1931 = CARTESIAN_POINT('',(2.656149886892,0.683412844832));
#1932 = CARTESIAN_POINT('',(2.662015735661,0.674296853004));
#1933 = CARTESIAN_POINT('',(2.667732867869,0.665222806823));
#1934 = CARTESIAN_POINT('',(2.673312093502,0.656191794784));
#1935 = CARTESIAN_POINT('',(2.67876318755,0.647204793633));
#1936 = CARTESIAN_POINT('',(2.688610603421,0.630689088388));
#1937 = CARTESIAN_POINT('',(2.693040749547,0.623147718122));
#1938 = CARTESIAN_POINT('',(2.69739069299,0.615639096408));
#1939 = CARTESIAN_POINT('',(2.701665447393,0.608163743453));
#1940 = CARTESIAN_POINT('',(2.705869675433,0.60072216083));
#1941 = CARTESIAN_POINT('',(2.710007688821,0.593314831484));
#1942 = CARTESIAN_POINT('',(2.717296621695,0.580129933685));
#1943 = CARTESIAN_POINT('',(2.720471120863,0.574339228876));
#1944 = CARTESIAN_POINT('',(2.723608899409,0.568570335516));
#1945 = CARTESIAN_POINT('',(2.726711812828,0.562823483734));
#1946 = CARTESIAN_POINT('',(2.729781618506,0.557098903578));
#1947 = CARTESIAN_POINT('',(2.732819975724,0.551396825015));
#1948 = CARTESIAN_POINT('',(2.736979765955,0.543544031694));
#1949 = CARTESIAN_POINT('',(2.738126710478,0.541373913386));
#1950 = CARTESIAN_POINT('',(2.739269359633,0.539207150569));
#1951 = CARTESIAN_POINT('',(2.740407828602,0.537043701394));
#1952 = CARTESIAN_POINT('',(2.741542170855,0.534883637581));
#1953 = CARTESIAN_POINT('',(2.742672487917,0.532726936746));
#1954 = CARTESIAN_POINT('',(2.751907627475,0.515071812378));
#1955 = CARTESIAN_POINT('',(2.759811728181,0.499745526539));
#1956 = CARTESIAN_POINT('',(2.767541320515,0.484599672742));
#1957 = CARTESIAN_POINT('',(2.775122348782,0.469639402396));
#1958 = CARTESIAN_POINT('',(2.782577240772,0.4548702035));
#1959 = CARTESIAN_POINT('',(2.789925610919,0.440297991733));
#1960 = CARTESIAN_POINT('',(2.810611268017,0.399353862842));
#1961 = CARTESIAN_POINT('',(2.823733106696,0.373474185032));
#1962 = CARTESIAN_POINT('',(2.836660369183,0.348331150737));
#1963 = CARTESIAN_POINT('',(2.849477008405,0.323970882792));
#1964 = CARTESIAN_POINT('',(2.862249131217,0.300445934721));
#1965 = CARTESIAN_POINT('',(2.875029456373,0.277815248218));
#1966 = CARTESIAN_POINT('',(2.894435315583,0.245031454302));
#1967 = CARTESIAN_POINT('',(2.901025269305,0.234171903548));
#1968 = CARTESIAN_POINT('',(2.90763345521,0.22357269061));
#1969 = CARTESIAN_POINT('',(2.914264535479,0.213242692765));
#1970 = CARTESIAN_POINT('',(2.920922421523,0.203191038732));
#1971 = CARTESIAN_POINT('',(2.92761031529,0.193427048116));
#1972 = CARTESIAN_POINT('',(2.94683369332,0.166347647287));
#1973 = CARTESIAN_POINT('',(2.959449481386,0.149763194575));
#1974 = CARTESIAN_POINT('',(2.972194137492,0.134268016571));
#1975 = CARTESIAN_POINT('',(2.985076135071,0.119923857852));
#1976 = CARTESIAN_POINT('',(2.998096849157,0.106791370344));
#1977 = CARTESIAN_POINT('',(3.011251070749,9.49277357629E-02));
#1978 = CARTESIAN_POINT('',(3.024527584618,8.438354384746E-02));
#1979 = ( GEOMETRIC_REPRESENTATION_CONTEXT(2) 
PARAMETRIC_REPRESENTATION_CONTEXT() REPRESENTATION_CONTEXT('2D SPACE',''
  ) );
#1980 = ORIENTED_EDGE('',*,*,#21,.F.);
#1981 = FACE_BOUND('',#1982,.T.);
#1982 = EDGE_LOOP('',(#1983,#2295));
#1983 = ORIENTED_EDGE('',*,*,#1984,.T.);
#1984 = EDGE_CURVE('',#1985,#1987,#1989,.T.);
#1985 = VERTEX_POINT('',#1986);
#1986 = CARTESIAN_POINT('',(-9.797174393179E-16,12.85729596332,38.1));
#1987 = VERTEX_POINT('',#1988);
#1988 = CARTESIAN_POINT('',(2.70126325765,11.051803802224,
    31.149885288185));
#1989 = SURFACE_CURVE('',#1990,(#2088,#2189),.PCURVE_S1.);
#1990 = B_SPLINE_CURVE_WITH_KNOTS('',6,(#1991,#1992,#1993,#1994,#1995,
    #1996,#1997,#1998,#1999,#2000,#2001,#2002,#2003,#2004,#2005,#2006,
    #2007,#2008,#2009,#2010,#2011,#2012,#2013,#2014,#2015,#2016,#2017,
    #2018,#2019,#2020,#2021,#2022,#2023,#2024,#2025,#2026,#2027,#2028,
    #2029,#2030,#2031,#2032,#2033,#2034,#2035,#2036,#2037,#2038,#2039,
    #2040,#2041,#2042,#2043,#2044,#2045,#2046,#2047,#2048,#2049,#2050,
    #2051,#2052,#2053,#2054,#2055,#2056,#2057,#2058,#2059,#2060,#2061,
    #2062,#2063,#2064,#2065,#2066,#2067,#2068,#2069,#2070,#2071,#2072,
    #2073,#2074,#2075,#2076,#2077,#2078,#2079,#2080,#2081,#2082,#2083,
    #2084,#2085,#2086,#2087),.UNSPECIFIED.,.F.,.F.,(7,5,5,5,5,5,5,5,5,5,
    5,5,5,5,5,5,5,5,5,7),(0.,0.121633184369,0.157054027706,0.16723007323
    ,0.174726289334,0.1982633745,0.253982427674,0.328639342444,
    0.394105909453,0.431590868597,0.507252580493,0.597000170734,
    0.632365257227,0.683353515173,0.728172110804,0.755012169363,
    0.809741260625,0.880824194944,0.918321255781,1.),.UNSPECIFIED.);
#1991 = CARTESIAN_POINT('',(0.,12.85729596332,38.1));
#1992 = CARTESIAN_POINT('',(-0.341286371525,12.85729596332,38.1));
#1993 = CARTESIAN_POINT('',(-0.682636272147,12.852351251717,
    38.065056918808));
#1994 = CARTESIAN_POINT('',(-1.019237190173,12.842458630372,
    37.995147842556));
#1995 = CARTESIAN_POINT('',(-1.346523897448,12.827476123555,
    37.891236362081));
#1996 = CARTESIAN_POINT('',(-1.66013571153,12.807087277952,
    37.755000458617));
#1997 = CARTESIAN_POINT('',(-2.04221179004,12.773427099102,
    37.54080369941));
#1998 = CARTESIAN_POINT('',(-2.126885910139,12.765353587561,
    37.489977869193));
#1999 = CARTESIAN_POINT('',(-2.209966526494,12.756790727982,
    37.436698482516));
#2000 = CARTESIAN_POINT('',(-2.291361030106,12.747731546359,
    37.381034636429));
#2001 = CARTESIAN_POINT('',(-2.370981117817,12.738169407431,
    37.323060658016));
#2002 = CARTESIAN_POINT('',(-2.471082924984,12.725204606695,
    37.245559952734));
#2003 = CARTESIAN_POINT('',(-2.493015152778,12.722302145707,
    37.228276801755));
#2004 = CARTESIAN_POINT('',(-2.514556467786,12.719390649256,
    37.211006636019));
#2005 = CARTESIAN_POINT('',(-2.535722420233,12.716470136045,
    37.193749447358));
#2006 = CARTESIAN_POINT('',(-2.55652711848,12.71354062594,
    37.176505234876));
#2007 = CARTESIAN_POINT('',(-2.592052287508,12.708437495001,
    37.146580564956));
#2008 = CARTESIAN_POINT('',(-2.607042866252,12.706252083918,
    37.133800960373));
#2009 = CARTESIAN_POINT('',(-2.621954298602,12.704045865929,
    37.120935885576));
#2010 = CARTESIAN_POINT('',(-2.636785952071,12.701818797578,
    37.107986018764));
#2011 = CARTESIAN_POINT('',(-2.651537228333,12.699570832759,
    37.094952021953));
#2012 = CARTESIAN_POINT('',(-2.71227039239,12.690177857928,
    37.040647459066));
#2013 = CARTESIAN_POINT('',(-2.757535126833,12.682847322804,
    36.998637419942));
#2014 = CARTESIAN_POINT('',(-2.801982697631,12.675309028537,
    36.955825818737));
#2015 = CARTESIAN_POINT('',(-2.84559492103,12.667561852013,
    36.912234641849));
#2016 = CARTESIAN_POINT('',(-2.888354498442,12.659604835805,
    36.867886466947));
#2017 = CARTESIAN_POINT('',(-3.029411926182,12.632102016056,
    36.716082387629));
#2018 = CARTESIAN_POINT('',(-3.123709567318,12.611586291389,
    36.605246735063));
#2019 = CARTESIAN_POINT('',(-3.212918425244,12.58988007532,
    36.490606594666));
#2020 = CARTESIAN_POINT('',(-3.296851571335,12.566978883045,
    36.372483860109));
#2021 = CARTESIAN_POINT('',(-3.375353120387,12.542885646383,
    36.251210945071));
#2022 = CARTESIAN_POINT('',(-3.546032406839,12.48374989762,
    35.96087275561));
#2023 = CARTESIAN_POINT('',(-3.633793211909,12.447768041365,
    35.789567300102));
#2024 = CARTESIAN_POINT('',(-3.711274088398,12.409696641103,
    35.614033872607));
#2025 = CARTESIAN_POINT('',(-3.7782815583,12.369590265339,
    35.435091381011));
#2026 = CARTESIAN_POINT('',(-3.834716955198,12.327531456472,
    35.253546405898));
#2027 = CARTESIAN_POINT('',(-3.920759150963,12.245139748417,
    34.909393153896));
#2028 = CARTESIAN_POINT('',(-3.952814611824,12.205230603294,
    34.747200227353));
#2029 = CARTESIAN_POINT('',(-3.976713608099,12.163981029469,
    34.58412892989));
#2030 = CARTESIAN_POINT('',(-3.992491512994,12.121480684257,
    34.420678099488));
#2031 = CARTESIAN_POINT('',(-4.000220120242,12.077833292474,
    34.257320084261));
#2032 = CARTESIAN_POINT('',(-3.99986801559,12.007574366175,
    34.001271282769));
#2033 = CARTESIAN_POINT('',(-3.997132474431,11.981655046185,
    33.908218932332));
#2034 = CARTESIAN_POINT('',(-3.991808151809,11.955419737676,
    33.815425286149));
#2035 = CARTESIAN_POINT('',(-3.983915624222,11.928891560261,
    33.722970237985));
#2036 = CARTESIAN_POINT('',(-3.97347748732,11.90209490728,
    33.630930656497));
#2037 = CARTESIAN_POINT('',(-3.934360929332,11.820477503291,
    33.354590261238));
#2038 = CARTESIAN_POINT('',(-3.897932636683,11.76491138668,
    33.17179750655));
#2039 = CARTESIAN_POINT('',(-3.851432395332,11.70856573914,
    32.991602744163));
#2040 = CARTESIAN_POINT('',(-3.79508154049,11.651671845994,
    32.814568038993));
#2041 = CARTESIAN_POINT('',(-3.729110032084,11.594481942931,
    32.641222418985));
#2042 = CARTESIAN_POINT('',(-3.564344210154,11.469401544493,
    32.271420922683));
#2043 = CARTESIAN_POINT('',(-3.461733430419,11.401506767583,
    32.07668702601));
#2044 = CARTESIAN_POINT('',(-3.346279551109,11.334029924935,
    31.8886847669));
#2045 = CARTESIAN_POINT('',(-3.218365672089,11.267479197547,
    31.708246092012));
#2046 = CARTESIAN_POINT('',(-3.078392746937,11.202419415819,
    31.536219734196));
#2047 = CARTESIAN_POINT('',(-2.867041885486,11.114660928089,
    31.309345506592));
#2048 = CARTESIAN_POINT('',(-2.805495308155,11.090182585422,
    31.246659143808));
#2049 = CARTESIAN_POINT('',(-2.742170864008,11.066070583098,
    31.185470721596));
#2050 = CARTESIAN_POINT('',(-2.677098113755,11.0423647976,
    31.125836511251));
#2051 = CARTESIAN_POINT('',(-2.610309148281,11.019106630182,
    31.067814358146));
#2052 = CARTESIAN_POINT('',(-2.443119911495,10.963513371046,
    30.930219067082));
#2053 = CARTESIAN_POINT('',(-2.340906675963,10.93170761804,
    30.852449493891));
#2054 = CARTESIAN_POINT('',(-2.235303482629,10.901049681886,
    30.77833215335));
#2055 = CARTESIAN_POINT('',(-2.126432352218,10.871674967064,
    30.708053992752));
#2056 = CARTESIAN_POINT('',(-2.014437842277,10.843722652355,
    30.641806876214));
#2057 = CARTESIAN_POINT('',(-1.798455099818,10.794134649622,
    30.525263635513));
#2058 = CARTESIAN_POINT('',(-1.695138209819,10.772143976182,
    30.474007566794));
#2059 = CARTESIAN_POINT('',(-1.5896606512,10.751454769886,30.4261456976)
  );
#2060 = CARTESIAN_POINT('',(-1.482159403591,10.73216193091,
    30.381809472859));
#2061 = CARTESIAN_POINT('',(-1.372792507641,10.714356788117,
    30.341125766519));
#2062 = CARTESIAN_POINT('',(-1.195238792617,10.688401912143,
    30.282105864761));
#2063 = CARTESIAN_POINT('',(-1.128131476071,10.679243996891,
    30.261351590029));
#2064 = CARTESIAN_POINT('',(-1.060459556366,10.670667927578,
    30.241974691498));
#2065 = CARTESIAN_POINT('',(-0.992265025726,10.662690576101,
    30.223998774321));
#2066 = CARTESIAN_POINT('',(-0.923592666369,10.655327436004,
    30.207445557098));
#2067 = CARTESIAN_POINT('',(-0.713584122091,10.634859782707,
    30.161522939442));
#2068 = CARTESIAN_POINT('',(-0.570881502293,10.623738391432,
    30.136706908244));
#2069 = CARTESIAN_POINT('',(-0.426799696769,10.615348304964,
    30.118056136981));
#2070 = CARTESIAN_POINT('',(-0.281780826446,10.609775374156,
    30.10569153491));
#2071 = CARTESIAN_POINT('',(-0.136292285276,10.60706492774,
    30.099676943336));
#2072 = CARTESIAN_POINT('',(0.198104498916,10.607410503739,
    30.100443767506));
#2073 = CARTESIAN_POINT('',(0.387029420775,10.612431681097,
    30.11158570046));
#2074 = CARTESIAN_POINT('',(0.574847120227,10.622278229926,
    30.133437277048));
#2075 = CARTESIAN_POINT('',(0.760553299425,10.636812665551,
    30.165800135974));
#2076 = CARTESIAN_POINT('',(0.943230909637,10.655791497922,
    30.208339501408));
#2077 = CARTESIAN_POINT('',(1.216374055189,10.691079491801,
    30.288164256696));
#2078 = CARTESIAN_POINT('',(1.309634340872,10.704414085978,
    30.318437599373));
#2079 = CARTESIAN_POINT('',(1.401711839696,10.71885088857,
    30.351353156175));
#2080 = CARTESIAN_POINT('',(1.492502987835,10.734339277479,
    30.386840390465));
#2081 = CARTESIAN_POINT('',(1.581915106153,10.750825686502,
    30.424824846227));
#2082 = CARTESIAN_POINT('',(1.86144412347,10.80622161277,30.553244473286
    ));
#2083 = CARTESIAN_POINT('',(2.046073348658,10.848660734504,
    30.652740502508));
#2084 = CARTESIAN_POINT('',(2.222923664338,10.895009368172,
    30.762939424176));
#2085 = CARTESIAN_POINT('',(2.391374823624,10.944678353655,
    30.883033226881));
#2086 = CARTESIAN_POINT('',(2.550947211723,10.997111023208,
    31.012248873481));
#2087 = CARTESIAN_POINT('',(2.70126325765,11.051803802224,
    31.149885288185));
#2088 = PCURVE('',#409,#2089);
#2089 = DEFINITIONAL_REPRESENTATION('',(#2090),#2188);
#2090 = B_SPLINE_CURVE_WITH_KNOTS('',6,(#2091,#2092,#2093,#2094,#2095,
    #2096,#2097,#2098,#2099,#2100,#2101,#2102,#2103,#2104,#2105,#2106,
    #2107,#2108,#2109,#2110,#2111,#2112,#2113,#2114,#2115,#2116,#2117,
    #2118,#2119,#2120,#2121,#2122,#2123,#2124,#2125,#2126,#2127,#2128,
    #2129,#2130,#2131,#2132,#2133,#2134,#2135,#2136,#2137,#2138,#2139,
    #2140,#2141,#2142,#2143,#2144,#2145,#2146,#2147,#2148,#2149,#2150,
    #2151,#2152,#2153,#2154,#2155,#2156,#2157,#2158,#2159,#2160,#2161,
    #2162,#2163,#2164,#2165,#2166,#2167,#2168,#2169,#2170,#2171,#2172,
    #2173,#2174,#2175,#2176,#2177,#2178,#2179,#2180,#2181,#2182,#2183,
    #2184,#2185,#2186,#2187),.UNSPECIFIED.,.F.,.F.,(7,5,5,5,5,5,5,5,5,5,
    5,5,5,5,5,5,5,5,5,7),(0.,0.121633184369,0.157054027706,0.16723007323
    ,0.174726289334,0.1982633745,0.253982427674,0.328639342444,
    0.394105909453,0.431590868597,0.507252580493,0.597000170734,
    0.632365257227,0.683353515173,0.728172110804,0.755012169363,
    0.809741260625,0.880824194944,0.918321255781,1.),.UNSPECIFIED.);
#2091 = CARTESIAN_POINT('',(1.533203626075,8.895196293028E-02));
#2092 = CARTESIAN_POINT('',(1.555245766329,8.895196293028E-02));
#2093 = CARTESIAN_POINT('',(1.577452690346,8.58851388355E-02));
#2094 = CARTESIAN_POINT('',(1.599523706009,7.974928183172E-02));
#2095 = CARTESIAN_POINT('',(1.621158160217,7.061085074765E-02));
#2096 = CARTESIAN_POINT('',(1.642070102729,5.857826417506E-02));
#2097 = CARTESIAN_POINT('',(1.667800368243,3.952799183424E-02));
#2098 = CARTESIAN_POINT('',(1.673520213538,3.500051662034E-02));
#2099 = CARTESIAN_POINT('',(1.679150589401,3.024611178876E-02));
#2100 = CARTESIAN_POINT('',(1.684685494208,2.526916628608E-02));
#2101 = CARTESIAN_POINT('',(1.690119219188,2.007437472835E-02));
#2102 = CARTESIAN_POINT('',(1.69697677809,1.311317857991E-02));
#2103 = CARTESIAN_POINT('',(1.698480973319,1.155975652617E-02));
#2104 = CARTESIAN_POINT('',(1.699960033718,1.000646317557E-02));
#2105 = CARTESIAN_POINT('',(1.701414965642,8.453291145866E-03));
#2106 = CARTESIAN_POINT('',(1.702846682188,6.900233736894E-03));
#2107 = CARTESIAN_POINT('',(1.705294183967,4.203300283215E-03));
#2108 = CARTESIAN_POINT('',(1.706327837063,3.051210776238E-03));
#2109 = CARTESIAN_POINT('',(1.70735691935,1.890471451224E-03));
#2110 = CARTESIAN_POINT('',(1.708381390018,7.211513079124E-04));
#2111 = CARTESIAN_POINT('',(1.709401210567,-4.560666958104E-04));
#2112 = CARTESIAN_POINT('',(1.71360372642,-5.356913944131E-03));
#2113 = CARTESIAN_POINT('',(1.716744898659,-9.14206103933E-03));
#2114 = CARTESIAN_POINT('',(1.719838631908,-1.299306453896E-02));
#2115 = CARTESIAN_POINT('',(1.72288375031,-1.690764342113E-02));
#2116 = CARTESIAN_POINT('',(1.725879131772,-2.088349803262E-02));
#2117 = CARTESIAN_POINT('',(1.735794367119,-3.446987120716E-02));
#2118 = CARTESIAN_POINT('',(1.742480378225,-4.435194473308E-02));
#2119 = CARTESIAN_POINT('',(1.748867425562,-5.453362683725E-02));
#2120 = CARTESIAN_POINT('',(1.754943147881,-6.4984108062E-02));
#2121 = CARTESIAN_POINT('',(1.76069685115,-7.567292572263E-02));
#2122 = CARTESIAN_POINT('',(1.773384553415,-0.101171291671));
#2123 = CARTESIAN_POINT('',(1.780055282926,-0.116147150635));
#2124 = CARTESIAN_POINT('',(1.786108969814,-0.131425637351));
#2125 = CARTESIAN_POINT('',(1.791528749694,-0.146939128545));
#2126 = CARTESIAN_POINT('',(1.796301764123,-0.162624404551));
#2127 = CARTESIAN_POINT('',(1.804026754945,-0.192275870821));
#2128 = CARTESIAN_POINT('',(1.807130685793,-0.206216379599));
#2129 = CARTESIAN_POINT('',(1.809722530315,-0.220204710117));
#2130 = CARTESIAN_POINT('',(1.81179708101,-0.234205013494));
#2131 = CARTESIAN_POINT('',(1.813350079947,-0.248184383927));
#2132 = CARTESIAN_POINT('',(1.814965817611,-0.270087192215));
#2133 = CARTESIAN_POINT('',(1.815381808473,-0.27804523206));
#2134 = CARTESIAN_POINT('',(1.815624767846,-0.285980773943));
#2135 = CARTESIAN_POINT('',(1.815693971244,-0.293888385876));
#2136 = CARTESIAN_POINT('',(1.815588697123,-0.301762863562));
#2137 = CARTESIAN_POINT('',(1.814742110237,-0.325416586024));
#2138 = CARTESIAN_POINT('',(1.813462200558,-0.341078309807));
#2139 = CARTESIAN_POINT('',(1.811462523104,-0.35654390951));
#2140 = CARTESIAN_POINT('',(1.80873648999,-0.371775051229));
#2141 = CARTESIAN_POINT('',(1.805276884138,-0.386734269912));
#2142 = CARTESIAN_POINT('',(1.796092698,-0.41876035836));
#2143 = CARTESIAN_POINT('',(1.790066746933,-0.435699702284));
#2144 = CARTESIAN_POINT('',(1.78298491589,-0.452140165256));
#2145 = CARTESIAN_POINT('',(1.77483361889,-0.468013470108));
#2146 = CARTESIAN_POINT('',(1.765604009402,-0.483243180318));
#2147 = CARTESIAN_POINT('',(1.751235840304,-0.503457040183));
#2148 = CARTESIAN_POINT('',(1.74700734559,-0.509057341822));
#2149 = CARTESIAN_POINT('',(1.74261186843,-0.514538784632));
#2150 = CARTESIAN_POINT('',(1.738050008301,-0.519895657632));
#2151 = CARTESIAN_POINT('',(1.733322843239,-0.525121930577));
#2152 = CARTESIAN_POINT('',(1.72138036631,-0.537548878685));
#2153 = CARTESIAN_POINT('',(1.713988524316,-0.544601775404));
#2154 = CARTESIAN_POINT('',(1.706261264207,-0.551351019883));
#2155 = CARTESIAN_POINT('',(1.69820635205,-0.557776020244));
#2156 = CARTESIAN_POINT('',(1.689835333758,-0.563855122143));
#2157 = CARTESIAN_POINT('',(1.673542680716,-0.574586254346));
#2158 = CARTESIAN_POINT('',(1.665689262785,-0.579321938864));
#2159 = CARTESIAN_POINT('',(1.6576152879,-0.583758196595));
#2160 = CARTESIAN_POINT('',(1.64933480983,-0.58787966753));
#2161 = CARTESIAN_POINT('',(1.640865077024,-0.591671357201));
#2162 = CARTESIAN_POINT('',(1.627053692051,-0.597184120695));
#2163 = CARTESIAN_POINT('',(1.621820118664,-0.599125686275));
#2164 = CARTESIAN_POINT('',(1.616530546649,-0.600940951726));
#2165 = CARTESIAN_POINT('',(1.611189824009,-0.602627096477));
#2166 = CARTESIAN_POINT('',(1.60580318591,-0.604181515709));
#2167 = CARTESIAN_POINT('',(1.589310294672,-0.608497938581));
#2168 = CARTESIAN_POINT('',(1.578076181968,-0.610836635384));
#2169 = CARTESIAN_POINT('',(1.566722478604,-0.612597592066));
#2170 = CARTESIAN_POINT('',(1.555302255315,-0.613766153827));
#2171 = CARTESIAN_POINT('',(1.54387118107,-0.614334532474));
#2172 = CARTESIAN_POINT('',(1.517697871847,-0.614262066142));
#2173 = CARTESIAN_POINT('',(1.5029843033,-0.613209137354));
#2174 = CARTESIAN_POINT('',(1.48846983071,-0.611144224354));
#2175 = CARTESIAN_POINT('',(1.474267792808,-0.608091112881));
#2176 = CARTESIAN_POINT('',(1.460472838676,-0.604090984425));
#2177 = CARTESIAN_POINT('',(1.440138248411,-0.596616919032));
#2178 = CARTESIAN_POINT('',(1.433249655177,-0.593787165092));
#2179 = CARTESIAN_POINT('',(1.426505460434,-0.590716452241));
#2180 = CARTESIAN_POINT('',(1.419914411284,-0.587413174499));
#2181 = CARTESIAN_POINT('',(1.413483547275,-0.583886122239));
#2182 = CARTESIAN_POINT('',(1.393571155551,-0.571993225837));
#2183 = CARTESIAN_POINT('',(1.380711025162,-0.562823181417));
#2184 = CARTESIAN_POINT('',(1.368692959697,-0.552725154459));
#2185 = CARTESIAN_POINT('',(1.357538545014,-0.541791686843));
#2186 = CARTESIAN_POINT('',(1.34724869811,-0.53010705923));
#2187 = CARTESIAN_POINT('',(1.337813107395,-0.517744118849));
#2188 = ( GEOMETRIC_REPRESENTATION_CONTEXT(2) 
PARAMETRIC_REPRESENTATION_CONTEXT() REPRESENTATION_CONTEXT('2D SPACE',''
  ) );
#2189 = PCURVE('',#2190,#2195);
#2190 = CYLINDRICAL_SURFACE('',#2191,4.);
#2191 = AXIS2_PLACEMENT_3D('',#2192,#2193,#2194);
#2192 = CARTESIAN_POINT('',(0.,6.,34.1));
#2193 = DIRECTION('',(0.,1.,0.));
#2194 = DIRECTION('',(0.,-0.,1.));
#2195 = DEFINITIONAL_REPRESENTATION('',(#2196),#2294);
#2196 = B_SPLINE_CURVE_WITH_KNOTS('',6,(#2197,#2198,#2199,#2200,#2201,
    #2202,#2203,#2204,#2205,#2206,#2207,#2208,#2209,#2210,#2211,#2212,
    #2213,#2214,#2215,#2216,#2217,#2218,#2219,#2220,#2221,#2222,#2223,
    #2224,#2225,#2226,#2227,#2228,#2229,#2230,#2231,#2232,#2233,#2234,
    #2235,#2236,#2237,#2238,#2239,#2240,#2241,#2242,#2243,#2244,#2245,
    #2246,#2247,#2248,#2249,#2250,#2251,#2252,#2253,#2254,#2255,#2256,
    #2257,#2258,#2259,#2260,#2261,#2262,#2263,#2264,#2265,#2266,#2267,
    #2268,#2269,#2270,#2271,#2272,#2273,#2274,#2275,#2276,#2277,#2278,
    #2279,#2280,#2281,#2282,#2283,#2284,#2285,#2286,#2287,#2288,#2289,
    #2290,#2291,#2292,#2293),.UNSPECIFIED.,.F.,.F.,(7,5,5,5,5,5,5,5,5,5,
    5,5,5,5,5,5,5,5,5,7),(0.,0.121633184369,0.157054027706,0.16723007323
    ,0.174726289334,0.1982633745,0.253982427674,0.328639342444,
    0.394105909453,0.431590868597,0.507252580493,0.597000170734,
    0.632365257227,0.683353515173,0.728172110804,0.755012169363,
    0.809741260625,0.880824194944,0.918321255781,1.),.UNSPECIFIED.);
#2197 = CARTESIAN_POINT('',(6.28318530718,6.85729596332));
#2198 = CARTESIAN_POINT('',(6.197863714298,6.85729596332));
#2199 = CARTESIAN_POINT('',(6.112526520151,6.852351251717));
#2200 = CARTESIAN_POINT('',(6.027256893715,6.842458630372));
#2201 = CARTESIAN_POINT('',(5.942082863239,6.827476123555));
#2202 = CARTESIAN_POINT('',(5.857038779952,6.807087277952));
#2203 = CARTESIAN_POINT('',(5.747533534237,6.773427099102));
#2204 = CARTESIAN_POINT('',(5.722855135245,6.765353587561));
#2205 = CARTESIAN_POINT('',(5.698197097304,6.756790727982));
#2206 = CARTESIAN_POINT('',(5.673561217272,6.747731546359));
#2207 = CARTESIAN_POINT('',(5.64894935958,6.738169407431));
#2208 = CARTESIAN_POINT('',(5.617300177998,6.725204606695));
#2209 = CARTESIAN_POINT('',(5.610319520769,6.722302145707));
#2210 = CARTESIAN_POINT('',(5.603417497326,6.719390649256));
#2211 = CARTESIAN_POINT('',(5.596590466004,6.716470136045));
#2212 = CARTESIAN_POINT('',(5.589835130693,6.71354062594));
#2213 = CARTESIAN_POINT('',(5.578222843278,6.708437495001));
#2214 = CARTESIAN_POINT('',(5.573298273626,6.706252083918));
#2215 = CARTESIAN_POINT('',(5.568374856039,6.704045865929));
#2216 = CARTESIAN_POINT('',(5.56345260608,6.701818797578));
#2217 = CARTESIAN_POINT('',(5.558531530718,6.699570832759));
#2218 = CARTESIAN_POINT('',(5.538163813052,6.690177857928));
#2219 = CARTESIAN_POINT('',(5.522727601664,6.682847322804));
#2220 = CARTESIAN_POINT('',(5.507303468204,6.675309028537));
#2221 = CARTESIAN_POINT('',(5.491891885966,6.667561852013));
#2222 = CARTESIAN_POINT('',(5.476493327489,6.659604835805));
#2223 = CARTESIAN_POINT('',(5.424687393696,6.632102016056));
#2224 = CARTESIAN_POINT('',(5.388341794373,6.611586291389));
#2225 = CARTESIAN_POINT('',(5.352078446807,6.58988007532));
#2226 = CARTESIAN_POINT('',(5.315902999625,6.566978883045));
#2227 = CARTESIAN_POINT('',(5.279820636833,6.542885646383));
#2228 = CARTESIAN_POINT('',(5.195623070403,6.48374989762));
#2229 = CARTESIAN_POINT('',(5.147584713154,6.447768041365));
#2230 = CARTESIAN_POINT('',(5.09973564589,6.409696641103));
#2231 = CARTESIAN_POINT('',(5.052082978555,6.369590265339));
#2232 = CARTESIAN_POINT('',(5.004629873686,6.327531456472));
#2233 = CARTESIAN_POINT('',(4.915943375166,6.245139748417));
#2234 = CARTESIAN_POINT('',(4.874662211961,6.205230603294));
#2235 = CARTESIAN_POINT('',(4.833534445827,6.163981029469));
#2236 = CARTESIAN_POINT('',(4.792555875243,6.121480684257));
#2237 = CARTESIAN_POINT('',(4.751719039504,6.077833292474));
#2238 = CARTESIAN_POINT('',(4.687706778606,6.007574366175));
#2239 = CARTESIAN_POINT('',(4.664442768371,5.981655046185));
#2240 = CARTESIAN_POINT('',(4.641219761503,5.955419737676));
#2241 = CARTESIAN_POINT('',(4.618035367766,5.928891560261));
#2242 = CARTESIAN_POINT('',(4.594886849078,5.90209490728));
#2243 = CARTESIAN_POINT('',(4.525113054229,5.820477503291));
#2244 = CARTESIAN_POINT('',(4.478589565741,5.76491138668));
#2245 = CARTESIAN_POINT('',(4.432173270484,5.70856573914));
#2246 = CARTESIAN_POINT('',(4.385833859108,5.651671845994));
#2247 = CARTESIAN_POINT('',(4.339536477404,5.594481942931));
#2248 = CARTESIAN_POINT('',(4.238324780099,5.469401544493));
#2249 = CARTESIAN_POINT('',(4.183415367435,5.401506767583));
#2250 = CARTESIAN_POINT('',(4.128438292508,5.334029924935));
#2251 = CARTESIAN_POINT('',(4.073324800651,5.267479197547));
#2252 = CARTESIAN_POINT('',(4.018004563428,5.202419415819));
#2253 = CARTESIAN_POINT('',(3.940487991898,5.114660928089));
#2254 = CARTESIAN_POINT('',(3.918533124787,5.090182585422));
#2255 = CARTESIAN_POINT('',(3.896530393025,5.066070583098));
#2256 = CARTESIAN_POINT('',(3.874475787966,5.0423647976));
#2257 = CARTESIAN_POINT('',(3.852365580769,5.019106630182));
#2258 = CARTESIAN_POINT('',(3.798233390126,4.963513371046));
#2259 = CARTESIAN_POINT('',(3.766147940065,4.93170761804));
#2260 = CARTESIAN_POINT('',(3.73392959773,4.901049681886));
#2261 = CARTESIAN_POINT('',(3.701570466561,4.871674967064));
#2262 = CARTESIAN_POINT('',(3.669065423896,4.843722652355));
#2263 = CARTESIAN_POINT('',(3.607710477074,4.794134649622));
#2264 = CARTESIAN_POINT('',(3.578894316258,4.772143976182));
#2265 = CARTESIAN_POINT('',(3.549963212487,4.751454769886));
#2266 = CARTESIAN_POINT('',(3.520918557374,4.73216193091));
#2267 = CARTESIAN_POINT('',(3.491764448611,4.714356788117));
#2268 = CARTESIAN_POINT('',(3.444987938398,4.688401912143));
#2269 = CARTESIAN_POINT('',(3.427430969578,4.679243996891));
#2270 = CARTESIAN_POINT('',(3.409838971127,4.670667927578));
#2271 = CARTESIAN_POINT('',(3.392213903523,4.662690576101));
#2272 = CARTESIAN_POINT('',(3.374558092542,4.655327436004));
#2273 = CARTESIAN_POINT('',(3.320815374732,4.634859782707));
#2274 = CARTESIAN_POINT('',(3.284637907734,4.623738391432));
#2275 = CARTESIAN_POINT('',(3.248368552817,4.615348304964));
#2276 = CARTESIAN_POINT('',(3.212034391298,4.609775374156));
#2277 = CARTESIAN_POINT('',(3.175665818516,4.60706492774));
#2278 = CARTESIAN_POINT('',(3.092066402662,4.607410503739));
#2279 = CARTESIAN_POINT('',(3.044828921489,4.612431681097));
#2280 = CARTESIAN_POINT('',(2.997672353586,4.622278229926));
#2281 = CARTESIAN_POINT('',(2.950658354684,4.636812665551));
#2282 = CARTESIAN_POINT('',(2.903839367561,4.655791497922));
#2283 = CARTESIAN_POINT('',(2.832697269652,4.691079491801));
#2284 = CARTESIAN_POINT('',(2.808195281283,4.704414085978));
#2285 = CARTESIAN_POINT('',(2.783765117184,4.71885088857));
#2286 = CARTESIAN_POINT('',(2.759410639861,4.734339277479));
#2287 = CARTESIAN_POINT('',(2.735134299996,4.750825686502));
#2288 = CARTESIAN_POINT('',(2.658230109547,4.80622161277));
#2289 = CARTESIAN_POINT('',(2.605903264764,4.848660734504));
#2290 = CARTESIAN_POINT('',(2.553962935859,4.895009368172));
#2291 = CARTESIAN_POINT('',(2.502390073153,4.944678353655));
#2292 = CARTESIAN_POINT('',(2.451152439535,4.997111023208));
#2293 = CARTESIAN_POINT('',(2.400199829006,5.051803802224));
#2294 = ( GEOMETRIC_REPRESENTATION_CONTEXT(2) 
PARAMETRIC_REPRESENTATION_CONTEXT() REPRESENTATION_CONTEXT('2D SPACE',''
  ) );
#2295 = ORIENTED_EDGE('',*,*,#2296,.T.);
#2296 = EDGE_CURVE('',#1987,#1985,#2297,.T.);
#2297 = SURFACE_CURVE('',#2298,(#2361,#2427),.PCURVE_S1.);
#2298 = B_SPLINE_CURVE_WITH_KNOTS('',6,(#2299,#2300,#2301,#2302,#2303,
    #2304,#2305,#2306,#2307,#2308,#2309,#2310,#2311,#2312,#2313,#2314,
    #2315,#2316,#2317,#2318,#2319,#2320,#2321,#2322,#2323,#2324,#2325,
    #2326,#2327,#2328,#2329,#2330,#2331,#2332,#2333,#2334,#2335,#2336,
    #2337,#2338,#2339,#2340,#2341,#2342,#2343,#2344,#2345,#2346,#2347,
    #2348,#2349,#2350,#2351,#2352,#2353,#2354,#2355,#2356,#2357,#2358,
    #2359,#2360),.UNSPECIFIED.,.F.,.F.,(7,5,5,5,5,5,5,5,5,5,5,5,7),(0.,
    5.13783942849E-02,0.179752075105,0.303832675802,0.364098490357,
    0.470080511009,0.58933927636,0.677475592393,0.709376860694,
    0.725203362709,0.743378000785,0.796767035843,1.),.UNSPECIFIED.);
#2299 = CARTESIAN_POINT('',(2.70126325765,11.051803802224,
    31.149885288185));
#2300 = CARTESIAN_POINT('',(2.759652663453,11.073048898506,
    31.203349363971));
#2301 = CARTESIAN_POINT('',(2.816644942884,11.094634902902,
    31.258083714272));
#2302 = CARTESIAN_POINT('',(2.872217677617,11.11653208117,
    31.314046784342));
#2303 = CARTESIAN_POINT('',(2.926349719403,11.138711713924,
    31.371197973472));
#2304 = CARTESIAN_POINT('',(2.979021190065,11.161146096639,
    31.429497634984));
#2305 = CARTESIAN_POINT('',(3.158122167111,11.240432754278,
    31.637347072381));
#2306 = CARTESIAN_POINT('',(3.276790215643,11.298478213196,
    31.792708360761));
#2307 = CARTESIAN_POINT('',(3.385936682435,11.357533743384,
    31.954400073839));
#2308 = CARTESIAN_POINT('',(3.485289884606,11.41721988363,
    32.121841496362));
#2309 = CARTESIAN_POINT('',(3.57458676344,11.477191128208,
    32.294459331968));
#2310 = CARTESIAN_POINT('',(3.729916292965,11.5950804604,32.642983817493
    ));
#2311 = CARTESIAN_POINT('',(3.79662289799,11.652996993986,32.81857827791
    ));
#2312 = CARTESIAN_POINT('',(3.853459550951,11.710606018351,
    32.997947964452));
#2313 = CARTESIAN_POINT('',(3.900188034418,11.767646036317,
    33.180543608503));
#2314 = CARTESIAN_POINT('',(3.936579134254,11.823877597075,
    33.365781196474));
#2315 = CARTESIAN_POINT('',(3.97498179981,11.905899305267,
    33.643985615815));
#2316 = CARTESIAN_POINT('',(3.985049123444,11.932471670227,
    33.735410044103));
#2317 = CARTESIAN_POINT('',(3.992605364994,11.958777182655,
    33.827237010512));
#2318 = CARTESIAN_POINT('',(3.997628540749,11.984792080035,
    33.919391185788));
#2319 = CARTESIAN_POINT('',(4.000098638638,12.010493836346,
    34.011794292637));
#2320 = CARTESIAN_POINT('',(3.999819966159,12.080471534583,
    34.267157924458));
#2321 = CARTESIAN_POINT('',(3.991691226909,12.124048057005,
    34.430470571387));
#2322 = CARTESIAN_POINT('',(3.9755153422,12.16647432747,34.59385851476)
  );
#2323 = CARTESIAN_POINT('',(3.951221291165,12.207647193046,
    34.756849394603));
#2324 = CARTESIAN_POINT('',(3.918774532382,12.247477541107,
    34.918944376744));
#2325 = CARTESIAN_POINT('',(3.832517995984,12.329116842317,
    35.260422981965));
#2326 = CARTESIAN_POINT('',(3.776539674904,12.370549965537,
    35.439434209351));
#2327 = CARTESIAN_POINT('',(3.710274510555,12.410082278709,
    35.61589957439));
#2328 = CARTESIAN_POINT('',(3.633817640117,12.447634754117,
    35.78904460876));
#2329 = CARTESIAN_POINT('',(3.547354092069,12.483154801159,
    35.958082905961));
#2330 = CARTESIAN_POINT('',(3.380094602853,12.541340711578,
    36.243531698728));
#2331 = CARTESIAN_POINT('',(3.303706424725,12.564942618131,
    36.362167146254));
#2332 = CARTESIAN_POINT('',(3.222126977172,12.58740759517,
    36.477813643652));
#2333 = CARTESIAN_POINT('',(3.135500176423,12.608732487566,
    36.590160702188));
#2334 = CARTESIAN_POINT('',(3.043998355617,12.62892093465,
    36.698907147828));
#2335 = CARTESIAN_POINT('',(2.913012936738,12.654880741278,
    36.841716224033));
#2336 = CARTESIAN_POINT('',(2.877589864475,12.661632111762,
    36.879159707071));
#2337 = CARTESIAN_POINT('',(2.841564001545,12.668236191976,
    36.916079975611));
#2338 = CARTESIAN_POINT('',(2.804945300372,12.674693501876,
    36.952463647311));
#2339 = CARTESIAN_POINT('',(2.767744156313,12.681004646639,
    36.98829761988));
#2340 = CARTESIAN_POINT('',(2.711232012176,12.690229160221,
    37.041067550718));
#2341 = CARTESIAN_POINT('',(2.69235191698,12.693252200231,
    37.058427592777));
#2342 = CARTESIAN_POINT('',(2.673332479619,12.69623951546,
    37.075647603951));
#2343 = CARTESIAN_POINT('',(2.654175042908,12.699191194608,
    37.092726043974));
#2344 = CARTESIAN_POINT('',(2.634880934919,12.702107336311,
    37.109661425626));
#2345 = CARTESIAN_POINT('',(2.593139304809,12.708296165679,
    37.145734423459));
#2346 = CARTESIAN_POINT('',(2.57041244032,12.711592567659,
    37.165030031165));
#2347 = CARTESIAN_POINT('',(2.54725498954,12.714877199402,
    37.184338932907));
#2348 = CARTESIAN_POINT('',(2.523649125976,12.718150002791,
    37.203660903057));
#2349 = CARTESIAN_POINT('',(2.49957508262,12.721410917268,
    37.222995695304));
#2350 = CARTESIAN_POINT('',(2.402853205789,12.734203892529,
    37.299176978042));
#2351 = CARTESIAN_POINT('',(2.329056625005,12.743302215645,
    37.354079680495));
#2352 = CARTESIAN_POINT('',(2.253689268372,12.751959863955,
    37.406985564099));
#2353 = CARTESIAN_POINT('',(2.176822367419,12.760182153221,
    37.457832984868));
#2354 = CARTESIAN_POINT('',(2.098530526422,12.767974700191,
    37.506564240743));
#2355 = CARTESIAN_POINT('',(1.715735274961,12.803393513733,
    37.730367907459));
#2356 = CARTESIAN_POINT('',(1.392991584191,12.825307745894,
    37.876207217958));
#2357 = CARTESIAN_POINT('',(1.055092834621,12.841386215077,
    37.987569270027));
#2358 = CARTESIAN_POINT('',(0.706868200323,12.851994474891,
    38.062535656426));
#2359 = CARTESIAN_POINT('',(0.353384244048,12.85729596332,38.1));
#2360 = CARTESIAN_POINT('',(8.044265014671E-17,12.85729596332,38.1));
#2361 = PCURVE('',#409,#2362);
#2362 = DEFINITIONAL_REPRESENTATION('',(#2363),#2426);
#2363 = B_SPLINE_CURVE_WITH_KNOTS('',6,(#2364,#2365,#2366,#2367,#2368,
    #2369,#2370,#2371,#2372,#2373,#2374,#2375,#2376,#2377,#2378,#2379,
    #2380,#2381,#2382,#2383,#2384,#2385,#2386,#2387,#2388,#2389,#2390,
    #2391,#2392,#2393,#2394,#2395,#2396,#2397,#2398,#2399,#2400,#2401,
    #2402,#2403,#2404,#2405,#2406,#2407,#2408,#2409,#2410,#2411,#2412,
    #2413,#2414,#2415,#2416,#2417,#2418,#2419,#2420,#2421,#2422,#2423,
    #2424,#2425),.UNSPECIFIED.,.F.,.F.,(7,5,5,5,5,5,5,5,5,5,5,5,7),(0.,
    5.13783942849E-02,0.179752075105,0.303832675802,0.364098490357,
    0.470080511009,0.58933927636,0.677475592393,0.709376860694,
    0.725203362709,0.743378000785,0.796767035843,1.),.UNSPECIFIED.);
#2364 = CARTESIAN_POINT('',(1.337813107395,-0.517744118849));
#2365 = CARTESIAN_POINT('',(1.334147906306,-0.512941805574));
#2366 = CARTESIAN_POINT('',(1.330611638763,-0.508037171521));
#2367 = CARTESIAN_POINT('',(1.327203688223,-0.503034527109));
#2368 = CARTESIAN_POINT('',(1.323923287303,-0.497937981254));
#2369 = CARTESIAN_POINT('',(1.320769517781,-0.492751441368));
#2370 = CARTESIAN_POINT('',(1.310175054229,-0.474303963791));
#2371 = CARTESIAN_POINT('',(1.303393122599,-0.460591233748));
#2372 = CARTESIAN_POINT('',(1.297378514902,-0.446397161788));
#2373 = CARTESIAN_POINT('',(1.292112830494,-0.431772976268));
#2374 = CARTESIAN_POINT('',(1.28757831239,-0.416765257421));
#2375 = CARTESIAN_POINT('',(1.280069165035,-0.386581625465));
#2376 = CARTESIAN_POINT('',(1.277047627921,-0.371428916231));
#2377 = CARTESIAN_POINT('',(1.274681615004,-0.355997978284));
#2378 = CARTESIAN_POINT('',(1.272960182694,-0.340327670501));
#2379 = CARTESIAN_POINT('',(1.271874905498,-0.324457777868));
#2380 = CARTESIAN_POINT('',(1.271198567469,-0.300645897903));
#2381 = CARTESIAN_POINT('',(1.271126088086,-0.292824347102));
#2382 = CARTESIAN_POINT('',(1.271201543976,-0.284970608852));
#2383 = CARTESIAN_POINT('',(1.271424337859,-0.277089782487));
#2384 = CARTESIAN_POINT('',(1.271793966315,-0.269187190692));
#2385 = CARTESIAN_POINT('',(1.273217539103,-0.247342547493));
#2386 = CARTESIAN_POINT('',(1.274577888908,-0.233366473987));
#2387 = CARTESIAN_POINT('',(1.276388719535,-0.219370674783));
#2388 = CARTESIAN_POINT('',(1.27864836904,-0.205388077417));
#2389 = CARTESIAN_POINT('',(1.281355210195,-0.191454562426));
#2390 = CARTESIAN_POINT('',(1.288053620374,-0.162030027121));
#2391 = CARTESIAN_POINT('',(1.292163774581,-0.146562083825));
#2392 = CARTESIAN_POINT('',(1.2968340221,-0.131262338999));
#2393 = CARTESIAN_POINT('',(1.302060257487,-0.116191535902));
#2394 = CARTESIAN_POINT('',(1.307836143318,-0.101414614316));
#2395 = CARTESIAN_POINT('',(1.31881884446,-7.634854594043E-02));
#2396 = CARTESIAN_POINT('',(1.323780913746,-6.58943375727E-02));
#2397 = CARTESIAN_POINT('',(1.329033661396,-5.566603401888E-02));
#2398 = CARTESIAN_POINT('',(1.334572129983,-4.56920307164E-02));
#2399 = CARTESIAN_POINT('',(1.340390142558,-3.60010651202E-02));
#2400 = CARTESIAN_POINT('',(1.348684176434,-2.322720465216E-02));
#2401 = CARTESIAN_POINT('',(1.350924018742,-1.987326397368E-02));
#2402 = CARTESIAN_POINT('',(1.353199113711,-1.656153346595E-02));
#2403 = CARTESIAN_POINT('',(1.355509075037,-1.329336662089E-02));
#2404 = CARTESIAN_POINT('',(1.357853491795,-1.007010923244E-02));
#2405 = CARTESIAN_POINT('',(1.361411891941,-5.316956652075E-03));
#2406 = CARTESIAN_POINT('',(1.362600229341,-3.752520865328E-03));
#2407 = CARTESIAN_POINT('',(1.363796885211,-2.199084719545E-03));
#2408 = CARTESIAN_POINT('',(1.36500180508,-6.569175397135E-04));
#2409 = CARTESIAN_POINT('',(1.366214935437,8.727347074391E-04));
#2410 = CARTESIAN_POINT('',(1.368838711318,4.127327989884E-03));
#2411 = CARTESIAN_POINT('',(1.370266804075,5.866880060577E-03));
#2412 = CARTESIAN_POINT('',(1.37172152717,7.606297087082E-03));
#2413 = CARTESIAN_POINT('',(1.373204031325,9.345568801641E-03));
#2414 = CARTESIAN_POINT('',(1.374715592817,1.108468320717E-02));
#2415 = CARTESIAN_POINT('',(1.380787387028,1.793187182361E-02));
#2416 = CARTESIAN_POINT('',(1.385417487152,2.285532236895E-02));
#2417 = CARTESIAN_POINT('',(1.390145015647,2.758985776989E-02));
#2418 = CARTESIAN_POINT('',(1.394966811955,3.213158787287E-02));
#2419 = CARTESIAN_POINT('',(1.399879453157,3.647685281418E-02));
#2420 = CARTESIAN_POINT('',(1.423911707733,5.640216497842E-02));
#2421 = CARTESIAN_POINT('',(1.444211386838,6.928905084801E-02));
#2422 = CARTESIAN_POINT('',(1.465566145975,7.908409793744E-02));
#2423 = CARTESIAN_POINT('',(1.487722559981,8.566386447909E-02));
#2424 = CARTESIAN_POINT('',(1.510380139055,8.895196293028E-02));
#2425 = CARTESIAN_POINT('',(1.533203626075,8.895196293028E-02));
#2426 = ( GEOMETRIC_REPRESENTATION_CONTEXT(2) 
PARAMETRIC_REPRESENTATION_CONTEXT() REPRESENTATION_CONTEXT('2D SPACE',''
  ) );
#2427 = PCURVE('',#2190,#2428);
#2428 = DEFINITIONAL_REPRESENTATION('',(#2429),#2492);
#2429 = B_SPLINE_CURVE_WITH_KNOTS('',6,(#2430,#2431,#2432,#2433,#2434,
    #2435,#2436,#2437,#2438,#2439,#2440,#2441,#2442,#2443,#2444,#2445,
    #2446,#2447,#2448,#2449,#2450,#2451,#2452,#2453,#2454,#2455,#2456,
    #2457,#2458,#2459,#2460,#2461,#2462,#2463,#2464,#2465,#2466,#2467,
    #2468,#2469,#2470,#2471,#2472,#2473,#2474,#2475,#2476,#2477,#2478,
    #2479,#2480,#2481,#2482,#2483,#2484,#2485,#2486,#2487,#2488,#2489,
    #2490,#2491),.UNSPECIFIED.,.F.,.F.,(7,5,5,5,5,5,5,5,5,5,5,5,7),(0.,
    5.13783942849E-02,0.179752075105,0.303832675802,0.364098490357,
    0.470080511009,0.58933927636,0.677475592393,0.709376860694,
    0.725203362709,0.743378000785,0.796767035843,1.),.UNSPECIFIED.);
#2430 = CARTESIAN_POINT('',(2.400199829006,5.051803802224));
#2431 = CARTESIAN_POINT('',(2.380407579719,5.073048898506));
#2432 = CARTESIAN_POINT('',(2.360658467911,5.094634902902));
#2433 = CARTESIAN_POINT('',(2.340949712208,5.11653208117));
#2434 = CARTESIAN_POINT('',(2.321278399302,5.138711713924));
#2435 = CARTESIAN_POINT('',(2.301641483946,5.161146096639));
#2436 = CARTESIAN_POINT('',(2.233049142626,5.240432754278));
#2437 = CARTESIAN_POINT('',(2.184259683874,5.298478213196));
#2438 = CARTESIAN_POINT('',(2.135613630078,5.357533743384));
#2439 = CARTESIAN_POINT('',(2.087062048527,5.41721988363));
#2440 = CARTESIAN_POINT('',(2.038557364515,5.477191128208));
#2441 = CARTESIAN_POINT('',(1.943164564816,5.5950804604));
#2442 = CARTESIAN_POINT('',(1.896279120027,5.652996993986));
#2443 = CARTESIAN_POINT('',(1.849350724685,5.710606018351));
#2444 = CARTESIAN_POINT('',(1.802343084194,5.767646036317));
#2445 = CARTESIAN_POINT('',(1.755224684797,5.823877597075));
#2446 = CARTESIAN_POINT('',(1.685014080335,5.905899305267));
#2447 = CARTESIAN_POINT('',(1.662028509118,5.932471670227));
#2448 = CARTESIAN_POINT('',(1.639007328247,5.958777182655));
#2449 = CARTESIAN_POINT('',(1.615947860307,5.984792080035));
#2450 = CARTESIAN_POINT('',(1.592847767199,6.010493836346));
#2451 = CARTESIAN_POINT('',(1.52900682123,6.080471534583));
#2452 = CARTESIAN_POINT('',(1.488176438565,6.124048057005));
#2453 = CARTESIAN_POINT('',(1.447203800602,6.16647432747));
#2454 = CARTESIAN_POINT('',(1.406081453442,6.207647193046));
#2455 = CARTESIAN_POINT('',(1.364805206227,6.247477541107));
#2456 = CARTESIAN_POINT('',(1.276754145793,6.329116842317));
#2457 = CARTESIAN_POINT('',(1.229936800165,6.370549965537));
#2458 = CARTESIAN_POINT('',(1.18292450405,6.410082278709));
#2459 = CARTESIAN_POINT('',(1.135720296652,6.447634754117));
#2460 = CARTESIAN_POINT('',(1.088331001245,6.483154801159));
#2461 = CARTESIAN_POINT('',(1.005620379941,6.541340711578));
#2462 = CARTESIAN_POINT('',(0.970376267248,6.564942618131));
#2463 = CARTESIAN_POINT('',(0.935042596479,6.58740759517));
#2464 = CARTESIAN_POINT('',(0.899624217819,6.608732487566));
#2465 = CARTESIAN_POINT('',(0.864126433824,6.62892093465));
#2466 = CARTESIAN_POINT('',(0.815680837917,6.654880741278));
#2467 = CARTESIAN_POINT('',(0.802796315114,6.661632111762));
#2468 = CARTESIAN_POINT('',(0.789902481932,6.668236191976));
#2469 = CARTESIAN_POINT('',(0.776999618166,6.674693501876));
#2470 = CARTESIAN_POINT('',(0.764088004795,6.681004646639));
#2471 = CARTESIAN_POINT('',(0.744758157351,6.690229160221));
#2472 = CARTESIAN_POINT('',(0.738346302332,6.693252200231));
#2473 = CARTESIAN_POINT('',(0.731932404712,6.69623951546));
#2474 = CARTESIAN_POINT('',(0.725516497174,6.699191194608));
#2475 = CARTESIAN_POINT('',(0.7190985993,6.702107336311));
#2476 = CARTESIAN_POINT('',(0.705306335035,6.708296165679));
#2477 = CARTESIAN_POINT('',(0.697853299527,6.711592567659));
#2478 = CARTESIAN_POINT('',(0.690315931362,6.714877199402));
#2479 = CARTESIAN_POINT('',(0.682690087799,6.718150002791));
#2480 = CARTESIAN_POINT('',(0.674971163038,6.721410917268));
#2481 = CARTESIAN_POINT('',(0.644190985471,6.734203892529));
#2482 = CARTESIAN_POINT('',(0.621204823005,6.743302215645));
#2483 = CARTESIAN_POINT('',(0.598197207621,6.751959863955));
#2484 = CARTESIAN_POINT('',(0.575169697726,6.760182153221));
#2485 = CARTESIAN_POINT('',(0.552123803339,6.767974700191));
#2486 = CARTESIAN_POINT('',(0.441269088234,6.803393513733));
#2487 = CARTESIAN_POINT('',(0.353212672769,6.825307745894));
#2488 = CARTESIAN_POINT('',(0.265015789658,6.841386215077));
#2489 = CARTESIAN_POINT('',(0.17671669027,6.851994474891));
#2490 = CARTESIAN_POINT('',(8.834606101204E-02,6.85729596332));
#2491 = CARTESIAN_POINT('',(0.,6.85729596332));
#2492 = ( GEOMETRIC_REPRESENTATION_CONTEXT(2) 
PARAMETRIC_REPRESENTATION_CONTEXT() REPRESENTATION_CONTEXT('2D SPACE',''
  ) );
#2493 = ADVANCED_FACE('',(#2494,#6270),#1093,.T.);
#2494 = FACE_BOUND('',#2495,.T.);
#2495 = EDGE_LOOP('',(#2496,#4150,#4406,#6016));
#2496 = ORIENTED_EDGE('',*,*,#2497,.F.);
#2497 = EDGE_CURVE('',#2498,#2500,#2502,.T.);
#2498 = VERTEX_POINT('',#2499);
#2499 = CARTESIAN_POINT('',(9.433919460583,5.E-02,28.824826736727));
#2500 = VERTEX_POINT('',#2501);
#2501 = CARTESIAN_POINT('',(-9.433919493513,5.E-02,28.824826666483));
#2502 = SURFACE_CURVE('',#2503,(#3038,#3576),.PCURVE_S1.);
#2503 = B_SPLINE_CURVE_WITH_KNOTS('',8,(#2504,#2505,#2506,#2507,#2508,
    #2509,#2510,#2511,#2512,#2513,#2514,#2515,#2516,#2517,#2518,#2519,
    #2520,#2521,#2522,#2523,#2524,#2525,#2526,#2527,#2528,#2529,#2530,
    #2531,#2532,#2533,#2534,#2535,#2536,#2537,#2538,#2539,#2540,#2541,
    #2542,#2543,#2544,#2545,#2546,#2547,#2548,#2549,#2550,#2551,#2552,
    #2553,#2554,#2555,#2556,#2557,#2558,#2559,#2560,#2561,#2562,#2563,
    #2564,#2565,#2566,#2567,#2568,#2569,#2570,#2571,#2572,#2573,#2574,
    #2575,#2576,#2577,#2578,#2579,#2580,#2581,#2582,#2583,#2584,#2585,
    #2586,#2587,#2588,#2589,#2590,#2591,#2592,#2593,#2594,#2595,#2596,
    #2597,#2598,#2599,#2600,#2601,#2602,#2603,#2604,#2605,#2606,#2607,
    #2608,#2609,#2610,#2611,#2612,#2613,#2614,#2615,#2616,#2617,#2618,
    #2619,#2620,#2621,#2622,#2623,#2624,#2625,#2626,#2627,#2628,#2629,
    #2630,#2631,#2632,#2633,#2634,#2635,#2636,#2637,#2638,#2639,#2640,
    #2641,#2642,#2643,#2644,#2645,#2646,#2647,#2648,#2649,#2650,#2651,
    #2652,#2653,#2654,#2655,#2656,#2657,#2658,#2659,#2660,#2661,#2662,
    #2663,#2664,#2665,#2666,#2667,#2668,#2669,#2670,#2671,#2672,#2673,
    #2674,#2675,#2676,#2677,#2678,#2679,#2680,#2681,#2682,#2683,#2684,
    #2685,#2686,#2687,#2688,#2689,#2690,#2691,#2692,#2693,#2694,#2695,
    #2696,#2697,#2698,#2699,#2700,#2701,#2702,#2703,#2704,#2705,#2706,
    #2707,#2708,#2709,#2710,#2711,#2712,#2713,#2714,#2715,#2716,#2717,
    #2718,#2719,#2720,#2721,#2722,#2723,#2724,#2725,#2726,#2727,#2728,
    #2729,#2730,#2731,#2732,#2733,#2734,#2735,#2736,#2737,#2738,#2739,
    #2740,#2741,#2742,#2743,#2744,#2745,#2746,#2747,#2748,#2749,#2750,
    #2751,#2752,#2753,#2754,#2755,#2756,#2757,#2758,#2759,#2760,#2761,
    #2762,#2763,#2764,#2765,#2766,#2767,#2768,#2769,#2770,#2771,#2772,
    #2773,#2774,#2775,#2776,#2777,#2778,#2779,#2780,#2781,#2782,#2783,
    #2784,#2785,#2786,#2787,#2788,#2789,#2790,#2791,#2792,#2793,#2794,
    #2795,#2796,#2797,#2798,#2799,#2800,#2801,#2802,#2803,#2804,#2805,
    #2806,#2807,#2808,#2809,#2810,#2811,#2812,#2813,#2814,#2815,#2816,
    #2817,#2818,#2819,#2820,#2821,#2822,#2823,#2824,#2825,#2826,#2827,
    #2828,#2829,#2830,#2831,#2832,#2833,#2834,#2835,#2836,#2837,#2838,
    #2839,#2840,#2841,#2842,#2843,#2844,#2845,#2846,#2847,#2848,#2849,
    #2850,#2851,#2852,#2853,#2854,#2855,#2856,#2857,#2858,#2859,#2860,
    #2861,#2862,#2863,#2864,#2865,#2866,#2867,#2868,#2869,#2870,#2871,
    #2872,#2873,#2874,#2875,#2876,#2877,#2878,#2879,#2880,#2881,#2882,
    #2883,#2884,#2885,#2886,#2887,#2888,#2889,#2890,#2891,#2892,#2893,
    #2894,#2895,#2896,#2897,#2898,#2899,#2900,#2901,#2902,#2903,#2904,
    #2905,#2906,#2907,#2908,#2909,#2910,#2911,#2912,#2913,#2914,#2915,
    #2916,#2917,#2918,#2919,#2920,#2921,#2922,#2923,#2924,#2925,#2926,
    #2927,#2928,#2929,#2930,#2931,#2932,#2933,#2934,#2935,#2936,#2937,
    #2938,#2939,#2940,#2941,#2942,#2943,#2944,#2945,#2946,#2947,#2948,
    #2949,#2950,#2951,#2952,#2953,#2954,#2955,#2956,#2957,#2958,#2959,
    #2960,#2961,#2962,#2963,#2964,#2965,#2966,#2967,#2968,#2969,#2970,
    #2971,#2972,#2973,#2974,#2975,#2976,#2977,#2978,#2979,#2980,#2981,
    #2982,#2983,#2984,#2985,#2986,#2987,#2988,#2989,#2990,#2991,#2992,
    #2993,#2994,#2995,#2996,#2997,#2998,#2999,#3000,#3001,#3002,#3003,
    #3004,#3005,#3006,#3007,#3008,#3009,#3010,#3011,#3012,#3013,#3014,
    #3015,#3016,#3017,#3018,#3019,#3020,#3021,#3022,#3023,#3024,#3025,
    #3026,#3027,#3028,#3029,#3030,#3031,#3032,#3033,#3034,#3035,#3036,
    #3037),.UNSPECIFIED.,.T.,.F.,(9,7,7,7,7,7,7,7,7,7,7,7,7,7,7,7,7,7,7,
    7,7,7,7,7,7,7,7,7,7,7,7,7,7,7,7,7,7,7,7,7,7,7,7,7,7,7,7,7,7,7,7,7,7,
    7,7,7,7,7,7,7,7,7,7,7,7,7,7,7,7,7,7,7,7,7,7,7,9),(0.,
    2.125986204249E-02,5.983107997708E-02,8.356908398182E-02,
    0.108941520114,0.130244059083,0.150291400391,0.165160018975,
    0.172492810763,0.17428376671,0.177019917894,0.179865918938,
    0.188972794933,0.199914214987,0.21296624299,0.229040239212,
    0.241424735333,0.248117332224,0.262356225731,0.283557378887,
    0.294863566453,0.296064056882,0.312054390505,0.324851271119,
    0.336026999336,0.345399185901,0.353198588999,0.356372135176,
    0.357751421317,0.368182484731,0.370780126467,0.378837726801,
    0.396288739203,0.414759577327,0.437689484393,0.460709903783,
    0.474829229196,0.484502126006,0.509731221884,0.54463660045,
    0.558763788082,0.581789800489,0.604722230533,0.623194245941,
    0.640645984786,0.647114499697,0.649528615635,0.653700328356,
    0.659980585518,0.661545092864,0.66273480436,0.666349210708,
    0.674150939609,0.683526687404,0.694708012952,0.707412229304,
    0.724195401272,0.725597477831,0.735105566896,0.754897005117,
    0.768200194064,0.774457140928,0.786029510346,0.801048176131,
    0.813242315373,0.823463964896,0.831971505489,0.835440897204,
    0.836918637397,0.839729737073,0.859665614855,0.878394027021,
    0.898219023695,0.921926603162,0.94409680922,0.98008666416,1.),
  .UNSPECIFIED.);
#2504 = CARTESIAN_POINT('',(9.433941467124,-1.7763568394E-15,
    28.824706713794));
#2505 = CARTESIAN_POINT('',(9.433941476356,0.225156603568,
    28.824706699546));
#2506 = CARTESIAN_POINT('',(9.432921396322,0.450410891895,
    28.830269892112));
#2507 = CARTESIAN_POINT('',(9.430879753292,0.675598595605,
    28.841404622022));
#2508 = CARTESIAN_POINT('',(9.427810507645,0.900554366214,
    28.858111784492));
#2509 = CARTESIAN_POINT('',(9.4237031655,1.125111747188,28.880384479654)
  );
#2510 = CARTESIAN_POINT('',(9.418542890334,1.34910314499,28.908207652788
    ));
#2511 = CARTESIAN_POINT('',(9.412310614617,1.572359800138,
    28.941557734548));
#2512 = CARTESIAN_POINT('',(9.391689145353,2.198119172541,29.05087690395
    ));
#2513 = CARTESIAN_POINT('',(9.374789599615,2.598571192412,
    29.139440820105));
#2514 = CARTESIAN_POINT('',(9.354146477467,2.995034455317,
    29.245899809744));
#2515 = CARTESIAN_POINT('',(9.329577783896,3.386507080663,
    29.369964667372));
#2516 = CARTESIAN_POINT('',(9.300859613679,3.772019026369,
    29.511256762061));
#2517 = CARTESIAN_POINT('',(9.267730521032,4.150633755686,29.66931045798
    ));
#2518 = CARTESIAN_POINT('',(9.22989821084,4.521451214249,29.84357239533)
  );
#2519 = CARTESIAN_POINT('',(9.160677458627,5.10649793286,30.150222346005
    ));
#2520 = CARTESIAN_POINT('',(9.132405307125,5.326110679669,30.27294485497
    ));
#2521 = CARTESIAN_POINT('',(9.102158368655,5.542253074353,
    30.401416887525));
#2522 = CARTESIAN_POINT('',(9.069859130772,5.754736725197,
    30.535479566329));
#2523 = CARTESIAN_POINT('',(9.035426896821,5.963382198151,
    30.674963559671));
#2524 = CARTESIAN_POINT('',(8.998778385868,6.168019082746,
    30.819689233421));
#2525 = CARTESIAN_POINT('',(8.959828332625,6.368486058014,30.96946680298
    ));
#2526 = CARTESIAN_POINT('',(8.874305588961,6.774281052742,
    31.289372838902));
#2527 = CARTESIAN_POINT('',(8.827392369291,6.978995062215,
    31.460193813703));
#2528 = CARTESIAN_POINT('',(8.777644652377,7.178587153943,
    31.636315101237));
#2529 = CARTESIAN_POINT('',(8.724954460975,7.372885627448,
    31.817481084356));
#2530 = CARTESIAN_POINT('',(8.669212338668,7.561733108515,
    32.003424889582));
#2531 = CARTESIAN_POINT('',(8.610308071956,7.744986743042,
    32.193868439536));
#2532 = CARTESIAN_POINT('',(8.548131412336,7.922518390897,
    32.388522505358));
#2533 = CARTESIAN_POINT('',(8.427530091957,8.238370017188,
    32.753800077968));
#2534 = CARTESIAN_POINT('',(8.370103381982,8.378412833893,
    32.923270490602));
#2535 = CARTESIAN_POINT('',(8.31022735015,8.514276194432,33.095320420698
    ));
#2536 = CARTESIAN_POINT('',(8.247837072828,8.64590154949,33.269767595385
    ));
#2537 = CARTESIAN_POINT('',(8.18286802107,8.773238875901,33.446425045248
    ));
#2538 = CARTESIAN_POINT('',(8.115256060618,8.896246676643,
    33.625101104336));
#2539 = CARTESIAN_POINT('',(8.044937451901,9.014891980838,33.80559941016
    ));
#2540 = CARTESIAN_POINT('',(7.903066902637,9.236676321392,
    34.159107511911));
#2541 = CARTESIAN_POINT('',(7.831831803851,9.340317846705,
    34.331932092886));
#2542 = CARTESIAN_POINT('',(7.758090976765,9.440054606227,
    34.506025340738));
#2543 = CARTESIAN_POINT('',(7.68179217274,9.535873900608,34.681216537281
    ));
#2544 = CARTESIAN_POINT('',(7.602883471406,9.627770644611,
    34.857331552018));
#2545 = CARTESIAN_POINT('',(7.521313280663,9.715747367115,
    35.034192842139));
#2546 = CARTESIAN_POINT('',(7.437030336681,9.799814211117,
    35.211619452528));
#2547 = CARTESIAN_POINT('',(7.285423370561,9.939452591796,
    35.521302483578));
#2548 = CARTESIAN_POINT('',(7.219342687731,9.996775530157,
    35.653387355713));
#2549 = CARTESIAN_POINT('',(7.15172086533,10.051965071219,
    35.785606508263));
#2550 = CARTESIAN_POINT('',(7.082537113404,10.105031086345,
    35.917883605986));
#2551 = CARTESIAN_POINT('',(7.011770642129,10.155985995856,
    36.050141102287));
#2552 = CARTESIAN_POINT('',(6.93940066181,10.204844769032,
    36.182300239225));
#2553 = CARTESIAN_POINT('',(6.865406382877,10.251624924107,
    36.314281047505));
#2554 = CARTESIAN_POINT('',(6.752463758508,10.318402006038,
    36.51096363789));
#2555 = CARTESIAN_POINT('',(6.71476037526,10.339956829167,
    36.575861772347));
#2556 = CARTESIAN_POINT('',(6.676654367046,10.361013415579,
    36.640686997796));
#2557 = CARTESIAN_POINT('',(6.638143231414,10.381574345022,
    36.705429469717));
#2558 = CARTESIAN_POINT('',(6.599224462559,10.401642359072,
    36.770079251131));
#2559 = CARTESIAN_POINT('',(6.559895551322,10.421220361132,
    36.834626312597));
#2560 = CARTESIAN_POINT('',(6.520153985192,10.440311416435,
    36.899060532214));
#2561 = CARTESIAN_POINT('',(6.470189394649,10.463463395114,
    36.979079008987));
#2562 = CARTESIAN_POINT('',(6.460356774868,10.467979183123,
    36.994778981253));
#2563 = CARTESIAN_POINT('',(6.450499352301,10.472466163148,
    37.010471463454));
#2564 = CARTESIAN_POINT('',(6.440617090278,10.476924382863,
    37.026156306249));
#2565 = CARTESIAN_POINT('',(6.430709952115,10.48135389054,
    37.041833359921));
#2566 = CARTESIAN_POINT('',(6.420777901119,10.48575473504,
    37.057502474377));
#2567 = CARTESIAN_POINT('',(6.410820900584,10.490126965825,
    37.073163499146));
#2568 = CARTESIAN_POINT('',(6.385588831767,10.50110671456,
    37.112729983862));
#2569 = CARTESIAN_POINT('',(6.370280399488,10.507676141403,
    37.136624500109));
#2570 = CARTESIAN_POINT('',(6.354913117066,10.51417924834,
    37.160499867714));
#2571 = CARTESIAN_POINT('',(6.339487158423,10.520616080179,
    37.184355063281));
#2572 = CARTESIAN_POINT('',(6.324002316202,10.526986851021,
    37.208189659098));
#2573 = CARTESIAN_POINT('',(6.308458308893,10.533291810578,
    37.232003341425));
#2574 = CARTESIAN_POINT('',(6.292855209676,10.539531057491,
    37.255795237904));
#2575 = CARTESIAN_POINT('',(6.260901493406,10.552126484189,
    37.304289059729));
#2576 = CARTESIAN_POINT('',(6.244546054978,10.55847728445,
    37.328989108967));
#2577 = CARTESIAN_POINT('',(6.228126291688,10.564757456176,
    37.353664526586));
#2578 = CARTESIAN_POINT('',(6.21164205407,10.570967219025,
    37.378314688947));
#2579 = CARTESIAN_POINT('',(6.195093192668,10.577106796654,
    37.402938969495));
#2580 = CARTESIAN_POINT('',(6.178479558041,10.583176416715,
    37.427536738755));
#2581 = CARTESIAN_POINT('',(6.161801000761,10.589176310858,
    37.452107364335));
#2582 = CARTESIAN_POINT('',(6.091479686077,10.61408331678,
    37.555184500942));
#2583 = CARTESIAN_POINT('',(6.037235725144,10.632348404017,
    37.633434312492));
#2584 = CARTESIAN_POINT('',(5.982320574716,10.649909679178,
    37.711378883647));
#2585 = CARTESIAN_POINT('',(5.926729341736,10.666775287405,
    37.788997079762));
#2586 = CARTESIAN_POINT('',(5.870457153992,10.682953816246,
    37.866267393469));
#2587 = CARTESIAN_POINT('',(5.813499160117,10.698454295652,
    37.94316794468));
#2588 = CARTESIAN_POINT('',(5.755850529586,10.713286197979,
    38.019676480586));
#2589 = CARTESIAN_POINT('',(5.627409188713,10.744487805866,
    38.18719308376));
#2590 = CARTESIAN_POINT('',(5.556308190522,10.760565475517,
    38.27801706773));
#2591 = CARTESIAN_POINT('',(5.484195026788,10.775709619575,38.3682031765
    ));
#2592 = CARTESIAN_POINT('',(5.411061480105,10.789938428482,
    38.457711177141));
#2593 = CARTESIAN_POINT('',(5.33689954702,10.803271110493,
    38.546499754854));
#2594 = CARTESIAN_POINT('',(5.26170143803,10.815727891669,
    38.634526512975));
#2595 = CARTESIAN_POINT('',(5.185459577585,10.827330015885,
    38.721747972972));
#2596 = CARTESIAN_POINT('',(5.015963692465,10.850946938208,
    38.911152264351));
#2597 = CARTESIAN_POINT('',(4.922265808141,10.862609764781,
    39.012975030633));
#2598 = CARTESIAN_POINT('',(4.827059916823,10.873126000972,
    39.113512399446));
#2599 = CARTESIAN_POINT('',(4.730334496697,10.882535716658,
    39.212685813208));
#2600 = CARTESIAN_POINT('',(4.632079538428,10.890881275163,
    39.310413630601));
#2601 = CARTESIAN_POINT('',(4.532286545156,10.898207333262,
    39.406611126569));
#2602 = CARTESIAN_POINT('',(4.430948532498,10.904560841173,
    39.501190492326));
#2603 = CARTESIAN_POINT('',(4.201349594632,10.91667850421,
    39.708433787931));
#2604 = CARTESIAN_POINT('',(4.072290812338,10.921965809428,
    39.820212062218));
#2605 = CARTESIAN_POINT('',(3.940872587838,10.925944891189,
    39.929228325463));
#2606 = CARTESIAN_POINT('',(3.807092185677,10.928713463248,
    40.035303769881));
#2607 = CARTESIAN_POINT('',(3.670956441618,10.930374647122,
    40.138249822121));
#2608 = CARTESIAN_POINT('',(3.53248297548,10.931036599068,
    40.237869852738));
#2609 = CARTESIAN_POINT('',(3.391701403993,10.930812137065,
    40.333960885663));
#2610 = CARTESIAN_POINT('',(3.138441593076,10.929052633305,
    40.497471456634));
#2611 = CARTESIAN_POINT('',(3.026885956971,10.927830170583,
    40.566408209724));
#2612 = CARTESIAN_POINT('',(2.914008414559,10.926204184236,
    40.633030406925));
#2613 = CARTESIAN_POINT('',(2.799836513752,10.924229388663,
    40.697240070572));
#2614 = CARTESIAN_POINT('',(2.68440506927,10.921961436777,
    40.758937765214));
#2615 = CARTESIAN_POINT('',(2.56775665079,10.919456348727,
    40.818023957463));
#2616 = CARTESIAN_POINT('',(2.449942071084,10.916769940629,
    40.874400375846));
#2617 = CARTESIAN_POINT('',(2.266755699839,10.912437286983,
    40.956921172278));
#2618 = CARTESIAN_POINT('',(2.202167396275,10.910880360292,
    40.985051820565));
#2619 = CARTESIAN_POINT('',(2.137265445841,10.909295227395,
    41.012348034189));
#2620 = CARTESIAN_POINT('',(2.072060040772,10.907690473327,
    41.038794962659));
#2621 = CARTESIAN_POINT('',(2.006562083163,10.906074513983,
    41.064378186317));
#2622 = CARTESIAN_POINT('',(1.94078318497,10.904455596115,
    41.089083716336));
#2623 = CARTESIAN_POINT('',(1.874735668012,10.902841797337,
    41.112897994727));
#2624 = CARTESIAN_POINT('',(1.66736884161,10.897835235319,
    41.184550139221));
#2625 = CARTESIAN_POINT('',(1.525141646048,10.894487964949,
    41.229201574672));
#2626 = CARTESIAN_POINT('',(1.381884022147,10.891274627794,
    41.269634061733));
#2627 = CARTESIAN_POINT('',(1.237735278934,10.888265225344,
    41.305736113738));
#2628 = CARTESIAN_POINT('',(1.092839148325,10.885522169433,41.3374143815
    ));
#2629 = CARTESIAN_POINT('',(0.94734270208,10.883098543917,
    41.364594743162));
#2630 = CARTESIAN_POINT('',(0.801396026977,10.881036806398,
    41.387222998716));
#2631 = CARTESIAN_POINT('',(0.437402023655,10.876883047515,
    41.432129231612));
#2632 = CARTESIAN_POINT('',(0.218958504753,10.87526870803,
    41.448830517108));
#2633 = CARTESIAN_POINT('',(3.301838135448E-04,10.874627915129,
    41.455250436793));
#2634 = CARTESIAN_POINT('',(-0.218045071435,10.875005960492,
    41.451384482415));
#2635 = CARTESIAN_POINT('',(-0.435790642233,10.876389180921,
    41.437304069694));
#2636 = CARTESIAN_POINT('',(-0.652557912544,10.878707868773,
    41.413138844432));
#2637 = CARTESIAN_POINT('',(-0.867994842121,10.88184186747,
    41.379075780008));
#2638 = CARTESIAN_POINT('',(-1.195730153798,10.887646138502,
    41.31206463016));
#2639 = CARTESIAN_POINT('',(-1.309241853722,10.889850251355,
    41.286015012486));
#2640 = CARTESIAN_POINT('',(-1.422224678765,10.89221500043,
    41.257260627855));
#2641 = CARTESIAN_POINT('',(-1.534627099552,10.894712155508,
    41.225844362884));
#2642 = CARTESIAN_POINT('',(-1.646398952144,10.897310428119,
    41.191813713488));
#2643 = CARTESIAN_POINT('',(-1.757491453031,10.89997592159,
    41.155220593607));
#2644 = CARTESIAN_POINT('',(-1.867857214134,10.9026725811,
    41.116121143924));
#2645 = CARTESIAN_POINT('',(-1.989086835778,10.90564827496,
    41.070164214973));
#2646 = CARTESIAN_POINT('',(-2.001556239553,10.905954487179,
    41.065406396734));
#2647 = CARTESIAN_POINT('',(-2.014265649532,10.90626672471,
    41.060518664965));
#2648 = CARTESIAN_POINT('',(-2.026854421692,10.906576055781,
    41.055638746642));
#2649 = CARTESIAN_POINT('',(-2.039199814954,10.906879395475,
    41.050817830974));
#2650 = CARTESIAN_POINT('',(-2.051419083252,10.907179584354,
    41.046013986604));
#2651 = CARTESIAN_POINT('',(-2.06386793231,10.907485322769,
    41.041086681654));
#2652 = CARTESIAN_POINT('',(-2.25385497698,10.912148410228,
    40.965273412546));
#2653 = CARTESIAN_POINT('',(-2.42889757835,10.916410533742,
    40.888256145561));
#2654 = CARTESIAN_POINT('',(-2.601904876897,10.920428398402,
    40.805011025743));
#2655 = CARTESIAN_POINT('',(-2.77258950115,10.924021150799,
    40.715848899608));
#2656 = CARTESIAN_POINT('',(-2.940729010993,10.927004499418,
    40.621100043049));
#2657 = CARTESIAN_POINT('',(-3.106159588169,10.92919668494,
    40.521096836072));
#2658 = CARTESIAN_POINT('',(-3.268769382751,10.930421938515,
    40.416160109334));
#2659 = CARTESIAN_POINT('',(-3.55631532982,10.930583004593,
    40.218900823956));
#2660 = CARTESIAN_POINT('',(-3.6822827526,10.929927285381,
    40.128249056209));
#2661 = CARTESIAN_POINT('',(-3.806357501209,10.928457536847,
    40.034789851476));
#2662 = CARTESIAN_POINT('',(-3.928514038729,10.926090407295,
    39.938675497114));
#2663 = CARTESIAN_POINT('',(-4.048736497087,10.922746061444,
    39.84005342299));
#2664 = CARTESIAN_POINT('',(-4.167017600094,10.918348315029,
    39.739065048884));
#2665 = CARTESIAN_POINT('',(-4.283357586493,10.912824769394,
    39.635844631888));
#2666 = CARTESIAN_POINT('',(-4.497675415676,10.900240123602,
    39.438534741847));
#2667 = CARTESIAN_POINT('',(-4.596110466334,10.893462487643,
    39.344946918836));
#2668 = CARTESIAN_POINT('',(-4.693072136062,10.885728302218,
    39.249839546489));
#2669 = CARTESIAN_POINT('',(-4.788566118442,10.87699411847,
    39.15329482891));
#2670 = CARTESIAN_POINT('',(-4.882599806761,10.867218691561,
    39.055392184432));
#2671 = CARTESIAN_POINT('',(-4.975182151219,10.85636289756,
    38.956208157453));
#2672 = CARTESIAN_POINT('',(-5.066323516139,10.844389650328,
    38.855816330273));
#2673 = CARTESIAN_POINT('',(-5.2312698132,10.820256253825,38.66914292845
    ));
#2674 = CARTESIAN_POINT('',(-5.305498452171,10.808438084514,
    38.583199269932));
#2675 = CARTESIAN_POINT('',(-5.378728170839,10.795788682042,
    38.496498070313));
#2676 = CARTESIAN_POINT('',(-5.450965910381,10.78228835661,
    38.409080142776));
#2677 = CARTESIAN_POINT('',(-5.522218836407,10.767918357049,
    38.320985302752));
#2678 = CARTESIAN_POINT('',(-5.592494338962,10.752660870818,
    38.232252367917));
#2679 = CARTESIAN_POINT('',(-5.661800032524,10.736499024001,
    38.142919158191));
#2680 = CARTESIAN_POINT('',(-5.787018446159,10.705201348093,
    37.978211744495));
#2681 = CARTESIAN_POINT('',(-5.843226853491,10.690348439562,
    37.903010913232));
#2682 = CARTESIAN_POINT('',(-5.898773443413,10.674848960037,
    37.827441271234));
#2683 = CARTESIAN_POINT('',(-5.953662706745,10.65869412237,
    37.751523745151));
#2684 = CARTESIAN_POINT('',(-6.007899159708,10.641875547953,
    37.675278919007));
#2685 = CARTESIAN_POINT('',(-6.061487343928,10.624385266714,
    37.598727034193));
#2686 = CARTESIAN_POINT('',(-6.114431826436,10.60621571712,
    37.521887989473));
#2687 = CARTESIAN_POINT('',(-6.188020049349,10.579687323388,
    37.413406952932));
#2688 = CARTESIAN_POINT('',(-6.209197082829,10.571901251477,
    37.381988265801));
#2689 = CARTESIAN_POINT('',(-6.230268608272,10.564001047542,
    37.350526600161));
#2690 = CARTESIAN_POINT('',(-6.251234933973,10.555986239276,
    37.319023268971));
#2691 = CARTESIAN_POINT('',(-6.272096368353,10.54785636496,
    37.287479577577));
#2692 = CARTESIAN_POINT('',(-6.292853219962,10.539610973469,
    37.255896823715));
#2693 = CARTESIAN_POINT('',(-6.313505797478,10.531249624265,
    37.224276297509));
#2694 = CARTESIAN_POINT('',(-6.342985244215,10.519087294572,
    37.178860514109));
#2695 = CARTESIAN_POINT('',(-6.351896417104,10.515380726938,
    37.165094890532));
#2696 = CARTESIAN_POINT('',(-6.360787995358,10.511652130941,
    37.151322450617));
#2697 = CARTESIAN_POINT('',(-6.369659998597,10.507901474143,
    37.137543308425));
#2698 = CARTESIAN_POINT('',(-6.378512428066,10.504128732529,
    37.12375760665));
#2699 = CARTESIAN_POINT('',(-6.387345295616,10.50033387782,
    37.109965471077));
#2700 = CARTESIAN_POINT('',(-6.396158652697,10.496516864774,
    37.096166965035));
#2701 = CARTESIAN_POINT('',(-6.471458330623,10.463642746963,
    36.977960192453));
#2702 = CARTESIAN_POINT('',(-6.536853362646,10.433336941329,
    36.873194107679));
#2703 = CARTESIAN_POINT('',(-6.601148533799,10.401745488599,
    36.768108486521));
#2704 = CARTESIAN_POINT('',(-6.664354646887,10.368854816975,
    36.662747382718));
#2705 = CARTESIAN_POINT('',(-6.726482489135,10.334652495855,
    36.557154206757));
#2706 = CARTESIAN_POINT('',(-6.787542832185,10.299127235834,
    36.451371725879));
#2707 = CARTESIAN_POINT('',(-6.847546432102,10.262268888707,
    36.34544206407));
#2708 = CARTESIAN_POINT('',(-6.92118620885,10.214555408944,
    36.213000779969));
#2709 = CARTESIAN_POINT('',(-6.935803556214,10.204959111883,
    36.186588240311));
#2710 = CARTESIAN_POINT('',(-6.950356040557,10.19527955462,
    36.160170089777));
#2711 = CARTESIAN_POINT('',(-6.964844421759,10.185516187463,
    36.133745871826));
#2712 = CARTESIAN_POINT('',(-6.97926768683,10.175669695838,
    36.107318396388));
#2713 = CARTESIAN_POINT('',(-6.993627499316,10.16573892207,
    36.080885547364));
#2714 = CARTESIAN_POINT('',(-7.007923006895,10.155724436299,
    36.054449822803));
#2715 = CARTESIAN_POINT('',(-7.066300223578,10.114301083431,
    35.946001045575));
#2716 = CARTESIAN_POINT('',(-7.109831667767,10.08216757139,
    35.863963661304));
#2717 = CARTESIAN_POINT('',(-7.15275404479,10.049221722016,
    35.781917782698));
#2718 = CARTESIAN_POINT('',(-7.195072282466,10.015460329808,
    35.699882079764));
#2719 = CARTESIAN_POINT('',(-7.236791314838,9.980880561021,
    35.617875050212));
#2720 = CARTESIAN_POINT('',(-7.277916082163,9.945479953661,
    35.535915019457));
#2721 = CARTESIAN_POINT('',(-7.318451530921,9.909256417486,
    35.454020140619));
#2722 = CARTESIAN_POINT('',(-7.444927971401,9.791970020036,
    35.195021866702));
#2723 = CARTESIAN_POINT('',(-7.528712392379,9.707863333287,
    35.018225392675));
#2724 = CARTESIAN_POINT('',(-7.609806100471,9.61987108999,
    34.842001623555));
#2725 = CARTESIAN_POINT('',(-7.688259680702,9.527983717377,
    34.666529809873));
#2726 = CARTESIAN_POINT('',(-7.764124079395,9.432199153674,
    34.491985801577));
#2727 = CARTESIAN_POINT('',(-7.837450604175,9.332522848104,
    34.318542048029));
#2728 = CARTESIAN_POINT('',(-7.908290923966,9.228967760886,
    34.146367598007));
#2729 = CARTESIAN_POINT('',(-8.049100921104,9.007863795553,
    33.794910736819));
#2730 = CARTESIAN_POINT('',(-8.118777730673,8.889849945023,
    33.615800709944));
#2731 = CARTESIAN_POINT('',(-8.185789437048,8.767537167246,
    33.438494747329));
#2732 = CARTESIAN_POINT('',(-8.250198381572,8.640958063385,
    33.263184963629));
#2733 = CARTESIAN_POINT('',(-8.312067307578,8.510153480167,
    33.090058859912));
#2734 = CARTESIAN_POINT('',(-8.371459360395,8.375172509877,
    32.91929932365));
#2735 = CARTESIAN_POINT('',(-8.42843808734,8.236072490368,
    32.751084628726));
#2736 = CARTESIAN_POINT('',(-8.550884802282,7.915206585545,32.3801396067
    ));
#2737 = CARTESIAN_POINT('',(-8.615081595937,7.731245702785,
    32.178878978388));
#2738 = CARTESIAN_POINT('',(-8.67577918907,7.541161836289,31.98213933046
    ));
#2739 = CARTESIAN_POINT('',(-8.733099825523,7.345097302421,
    31.790240430702));
#2740 = CARTESIAN_POINT('',(-8.787165738765,7.143210928925,
    31.603489021719));
#2741 = CARTESIAN_POINT('',(-8.838098268056,6.935677729465,
    31.422178807948));
#2742 = CARTESIAN_POINT('',(-8.886016974607,6.722688578152,
    31.246590442659));
#2743 = CARTESIAN_POINT('',(-8.976238272073,6.285349772178,
    30.90672306562));
#2744 = CARTESIAN_POINT('',(-9.018518376266,6.060956380147,
    30.742489704832));
#2745 = CARTESIAN_POINT('',(-9.057997350689,5.831478880799,
    30.584562053434));
#2746 = CARTESIAN_POINT('',(-9.0947912917,5.597139309018,30.433195142311
    ));
#2747 = CARTESIAN_POINT('',(-9.129013066918,5.358172297286,
    30.288628336123));
#2748 = CARTESIAN_POINT('',(-9.160771270484,5.114824811189,
    30.151085257022));
#2749 = CARTESIAN_POINT('',(-9.190169178323,4.867355884921,
    30.020773708376));
#2750 = CARTESIAN_POINT('',(-9.233946426745,4.461892259715,
    29.822513477847));
#2751 = CARTESIAN_POINT('',(-9.249737664372,4.306298938349,
    29.749933578312));
#2752 = CARTESIAN_POINT('',(-9.264700000909,4.149318676292,
    29.680190005261));
#2753 = CARTESIAN_POINT('',(-9.278855006249,3.991014930152,
    29.613324387874));
#2754 = CARTESIAN_POINT('',(-9.292223235563,3.831452329545,
    29.549375879139));
#2755 = CARTESIAN_POINT('',(-9.304824229298,3.6706966771,29.488381155844
    ));
#2756 = CARTESIAN_POINT('',(-9.316676513181,3.508814948458,
    29.430374418585));
#2757 = CARTESIAN_POINT('',(-9.335416426369,3.23424825186,
    29.337716765306));
#2758 = CARTESIAN_POINT('',(-9.342692009211,3.122124571877,
    29.301463372945));
#2759 = CARTESIAN_POINT('',(-9.34962994627,3.009526117983,
    29.266637397235));
#2760 = CARTESIAN_POINT('',(-9.356235562684,2.89647492286,
    29.233248455794));
#2761 = CARTESIAN_POINT('',(-9.362513909206,2.782993186207,
    29.201305601301));
#2762 = CARTESIAN_POINT('',(-9.3684697622,2.669103274743,29.170817321503
    ));
#2763 = CARTESIAN_POINT('',(-9.374107623642,2.554827722206,
    29.141791539205));
#2764 = CARTESIAN_POINT('',(-9.393318205012,2.141186215982,
    29.042363448524));
#2765 = CARTESIAN_POINT('',(-9.405070037256,1.839711046715,
    28.98049014116));
#2766 = CARTESIAN_POINT('',(-9.41476205466,1.536170320912,
    28.928746751868));
#2767 = CARTESIAN_POINT('',(-9.422455240794,1.230972183909,
    28.887237480857));
#2768 = CARTESIAN_POINT('',(-9.428196135922,0.92452685615,
    28.856040049833));
#2769 = CARTESIAN_POINT('',(-9.432016246939,0.61724716233,
    28.835206084963));
#2770 = CARTESIAN_POINT('',(-9.433931457293,0.309549060525,
    28.824761499849));
#2771 = CARTESIAN_POINT('',(-9.433955321929,-0.423857749141,
    28.824631139256));
#2772 = CARTESIAN_POINT('',(-9.430322644477,-0.849587627767,
    28.844443000663));
#2773 = CARTESIAN_POINT('',(-9.423043129674,-1.274214017587,
    28.884144934253));
#2774 = CARTESIAN_POINT('',(-9.412060103695,-1.696635192779,
    28.943639690076));
#2775 = CARTESIAN_POINT('',(-9.397259230728,-2.115764666352,
    29.022737039969));
#2776 = CARTESIAN_POINT('',(-9.378470747843,-2.530527991183,
    29.121154614864));
#2777 = CARTESIAN_POINT('',(-9.355475197778,-2.939862844404,
    29.238512836135));
#2778 = CARTESIAN_POINT('',(-9.316897749518,-3.505770969857,
    29.429290521927));
#2779 = CARTESIAN_POINT('',(-9.305051075671,-3.667761421666,
    29.487280646948));
#2780 = CARTESIAN_POINT('',(-9.292455111675,-3.828625476044,
    29.548262569234));
#2781 = CARTESIAN_POINT('',(-9.279091313459,-3.9882960331,
    29.612202059941));
#2782 = CARTESIAN_POINT('',(-9.264940119329,-4.146707167565,
    29.679062408179));
#2783 = CARTESIAN_POINT('',(-9.249980949966,-4.303794128794,
    29.748804421018));
#2784 = CARTESIAN_POINT('',(-9.234192208428,-4.459493340762,
    29.821386423488));
#2785 = CARTESIAN_POINT('',(-9.190428193354,-4.865154171469,
    30.019623131464));
#2786 = CARTESIAN_POINT('',(-9.161041281675,-5.112715297892,
    30.149910382203));
#2787 = CARTESIAN_POINT('',(-9.129293595991,-5.35615468578,
    30.287434057837));
#2788 = CARTESIAN_POINT('',(-9.095081813762,-5.595213050574,
    30.431986292299));
#2789 = CARTESIAN_POINT('',(-9.058297285042,-5.829643183517,
    30.583343382766));
#2790 = CARTESIAN_POINT('',(-9.018827078496,-6.059210216458,
    30.741265866013));
#2791 = CARTESIAN_POINT('',(-8.976555027414,-6.283691886658,
    30.905498594771));
#2792 = CARTESIAN_POINT('',(-8.886354208979,-6.721174942759,
    31.24535095725));
#2793 = CARTESIAN_POINT('',(-8.83844870441,-6.934221476101,
    31.420923313996));
#2794 = CARTESIAN_POINT('',(-8.787529334532,-7.141811858643,
    31.602220269646));
#2795 = CARTESIAN_POINT('',(-8.733476505729,-7.343755086243,
    31.788961137274));
#2796 = CARTESIAN_POINT('',(-8.676168842817,-7.539876019132,
    31.980852170795));
#2797 = CARTESIAN_POINT('',(-8.615484073617,-7.730015707465,
    32.17758657806));
#2798 = CARTESIAN_POINT('',(-8.551299913518,-7.914031716865,
    32.378844533955));
#2799 = CARTESIAN_POINT('',(-8.428878117244,-8.234989065759,
    32.749781590047));
#2800 = CARTESIAN_POINT('',(-8.371911974793,-8.374126062732,
    32.917989861201));
#2801 = CARTESIAN_POINT('',(-8.312532559776,-8.509143811239,
    33.088744336758));
#2802 = CARTESIAN_POINT('',(-8.250676311016,-8.639984924182,
    33.261866731096));
#2803 = CARTESIAN_POINT('',(-8.186280069078,-8.766600260999,
    33.437174143159));
#2804 = CARTESIAN_POINT('',(-8.119281076271,-8.888948927667,
    33.614479056464));
#2805 = CARTESIAN_POINT('',(-8.049616976647,-9.006998276703,
    33.793589339091));
#2806 = CARTESIAN_POINT('',(-7.908833173822,-9.228168056229,
    34.14504542375));
#2807 = CARTESIAN_POINT('',(-7.838006448393,-9.33175367679,
    34.317218640438));
#2808 = CARTESIAN_POINT('',(-7.764693600525,-9.431460260806,
    34.490662240279));
#2809 = CARTESIAN_POINT('',(-7.688842952581,-9.527274811693,
    34.665207168714));
#2810 = CARTESIAN_POINT('',(-7.610403188469,-9.619191844314,
    34.840680970096));
#2811 = CARTESIAN_POINT('',(-7.529323353646,-9.707213384982,
    35.016907787692));
#2812 = CARTESIAN_POINT('',(-7.445552855118,-9.791348971463,
    35.193708363684));
#2813 = CARTESIAN_POINT('',(-7.326975870002,-9.901366667514,
    35.436576396156));
#2814 = CARTESIAN_POINT('',(-7.294533714603,-9.930586210218,
    35.502306471087));
#2815 = CARTESIAN_POINT('',(-7.261712432034,-9.959275170315,
    35.568080959765));
#2816 = CARTESIAN_POINT('',(-7.228509462004,-9.987434590595,
    35.633890487417));
#2817 = CARTESIAN_POINT('',(-7.194922247135,-10.0150656674,
    35.699725608689));
#2818 = CARTESIAN_POINT('',(-7.16094823296,-10.04216975065,
    35.765576807646));
#2819 = CARTESIAN_POINT('',(-7.126584867928,-10.0687483438,
    35.831434497774));
#2820 = CARTESIAN_POINT('',(-7.078858582919,-10.10452700728,
    35.921866603839));
#2821 = CARTESIAN_POINT('',(-7.065832976231,-10.11417794851,
    35.946443744304));
#2822 = CARTESIAN_POINT('',(-7.052752650785,-10.12375601386,
    35.971019941185));
#2823 = CARTESIAN_POINT('',(-7.039617474054,-10.1332612927,
    35.995594690811));
#2824 = CARTESIAN_POINT('',(-7.026427313534,-10.14269387746,
    36.02016748802));
#2825 = CARTESIAN_POINT('',(-7.013182036741,-10.15205386367,
    36.044737826165));
#2826 = CARTESIAN_POINT('',(-6.999881511215,-10.16134134989,
    36.069305197108));
#2827 = CARTESIAN_POINT('',(-6.963445931643,-10.18648056904,
    36.136316725111));
#2828 = CARTESIAN_POINT('',(-6.940200984738,-10.20218843875,
    36.178753789414));
#2829 = CARTESIAN_POINT('',(-6.916789382302,-10.21768104655,
    36.221178931652));
#2830 = CARTESIAN_POINT('',(-6.893211397598,-10.23295827442,
    36.263587738826));
#2831 = CARTESIAN_POINT('',(-6.869465345682,-10.24802138843,
    36.305979390254));
#2832 = CARTESIAN_POINT('',(-6.845551309408,-10.26287045773,
    36.34834979441));
#2833 = CARTESIAN_POINT('',(-6.821468168379,-10.27750641375,
    36.390697061353));
#2834 = CARTESIAN_POINT('',(-6.760704355536,-10.31364332027,
    36.496730022315));
#2835 = CARTESIAN_POINT('',(-6.723808798054,-10.33487514381,
    36.560382747716));
#2836 = CARTESIAN_POINT('',(-6.686526382524,-10.35562751886,
    36.623967145953));
#2837 = CARTESIAN_POINT('',(-6.648854759086,-10.37590284414,
    36.687473922519));
#2838 = CARTESIAN_POINT('',(-6.61079157576,-10.39570366864,
    36.750893697699));
#2839 = CARTESIAN_POINT('',(-6.57233447845,-10.41503269164,
    36.814217006568));
#2840 = CARTESIAN_POINT('',(-6.533481110942,-10.43389276269,
    36.877434298988));
#2841 = CARTESIAN_POINT('',(-6.484450846903,-10.45686913614,
    36.956255515434));
#2842 = CARTESIAN_POINT('',(-6.474647840665,-10.46142247457,
    36.971967913668));
#2843 = CARTESIAN_POINT('',(-6.46482005973,-10.46594694339,
    36.987672985213));
#2844 = CARTESIAN_POINT('',(-6.454967467632,-10.47044258963,
    37.003370580594));
#2845 = CARTESIAN_POINT('',(-6.4450900279,-10.4749094609,37.019060549959
    ));
#2846 = CARTESIAN_POINT('',(-6.435187704053,-10.47934760544,
    37.034742743082));
#2847 = CARTESIAN_POINT('',(-6.425260459606,-10.48375707208,
    37.050417009363));
#2848 = CARTESIAN_POINT('',(-6.407740221706,-10.49146926794,
    37.077996369467));
#2849 = CARTESIAN_POINT('',(-6.400157716649,-10.49478408643,
    37.089904927306));
#2850 = CARTESIAN_POINT('',(-6.392560842767,-10.49808233776,
    37.101808624115));
#2851 = CARTESIAN_POINT('',(-6.384949477474,-10.50136408994,
    37.113707560085));
#2852 = CARTESIAN_POINT('',(-6.377323524469,-10.50462939934,
    37.125601793581));
#2853 = CARTESIAN_POINT('',(-6.369683003559,-10.50787827204,
    37.137491200792));
#2854 = CARTESIAN_POINT('',(-6.362027981562,-10.51111069405,
    37.149375584256));
#2855 = CARTESIAN_POINT('',(-6.331057581045,-10.52409721818,
    37.197345414619));
#2856 = CARTESIAN_POINT('',(-6.307622257575,-10.53371632353,
    37.233389700159));
#2857 = CARTESIAN_POINT('',(-6.284051917608,-10.54318467204,
    37.269385998916));
#2858 = CARTESIAN_POINT('',(-6.260346105067,-10.55250290708,
    37.305332410171));
#2859 = CARTESIAN_POINT('',(-6.236504364073,-10.5616716898,
    37.341227020479));
#2860 = CARTESIAN_POINT('',(-6.212526238943,-10.57069169916,
    37.377067903667));
#2861 = CARTESIAN_POINT('',(-6.188411274192,-10.5795636319,
    37.412853120836));
#2862 = CARTESIAN_POINT('',(-6.111810293982,-10.60712026016,
    37.525699071269));
#2863 = CARTESIAN_POINT('',(-6.058821909548,-10.62526574767,
    37.602548931469));
#2864 = CARTESIAN_POINT('',(-6.005189264764,-10.64273183663,
    37.679110718186));
#2865 = CARTESIAN_POINT('',(-5.950907788867,-10.65952610782,
    37.755364504943));
#2866 = CARTESIAN_POINT('',(-5.895972936798,-10.67565655127,
    37.831290021564));
#2867 = CARTESIAN_POINT('',(-5.840380189201,-10.69113156624,
    37.906866654173));
#2868 = CARTESIAN_POINT('',(-5.784125052425,-10.70595996126,
    37.982073445192));
#2869 = CARTESIAN_POINT('',(-5.658796900349,-10.73720500177,
    38.146798989799));
#2870 = CARTESIAN_POINT('',(-5.589427786312,-10.75333856442,
    38.236143805782));
#2871 = CARTESIAN_POINT('',(-5.519087870545,-10.76856761955,
    38.324886654808));
#2872 = CARTESIAN_POINT('',(-5.447769533585,-10.78290908526,
    38.412989649116));
#2873 = CARTESIAN_POINT('',(-5.375465382372,-10.79638082032,
    38.500413899671));
#2874 = CARTESIAN_POINT('',(-5.302168250246,-10.80900162413,
    38.587119516167));
#2875 = CARTESIAN_POINT('',(-5.227871196947,-10.82079123673,
    38.673065607026));
#2876 = CARTESIAN_POINT('',(-5.062761868737,-10.84486381288,
    38.859752078216));
#2877 = CARTESIAN_POINT('',(-4.971525123897,-10.85680455784,
    38.960153391817));
#2878 = CARTESIAN_POINT('',(-4.878845638116,-10.86762780673,
    39.059343526333));
#2879 = CARTESIAN_POINT('',(-4.784713056464,-10.87737075263,
    39.157248724286));
#2880 = CARTESIAN_POINT('',(-4.689118449355,-10.88607263176,
    39.253792254074));
#2881 = CARTESIAN_POINT('',(-4.592054456843,-10.89377480657,
    39.348894499455));
#2882 = CARTESIAN_POINT('',(-4.493515432918,-10.90052084883,
    39.442473049037));
#2883 = CARTESIAN_POINT('',(-4.279857390066,-10.91298718628,
    39.638938780241));
#2884 = CARTESIAN_POINT('',(-4.164310497641,-10.91844258635,
    39.741355542307));
#2885 = CARTESIAN_POINT('',(-4.046850512906,-10.92278991281,
    39.841569677377));
#2886 = CARTESIAN_POINT('',(-3.92747731127,-10.92610006242,
    39.939449726039));
#2887 = CARTESIAN_POINT('',(-3.806198082796,-10.92844760846,
    40.034857277157));
#2888 = CARTESIAN_POINT('',(-3.683028371832,-10.92991067047,
    40.127648080978));
#2889 = CARTESIAN_POINT('',(-3.557993116645,-10.93057078387,
    40.21767316224));
#2890 = CARTESIAN_POINT('',(-3.263529481358,-10.93043607416,
    40.419854209087));
#2891 = CARTESIAN_POINT('',(-3.092750078739,-10.92910589696,
    40.529826773596));
#2892 = CARTESIAN_POINT('',(-2.918865401966,-10.92671736207,
    40.634352599145));
#2893 = CARTESIAN_POINT('',(-2.742006216718,-10.9234740227,
    40.733059867972));
#2894 = CARTESIAN_POINT('',(-2.562367268656,-10.91958667073,
    40.825562832314));
#2895 = CARTESIAN_POINT('',(-2.380215739472,-10.91526879999,
    40.91147960611));
#2896 = CARTESIAN_POINT('',(-2.195899023929,-10.9107287231,
    40.990454888297));
#2897 = CARTESIAN_POINT('',(-1.994309329039,-10.9057765306,
    41.06818021152));
#2898 = CARTESIAN_POINT('',(-1.979559228455,-10.90541427073,
    41.073812103051));
#2899 = CARTESIAN_POINT('',(-1.965127919152,-10.90506001751,
    41.079275724761));
#2900 = CARTESIAN_POINT('',(-1.950730357031,-10.90470683027,
    41.084681039401));
#2901 = CARTESIAN_POINT('',(-1.936172727676,-10.9043500357,
    41.090099648642));
#2902 = CARTESIAN_POINT('',(-1.921440603104,-10.90398939249,
    41.095533065098));
#2903 = CARTESIAN_POINT('',(-1.906636976946,-10.90362753706,
    41.10094175742));
#2904 = CARTESIAN_POINT('',(-1.792887367983,-10.9008515983,
    41.142128960809));
#2905 = CARTESIAN_POINT('',(-1.693151114247,-10.89844468685,
    41.17601258499));
#2906 = CARTESIAN_POINT('',(-1.592844416075,-10.89607699844,
    41.207843068971));
#2907 = CARTESIAN_POINT('',(-1.492002375887,-10.89377422013,
    41.237580601708));
#2908 = CARTESIAN_POINT('',(-1.39066092365,-10.89156052935,
    41.265188225341));
#2909 = CARTESIAN_POINT('',(-1.288856821909,-10.88945833188,
    41.290631931011));
#2910 = CARTESIAN_POINT('',(-1.18662767082,-10.88748799989,
    41.31388075467));
#2911 = CARTESIAN_POINT('',(-0.8704134216,-10.88187841307,
    41.378673486961));
#2912 = CARTESIAN_POINT('',(-0.655125068056,-10.87873862191,
    41.412812807529));
#2913 = CARTESIAN_POINT('',(-0.438505050231,-10.87641200287,
    41.43706841795));
#2914 = CARTESIAN_POINT('',(-0.220904680276,-10.87501884258,
    41.451253245463));
#2915 = CARTESIAN_POINT('',(-2.671790542381E-03,-10.87462913653,
    41.455237426818));
#2916 = CARTESIAN_POINT('',(0.215817998673,-10.87525700634,
    41.448949126265));
#2917 = CARTESIAN_POINT('',(0.434128105012,-10.87685778568,
    41.432392079252));
#2918 = CARTESIAN_POINT('',(0.798031773523,-10.88099043905,
    41.387731036394));
#2919 = CARTESIAN_POINT('',(0.944017383145,-10.88304522567,
    41.36518986873));
#2920 = CARTESIAN_POINT('',(1.089555134363,-10.8854627485,
    41.338093838717));
#2921 = CARTESIAN_POINT('',(1.234494881366,-10.8882006802,
    41.306496880498));
#2922 = CARTESIAN_POINT('',(1.378689439974,-10.89120604426,
    41.270472871997));
#2923 = CARTESIAN_POINT('',(1.521994906823,-10.89441650924,
    41.230114955746));
#2924 = CARTESIAN_POINT('',(1.664271744012,-10.8977621254,
    41.185534464356));
#2925 = CARTESIAN_POINT('',(1.871757823127,-10.90276914413,
    41.113965959767));
#2926 = CARTESIAN_POINT('',(1.937873432018,-10.90438410425,
    41.090166066129));
#2927 = CARTESIAN_POINT('',(2.003720371225,-10.90600446241,
    41.065472913785));
#2928 = CARTESIAN_POINT('',(2.069286267811,-10.90762212602,
    41.03990008112));
#2929 = CARTESIAN_POINT('',(2.134559460572,-10.90922883182,
    41.013461580847));
#2930 = CARTESIAN_POINT('',(2.199529000035,-10.91081614589,
    40.98617186001));
#2931 = CARTESIAN_POINT('',(2.264184648459,-10.91237546363,
    40.958045799982));
#2932 = CARTESIAN_POINT('',(2.447500819471,-10.91671401946,
    40.875560354052));
#2933 = CARTESIAN_POINT('',(2.565378302154,-10.91940452735,
    40.819213057466));
#2934 = CARTESIAN_POINT('',(2.682089600269,-10.92191444696,
    40.760152542307));
#2935 = CARTESIAN_POINT('',(2.797583736515,-10.92418790676,
    40.698477167057));
#2936 = CARTESIAN_POINT('',(2.91181799529,-10.92616882378,
    40.634286568684));
#2937 = CARTESIAN_POINT('',(3.02475743408,-10.9278014772,40.567680298241
    ));
#2938 = CARTESIAN_POINT('',(3.136374394843,-10.92903108196,
    40.498756456464));
#2939 = CARTESIAN_POINT('',(3.389761583204,-10.93080784101,
    40.335276666243));
#2940 = CARTESIAN_POINT('',(3.530609129621,-10.93104282201,
    40.239202152776));
#2941 = CARTESIAN_POINT('',(3.669147645778,-10.93039207049,
    40.139594622882));
#2942 = CARTESIAN_POINT('',(3.805347369978,-10.92874263808,
    40.036657280946));
#2943 = CARTESIAN_POINT('',(3.93919057121,-10.92598623846,
    39.930586985745));
#2944 = CARTESIAN_POINT('',(4.070670332666,-10.92201962281,
    39.821572534352));
#2945 = CARTESIAN_POINT('',(4.19978933526,-10.91674495541,
    39.709792946045));
#2946 = CARTESIAN_POINT('',(4.429486810766,-10.90465072468,
    39.502549297788));
#2947 = CARTESIAN_POINT('',(4.530863840586,-10.89830813729,
    39.407972165762));
#2948 = CARTESIAN_POINT('',(4.630695184101,-10.89099313299,
    39.311775327554));
#2949 = CARTESIAN_POINT('',(4.728987811504,-10.88265871334,
    39.214046672842));
#2950 = CARTESIAN_POINT('',(4.825750209683,-10.87326017547,
    39.114871003568));
#2951 = CARTESIAN_POINT('',(4.920992382219,-10.86275511205,
    39.014330033941));
#2952 = CARTESIAN_POINT('',(5.014725849387,-10.85110341133,
    38.912502390435));
#2953 = CARTESIAN_POINT('',(5.184281263402,-10.8275074229,
    38.723092048793));
#2954 = CARTESIAN_POINT('',(5.260547400575,-10.81591523163,
    38.635869877488));
#2955 = CARTESIAN_POINT('',(5.335769420765,-10.80346840223,
    38.547841688461));
#2956 = CARTESIAN_POINT('',(5.409954899671,-10.79014567222,
    38.459050989141));
#2957 = CARTESIAN_POINT('',(5.4831116276,-10.77592679769,38.3695402038)
  );
#2958 = CARTESIAN_POINT('',(5.555247609464,-10.7607925533,
    38.279350673553));
#2959 = CARTESIAN_POINT('',(5.626371064785,-10.74472473224,
    38.188522656355));
#2960 = CARTESIAN_POINT('',(5.754851193145,-10.71354146191,
    38.020999808609));
#2961 = CARTESIAN_POINT('',(5.812516304518,-10.69871810746,
    37.944489266425));
#2962 = CARTESIAN_POINT('',(5.869490572545,-10.68322616008,
    37.867586337739));
#2963 = CARTESIAN_POINT('',(5.9257788289,-10.66705613955,37.790313286714
    ));
#2964 = CARTESIAN_POINT('',(5.9813859262,-10.65019900832,37.712692004397
    ));
#2965 = CARTESIAN_POINT('',(6.036316738004,-10.63264617152,
    37.634744008718));
#2966 = CARTESIAN_POINT('',(6.090576158811,-10.61438947694,
    37.556490444489));
#2967 = CARTESIAN_POINT('',(6.16602441318,-10.58768591739,
    37.445923987489));
#2968 = CARTESIAN_POINT('',(6.187768883333,-10.57983228188,
    37.413848536366));
#2969 = CARTESIAN_POINT('',(6.209402846671,-10.57185978452,
    37.381727142166));
#2970 = CARTESIAN_POINT('',(6.230926635363,-10.56376791287,
    37.349561208665));
#2971 = CARTESIAN_POINT('',(6.252340581589,-10.55555616604,
    37.317352131283));
#2972 = CARTESIAN_POINT('',(6.273645017551,-10.5472240547,
    37.285101297083));
#2973 = CARTESIAN_POINT('',(6.294840275466,-10.53877110106,
    37.252810084777));
#2974 = CARTESIAN_POINT('',(6.324908157897,-10.52654474856,
    37.206709247421));
#2975 = CARTESIAN_POINT('',(6.333869881207,-10.52287065019,
    37.192931553337));
#2976 = CARTESIAN_POINT('',(6.342811883167,-10.51917450774,
    37.179146888394));
#2977 = CARTESIAN_POINT('',(6.35173418944,-10.51545628555,
    37.165355358265));
#2978 = CARTESIAN_POINT('',(6.360636825688,-10.51171594831,
    37.151557068372));
#2979 = CARTESIAN_POINT('',(6.369519817567,-10.50795346111,
    37.137752123882));
#2980 = CARTESIAN_POINT('',(6.378383190733,-10.50416878938,
    37.12394062971));
#2981 = CARTESIAN_POINT('',(6.404050460802,-10.4931200654,
    37.083836876141));
#2982 = CARTESIAN_POINT('',(6.420803068205,-10.48579782079,
    37.057527709587));
#2983 = CARTESIAN_POINT('',(6.43748560278,-10.47839465182,
    37.031194915517));
#2984 = CARTESIAN_POINT('',(6.454097293838,-10.47091072975,
    37.004840684028));
#2985 = CARTESIAN_POINT('',(6.470639349069,-10.46334537966,
    36.97846411189));
#2986 = CARTESIAN_POINT('',(6.487111112424,-10.45569873283,
    36.95206720371));
#2987 = CARTESIAN_POINT('',(6.503513238152,-10.44797036177,
    36.925649914582));
#2988 = CARTESIAN_POINT('',(6.635673009411,-10.38477121762,
    36.711728533932));
#2989 = CARTESIAN_POINT('',(6.747998900551,-10.32526454509,
    36.523266411233));
#2990 = CARTESIAN_POINT('',(6.856885768632,-10.26156280028,
    36.334076546184));
#2991 = CARTESIAN_POINT('',(6.962395329484,-10.19360064211,
    36.144402439215));
#2992 = CARTESIAN_POINT('',(7.064588921424,-10.12132423358,
    35.954481759015));
#2993 = CARTESIAN_POINT('',(7.163527798794,-10.04469077216,
    35.764546678219));
#2994 = CARTESIAN_POINT('',(7.259273425511,-9.963668020202,
    35.574824209117));
#2995 = CARTESIAN_POINT('',(7.438892661543,-9.797974298397,
    35.207713475304));
#2996 = CARTESIAN_POINT('',(7.523133994433,-9.713821342245,
    35.030274488964));
#2997 = CARTESIAN_POINT('',(7.6046627253,-9.625757313281,34.853403971309
    ));
#2998 = CARTESIAN_POINT('',(7.683530141257,-9.533772173445,
    34.677282899544));
#2999 = CARTESIAN_POINT('',(7.759787858509,-9.4378635002,34.502088837096
    ));
#3000 = CARTESIAN_POINT('',(7.833487822355,-9.338036486535,
    34.327995933608));
#3001 = CARTESIAN_POINT('',(7.904682307184,-9.23430394096,
    34.155174924946));
#3002 = CARTESIAN_POINT('',(8.046190578523,-9.012767408847,
    33.802376651286));
#3003 = CARTESIAN_POINT('',(8.116208682315,-8.894494315944,
    33.622572629493));
#3004 = CARTESIAN_POINT('',(8.183540879689,-8.7718913007,33.444579846879
    ));
#3005 = CARTESIAN_POINT('',(8.248250211112,-8.644991054868,
    33.268592454422));
#3006 = CARTESIAN_POINT('',(8.310400105694,-8.513834670049,
    33.094799975011));
#3007 = CARTESIAN_POINT('',(8.370054381181,-8.378471637702,
    32.923387303444));
#3008 = CARTESIAN_POINT('',(8.427277243959,-8.238959849134,
    32.754534706432));
#3009 = CARTESIAN_POINT('',(8.547732373902,-7.923649380616,
    32.389768156288));
#3010 = CARTESIAN_POINT('',(8.609946823302,-7.746093709633,
    32.195029631989));
#3011 = CARTESIAN_POINT('',(8.668886300565,-7.562811855585,
    32.004502904707));
#3012 = CARTESIAN_POINT('',(8.724661158675,-7.373932020331,
    31.818477517668));
#3013 = CARTESIAN_POINT('',(8.777381717224,-7.179597140301,
    31.637231849918));
#3014 = CARTESIAN_POINT('',(8.827157539343,-6.979964692226,
    31.461033063917));
#3015 = CARTESIAN_POINT('',(8.874096708637,-6.775206498884,
    31.29013705314));
#3016 = CARTESIAN_POINT('',(8.959646714089,-6.369408957825,
    30.970162107723));
#3017 = CARTESIAN_POINT('',(8.99860053044,-6.168988050929,
    30.820385865164));
#3018 = CARTESIAN_POINT('',(9.035253171588,-5.964397885108,
    30.675659384555));
#3019 = CARTESIAN_POINT('',(9.069689871469,-5.755799682784,
    30.536172396678));
#3020 = CARTESIAN_POINT('',(9.101993882054,-5.543363751958,
    30.402104488782));
#3021 = CARTESIAN_POINT('',(9.132245873855,-5.327269420331,
    30.273624952812));
#3022 = CARTESIAN_POINT('',(9.160523336438,-5.107704969427,
    30.150892633641));
#3023 = CARTESIAN_POINT('',(9.229718333259,-4.523125989109,
    29.844389422559));
#3024 = CARTESIAN_POINT('',(9.267529397614,-4.152744503899,
    29.670250978138));
#3025 = CARTESIAN_POINT('',(9.300646343912,-3.774579436072,
    29.512283425849));
#3026 = CARTESIAN_POINT('',(9.329360605902,-3.389527735805,
    29.371038596368));
#3027 = CARTESIAN_POINT('',(9.35393291829,-2.998522723043,
    29.246980996975));
#3028 = CARTESIAN_POINT('',(9.374586660711,-2.602531130559,
    29.140488519176));
#3029 = CARTESIAN_POINT('',(9.391503506553,-2.202551447498,
    29.05185002624));
#3030 = CARTESIAN_POINT('',(9.412190221002,-1.576666366486,
    28.942201948586));
#3031 = CARTESIAN_POINT('',(9.418457447658,-1.352806672132,
    28.908668328138));
#3032 = CARTESIAN_POINT('',(9.42364649258,-1.128205847414,28.88069179327
    ));
#3033 = CARTESIAN_POINT('',(9.427776628404,-0.903034056076,
    28.85829620247));
#3034 = CARTESIAN_POINT('',(9.430862851042,-0.677460287406,
    28.841496803128));
#3035 = CARTESIAN_POINT('',(9.432915766303,-0.45165238512,
    28.830300595941));
#3036 = CARTESIAN_POINT('',(9.43394147651,-0.225777076245,
    28.824706699319));
#3037 = CARTESIAN_POINT('',(9.433941467124,0.,28.824706713794));
#3038 = PCURVE('',#1093,#3039);
#3039 = DEFINITIONAL_REPRESENTATION('',(#3040),#3575);
#3040 = B_SPLINE_CURVE_WITH_KNOTS('',8,(#3041,#3042,#3043,#3044,#3045,
    #3046,#3047,#3048,#3049,#3050,#3051,#3052,#3053,#3054,#3055,#3056,
    #3057,#3058,#3059,#3060,#3061,#3062,#3063,#3064,#3065,#3066,#3067,
    #3068,#3069,#3070,#3071,#3072,#3073,#3074,#3075,#3076,#3077,#3078,
    #3079,#3080,#3081,#3082,#3083,#3084,#3085,#3086,#3087,#3088,#3089,
    #3090,#3091,#3092,#3093,#3094,#3095,#3096,#3097,#3098,#3099,#3100,
    #3101,#3102,#3103,#3104,#3105,#3106,#3107,#3108,#3109,#3110,#3111,
    #3112,#3113,#3114,#3115,#3116,#3117,#3118,#3119,#3120,#3121,#3122,
    #3123,#3124,#3125,#3126,#3127,#3128,#3129,#3130,#3131,#3132,#3133,
    #3134,#3135,#3136,#3137,#3138,#3139,#3140,#3141,#3142,#3143,#3144,
    #3145,#3146,#3147,#3148,#3149,#3150,#3151,#3152,#3153,#3154,#3155,
    #3156,#3157,#3158,#3159,#3160,#3161,#3162,#3163,#3164,#3165,#3166,
    #3167,#3168,#3169,#3170,#3171,#3172,#3173,#3174,#3175,#3176,#3177,
    #3178,#3179,#3180,#3181,#3182,#3183,#3184,#3185,#3186,#3187,#3188,
    #3189,#3190,#3191,#3192,#3193,#3194,#3195,#3196,#3197,#3198,#3199,
    #3200,#3201,#3202,#3203,#3204,#3205,#3206,#3207,#3208,#3209,#3210,
    #3211,#3212,#3213,#3214,#3215,#3216,#3217,#3218,#3219,#3220,#3221,
    #3222,#3223,#3224,#3225,#3226,#3227,#3228,#3229,#3230,#3231,#3232,
    #3233,#3234,#3235,#3236,#3237,#3238,#3239,#3240,#3241,#3242,#3243,
    #3244,#3245,#3246,#3247,#3248,#3249,#3250,#3251,#3252,#3253,#3254,
    #3255,#3256,#3257,#3258,#3259,#3260,#3261,#3262,#3263,#3264,#3265,
    #3266,#3267,#3268,#3269,#3270,#3271,#3272,#3273,#3274,#3275,#3276,
    #3277,#3278,#3279,#3280,#3281,#3282,#3283,#3284,#3285,#3286,#3287,
    #3288,#3289,#3290,#3291,#3292,#3293,#3294,#3295,#3296,#3297,#3298,
    #3299,#3300,#3301,#3302,#3303,#3304,#3305,#3306,#3307,#3308,#3309,
    #3310,#3311,#3312,#3313,#3314,#3315,#3316,#3317,#3318,#3319,#3320,
    #3321,#3322,#3323,#3324,#3325,#3326,#3327,#3328,#3329,#3330,#3331,
    #3332,#3333,#3334,#3335,#3336,#3337,#3338,#3339,#3340,#3341,#3342,
    #3343,#3344,#3345,#3346,#3347,#3348,#3349,#3350,#3351,#3352,#3353,
    #3354,#3355,#3356,#3357,#3358,#3359,#3360,#3361,#3362,#3363,#3364,
    #3365,#3366,#3367,#3368,#3369,#3370,#3371,#3372,#3373,#3374,#3375,
    #3376,#3377,#3378,#3379,#3380,#3381,#3382,#3383,#3384,#3385,#3386,
    #3387,#3388,#3389,#3390,#3391,#3392,#3393,#3394,#3395,#3396,#3397,
    #3398,#3399,#3400,#3401,#3402,#3403,#3404,#3405,#3406,#3407,#3408,
    #3409,#3410,#3411,#3412,#3413,#3414,#3415,#3416,#3417,#3418,#3419,
    #3420,#3421,#3422,#3423,#3424,#3425,#3426,#3427,#3428,#3429,#3430,
    #3431,#3432,#3433,#3434,#3435,#3436,#3437,#3438,#3439,#3440,#3441,
    #3442,#3443,#3444,#3445,#3446,#3447,#3448,#3449,#3450,#3451,#3452,
    #3453,#3454,#3455,#3456,#3457,#3458,#3459,#3460,#3461,#3462,#3463,
    #3464,#3465,#3466,#3467,#3468,#3469,#3470,#3471,#3472,#3473,#3474,
    #3475,#3476,#3477,#3478,#3479,#3480,#3481,#3482,#3483,#3484,#3485,
    #3486,#3487,#3488,#3489,#3490,#3491,#3492,#3493,#3494,#3495,#3496,
    #3497,#3498,#3499,#3500,#3501,#3502,#3503,#3504,#3505,#3506,#3507,
    #3508,#3509,#3510,#3511,#3512,#3513,#3514,#3515,#3516,#3517,#3518,
    #3519,#3520,#3521,#3522,#3523,#3524,#3525,#3526,#3527,#3528,#3529,
    #3530,#3531,#3532,#3533,#3534,#3535,#3536,#3537,#3538,#3539,#3540,
    #3541,#3542,#3543,#3544,#3545,#3546,#3547,#3548,#3549,#3550,#3551,
    #3552,#3553,#3554,#3555,#3556,#3557,#3558,#3559,#3560,#3561,#3562,
    #3563,#3564,#3565,#3566,#3567,#3568,#3569,#3570,#3571,#3572,#3573,
    #3574),.UNSPECIFIED.,.F.,.F.,(9,7,7,7,7,7,7,7,7,7,7,7,7,7,7,7,7,7,7,
    7,7,7,7,7,7,7,7,7,7,7,7,7,7,7,7,7,7,7,7,7,7,7,7,7,7,7,7,7,7,7,7,7,7,
    7,7,7,7,7,7,7,7,7,7,7,7,7,7,7,7,7,7,7,7,7,7,7,9),(0.,
    2.125986204249E-02,5.983107997708E-02,8.356908398182E-02,
    0.108941520114,0.130244059083,0.150291400391,0.165160018975,
    0.172492810763,0.17428376671,0.177019917894,0.179865918938,
    0.188972794933,0.199914214987,0.21296624299,0.229040239212,
    0.241424735333,0.248117332224,0.262356225731,0.283557378887,
    0.294863566453,0.296064056882,0.312054390505,0.324851271119,
    0.336026999336,0.345399185901,0.353198588999,0.356372135176,
    0.357751421317,0.368182484731,0.370780126467,0.378837726801,
    0.396288739203,0.414759577327,0.437689484393,0.460709903783,
    0.474829229196,0.484502126006,0.509731221884,0.54463660045,
    0.558763788082,0.581789800489,0.604722230533,0.623194245941,
    0.640645984786,0.647114499697,0.649528615635,0.653700328356,
    0.659980585518,0.661545092864,0.66273480436,0.666349210708,
    0.674150939609,0.683526687404,0.694708012952,0.707412229304,
    0.724195401272,0.725597477831,0.735105566896,0.754897005117,
    0.768200194064,0.774457140928,0.786029510346,0.801048176131,
    0.813242315373,0.823463964896,0.831971505489,0.835440897204,
    0.836918637397,0.839729737073,0.859665614855,0.878394027021,
    0.898219023695,0.921926603162,0.94409680922,0.98008666416,1.),
  .UNSPECIFIED.);
#3041 = CARTESIAN_POINT('',(1.15566768884E-12,0.128079948957));
#3042 = CARTESIAN_POINT('',(9.13885573742E-03,0.128079949353));
#3043 = CARTESIAN_POINT('',(1.823610445379E-02,0.128463780869));
#3044 = CARTESIAN_POINT('',(2.728816218542E-02,0.129232029703));
#3045 = CARTESIAN_POINT('',(3.629152278231E-02,0.130384573885));
#3046 = CARTESIAN_POINT('',(4.524279280851E-02,0.131920577275));
#3047 = CARTESIAN_POINT('',(5.413872644141E-02,0.133838483574));
#3048 = CARTESIAN_POINT('',(6.297626037091E-02,0.136136010327));
#3049 = CARTESIAN_POINT('',(8.767514055406E-02,0.143661756095));
#3050 = CARTESIAN_POINT('',(0.103397017973,0.149753262127));
#3051 = CARTESIAN_POINT('',(0.118900408353,0.157066739617));
#3052 = CARTESIAN_POINT('',(0.134171589395,0.165576498263));
#3053 = CARTESIAN_POINT('',(0.149201313791,0.17525038734));
#3054 = CARTESIAN_POINT('',(0.163985085003,0.186051020973));
#3055 = CARTESIAN_POINT('',(0.178523284122,0.197936920189));
#3056 = CARTESIAN_POINT('',(0.201620527285,0.218819056845));
#3057 = CARTESIAN_POINT('',(0.210329100825,0.227168944029));
#3058 = CARTESIAN_POINT('',(0.218948215605,0.235902977562));
#3059 = CARTESIAN_POINT('',(0.22748003857,0.245010639159));
#3060 = CARTESIAN_POINT('',(0.235927555551,0.254481243032));
#3061 = CARTESIAN_POINT('',(0.244294570378,0.264304030915));
#3062 = CARTESIAN_POINT('',(0.252585703987,0.274468267086));
#3063 = CARTESIAN_POINT('',(0.269593107441,0.296181009337));
#3064 = CARTESIAN_POINT('',(0.278299401276,0.307776736043));
#3065 = CARTESIAN_POINT('',(0.286931949507,0.319737488951));
#3066 = CARTESIAN_POINT('',(0.295498551772,0.332050524225));
#3067 = CARTESIAN_POINT('',(0.304008202568,0.344703435206));
#3068 = CARTESIAN_POINT('',(0.312471160962,0.357684208866));
#3069 = CARTESIAN_POINT('',(0.320899020284,0.37098128226));
#3070 = CARTESIAN_POINT('',(0.336362144636,0.396004019871));
#3071 = CARTESIAN_POINT('',(0.343404126466,0.407639651206));
#3072 = CARTESIAN_POINT('',(0.350438243766,0.419483952536));
#3073 = CARTESIAN_POINT('',(0.357472956627,0.431530675849));
#3074 = CARTESIAN_POINT('',(0.364517664788,0.443773865578));
#3075 = CARTESIAN_POINT('',(0.371582707633,0.456207858595));
#3076 = CARTESIAN_POINT('',(0.378679364192,0.468827284217));
#3077 = CARTESIAN_POINT('',(0.392539559734,0.493672662143));
#3078 = CARTESIAN_POINT('',(0.399298529649,0.50587795886));
#3079 = CARTESIAN_POINT('',(0.406106791598,0.518238770074));
#3080 = CARTESIAN_POINT('',(0.412975665943,0.530751105934));
#3081 = CARTESIAN_POINT('',(0.419917764705,0.543411171018));
#3082 = CARTESIAN_POINT('',(0.426946991558,0.556215364333));
#3083 = CARTESIAN_POINT('',(0.434078541834,0.569160279316));
#3084 = CARTESIAN_POINT('',(0.446706353344,0.591945610822));
#3085 = CARTESIAN_POINT('',(0.452149464546,0.601724108278));
#3086 = CARTESIAN_POINT('',(0.457664977059,0.61157689464));
#3087 = CARTESIAN_POINT('',(0.463260325948,0.621502673664));
#3088 = CARTESIAN_POINT('',(0.468943640416,0.63150015442));
#3089 = CARTESIAN_POINT('',(0.474723743798,0.641568051295));
#3090 = CARTESIAN_POINT('',(0.480610153564,0.651705083992));
#3091 = CARTESIAN_POINT('',(0.489573584368,0.666942744465));
#3092 = CARTESIAN_POINT('',(0.49256246766,0.671992007208));
#3093 = CARTESIAN_POINT('',(0.49558097293,0.677057609404));
#3094 = CARTESIAN_POINT('',(0.498630403032,0.682139390182));
#3095 = CARTESIAN_POINT('',(0.501712121938,0.687237184159));
#3096 = CARTESIAN_POINT('',(0.50482755474,0.692350821441));
#3097 = CARTESIAN_POINT('',(0.507978187649,0.697480127617));
#3098 = CARTESIAN_POINT('',(0.51194405216,0.703881485056));
#3099 = CARTESIAN_POINT('',(0.512724728805,0.705138970262));
#3100 = CARTESIAN_POINT('',(0.513507620596,0.706397376742));
#3101 = CARTESIAN_POINT('',(0.514292750463,0.707656701829));
#3102 = CARTESIAN_POINT('',(0.515080141592,0.708916942827));
#3103 = CARTESIAN_POINT('',(0.515869817425,0.710178097011));
#3104 = CARTESIAN_POINT('',(0.516661801666,0.711440161633));
#3105 = CARTESIAN_POINT('',(0.518669643563,0.714632652679));
#3106 = CARTESIAN_POINT('',(0.519888615196,0.716564293936));
#3107 = CARTESIAN_POINT('',(0.521113148032,0.718498094214));
#3108 = CARTESIAN_POINT('',(0.522343304773,0.720434004611));
#3109 = CARTESIAN_POINT('',(0.523579179953,0.722372024286));
#3110 = CARTESIAN_POINT('',(0.524820875538,0.724312161591));
#3111 = CARTESIAN_POINT('',(0.526068466843,0.72625437979));
#3112 = CARTESIAN_POINT('',(0.528625976733,0.730221048068));
#3113 = CARTESIAN_POINT('',(0.529936383596,0.732245663928));
#3114 = CARTESIAN_POINT('',(0.531253382969,0.734272519721));
#3115 = CARTESIAN_POINT('',(0.532577081755,0.736301602948));
#3116 = CARTESIAN_POINT('',(0.533907588852,0.73833290082));
#3117 = CARTESIAN_POINT('',(0.535245015158,0.740366400266));
#3118 = CARTESIAN_POINT('',(0.536589473566,0.742402087924));
#3119 = CARTESIAN_POINT('',(0.542266047237,0.750960878585));
#3120 = CARTESIAN_POINT('',(0.546664229439,0.757504060652));
#3121 = CARTESIAN_POINT('',(0.551139346584,0.764069065019));
#3122 = CARTESIAN_POINT('',(0.555695383019,0.77065541152));
#3123 = CARTESIAN_POINT('',(0.560336586429,0.777262571165));
#3124 = CARTESIAN_POINT('',(0.565067467837,0.783889966131));
#3125 = CARTESIAN_POINT('',(0.569892801608,0.790536969769));
#3126 = CARTESIAN_POINT('',(0.580734504049,0.805211682135));
#3127 = CARTESIAN_POINT('',(0.586795161667,0.813247713655));
#3128 = CARTESIAN_POINT('',(0.59300825856,0.821309871696));
#3129 = CARTESIAN_POINT('',(0.599383255695,0.829396818419));
#3130 = CARTESIAN_POINT('',(0.605930414739,0.837507007614));
#3131 = CARTESIAN_POINT('',(0.612660798064,0.845638684695));
#3132 = CARTESIAN_POINT('',(0.61958626874,0.853789886703));
#3133 = CARTESIAN_POINT('',(0.635228628607,0.871702777522));
#3134 = CARTESIAN_POINT('',(0.644033922384,0.881471466585));
#3135 = CARTESIAN_POINT('',(0.653156675806,0.891261025306));
#3136 = CARTESIAN_POINT('',(0.662620624293,0.901067057374));
#3137 = CARTESIAN_POINT('',(0.672451934759,0.910884254357));
#3138 = CARTESIAN_POINT('',(0.682679205606,0.920706395697));
#3139 = CARTESIAN_POINT('',(0.693333466727,0.930526348713));
#3140 = CARTESIAN_POINT('',(0.718136429126,0.952416933109));
#3141 = CARTESIAN_POINT('',(0.732523594267,0.964481667605));
#3142 = CARTESIAN_POINT('',(0.747672822065,0.976514648322));
#3143 = CARTESIAN_POINT('',(0.763654432719,0.988497063997));
#3144 = CARTESIAN_POINT('',(0.780545731034,1.00040615479));
#3145 = CARTESIAN_POINT('',(0.798430817964,1.012214451208));
#3146 = CARTESIAN_POINT('',(0.817400402151,1.023889013016));
#3147 = CARTESIAN_POINT('',(0.853077315208,1.044252329777));
#3148 = CARTESIAN_POINT('',(0.869304226579,1.053011115612));
#3149 = CARTESIAN_POINT('',(0.886275579414,1.06164912006));
#3150 = CARTESIAN_POINT('',(0.904036922631,1.070145900056));
#3151 = CARTESIAN_POINT('',(0.92263449799,1.078478443891));
#3152 = CARTESIAN_POINT('',(0.942113617856,1.086621140024));
#3153 = CARTESIAN_POINT('',(0.962517042964,1.094545745888));
#3154 = CARTESIAN_POINT('',(0.995429789734,1.106369261096));
#3155 = CARTESIAN_POINT('',(1.007257088791,1.110444510478));
#3156 = CARTESIAN_POINT('',(1.01937154633,1.114442191753));
#3157 = CARTESIAN_POINT('',(1.031778714124,1.11835723923));
#3158 = CARTESIAN_POINT('',(1.044483406744,1.122184434627));
#3159 = CARTESIAN_POINT('',(1.057489701555,1.12591840707));
#3160 = CARTESIAN_POINT('',(1.070800938716,1.129553633094));
#3161 = CARTESIAN_POINT('',(1.1133942183,1.140596478269));
#3162 = CARTESIAN_POINT('',(1.143761297342,1.147636383214));
#3163 = CARTESIAN_POINT('',(1.175540415159,1.154149870504));
#3164 = CARTESIAN_POINT('',(1.208732053663,1.160081401587));
#3165 = CARTESIAN_POINT('',(1.243307770801,1.16537657341));
#3166 = CARTESIAN_POINT('',(1.279203825039,1.16998499094));
#3167 = CARTESIAN_POINT('',(1.316318373366,1.173863619157));
#3168 = CARTESIAN_POINT('',(1.41138149843,1.181621711044));
#3169 = CARTESIAN_POINT('',(1.470653255941,1.184574685286));
#3170 = CARTESIAN_POINT('',(1.531871446103,1.185733629676));
#3171 = CARTESIAN_POINT('',(1.594427574811,1.185044557846));
#3172 = CARTESIAN_POINT('',(1.657588046894,1.182528023202));
#3173 = CARTESIAN_POINT('',(1.720611597179,1.178272324165));
#3174 = CARTESIAN_POINT('',(1.782862250578,1.172411236367));
#3175 = CARTESIAN_POINT('',(1.876332536075,1.161201410973));
#3176 = CARTESIAN_POINT('',(1.908476825976,1.156890066573));
#3177 = CARTESIAN_POINT('',(1.940177509251,1.152189902369));
#3178 = CARTESIAN_POINT('',(1.971368053731,1.147126146906));
#3179 = CARTESIAN_POINT('',(2.001993567278,1.141724852708));
#3180 = CARTESIAN_POINT('',(2.032010376559,1.136012215126));
#3181 = CARTESIAN_POINT('',(2.061385605804,1.130013891196));
#3182 = CARTESIAN_POINT('',(2.093142444158,1.123089678294));
#3183 = CARTESIAN_POINT('',(2.096415287025,1.122374040049));
#3184 = CARTESIAN_POINT('',(2.099724417641,1.121640374608));
#3185 = CARTESIAN_POINT('',(2.10297914666,1.120909427982));
#3186 = CARTESIAN_POINT('',(2.106157368597,1.120188753443));
#3187 = CARTESIAN_POINT('',(2.109289841234,1.119471946327));
#3188 = CARTESIAN_POINT('',(2.112460337766,1.118738081567));
#3189 = CARTESIAN_POINT('',(2.160586240572,1.10747229017));
#3190 = CARTESIAN_POINT('',(2.20150315168,1.096324055926));
#3191 = CARTESIAN_POINT('',(2.238920529711,1.084612977625));
#3192 = CARTESIAN_POINT('',(2.273197376358,1.072438888855));
#3193 = CARTESIAN_POINT('',(2.304675267528,1.059890446885));
#3194 = CARTESIAN_POINT('',(2.333662488291,1.047042919872));
#3195 = CARTESIAN_POINT('',(2.360430605536,1.033958444787));
#3196 = CARTESIAN_POINT('',(2.405064835927,1.010069150776));
#3197 = CARTESIAN_POINT('',(2.423639669965,0.999331430444));
#3198 = CARTESIAN_POINT('',(2.441071929314,0.988502111754));
#3199 = CARTESIAN_POINT('',(2.457471324221,0.977603771291));
#3200 = CARTESIAN_POINT('',(2.472934846778,0.966655488791));
#3201 = CARTESIAN_POINT('',(2.487548291368,0.955673290421));
#3202 = CARTESIAN_POINT('',(2.501387775125,0.944670592063));
#3203 = CARTESIAN_POINT('',(2.525990928901,0.924041715796));
#3204 = CARTESIAN_POINT('',(2.536921953309,0.914417912976));
#3205 = CARTESIAN_POINT('',(2.547359388033,0.904794744589));
#3206 = CARTESIAN_POINT('',(2.557343411571,0.895178653992));
#3207 = CARTESIAN_POINT('',(2.5669098947,0.885575145245));
#3208 = CARTESIAN_POINT('',(2.576090970681,0.875988910916));
#3209 = CARTESIAN_POINT('',(2.584915605469,0.866423959877));
#3210 = CARTESIAN_POINT('',(2.600533781425,0.848883113892));
#3211 = CARTESIAN_POINT('',(2.607425412679,0.840899956996));
#3212 = CARTESIAN_POINT('',(2.614100220207,0.832936252945));
#3213 = CARTESIAN_POINT('',(2.620572286253,0.824993793703));
#3214 = CARTESIAN_POINT('',(2.626854616772,0.817074184672));
#3215 = CARTESIAN_POINT('',(2.632959141436,0.809178844698));
#3216 = CARTESIAN_POINT('',(2.638896713631,0.801309006071));
#3217 = CARTESIAN_POINT('',(2.649487520125,0.78693864533));
#3218 = CARTESIAN_POINT('',(2.654189263179,0.780430006225));
#3219 = CARTESIAN_POINT('',(2.658788053125,0.773940421337));
#3220 = CARTESIAN_POINT('',(2.663289273475,0.767470470865));
#3221 = CARTESIAN_POINT('',(2.667697977744,0.761020691075));
#3222 = CARTESIAN_POINT('',(2.672018889451,0.754591574297));
#3223 = CARTESIAN_POINT('',(2.676256402118,0.748183568932));
#3224 = CARTESIAN_POINT('',(2.682106532708,0.739198443518));
#3225 = CARTESIAN_POINT('',(2.683785359254,0.736603371729));
#3226 = CARTESIAN_POINT('',(2.685451336586,0.734011892219));
#3227 = CARTESIAN_POINT('',(2.68710473553,0.731424032418));
#3228 = CARTESIAN_POINT('',(2.688745820066,0.728839819037));
#3229 = CARTESIAN_POINT('',(2.690374847325,0.726259278074));
#3230 = CARTESIAN_POINT('',(2.691992067589,0.723682434809));
#3231 = CARTESIAN_POINT('',(2.694295574613,0.719990984375));
#3232 = CARTESIAN_POINT('',(2.694991238921,0.71887336101));
#3233 = CARTESIAN_POINT('',(2.695684740481,0.717756440462));
#3234 = CARTESIAN_POINT('',(2.696376098655,0.716640225461));
#3235 = CARTESIAN_POINT('',(2.697065331155,0.715524721043));
#3236 = CARTESIAN_POINT('',(2.697752456301,0.714409930883));
#3237 = CARTESIAN_POINT('',(2.69843749527,0.71329585362));
#3238 = CARTESIAN_POINT('',(2.70428556787,0.703762407931));
#3239 = CARTESIAN_POINT('',(2.709332822849,0.695382763683));
#3240 = CARTESIAN_POINT('',(2.714270259803,0.687044348187));
#3241 = CARTESIAN_POINT('',(2.719105361386,0.678747933228));
#3242 = CARTESIAN_POINT('',(2.723845072395,0.670494260632));
#3243 = CARTESIAN_POINT('',(2.728495799765,0.662284042268));
#3244 = CARTESIAN_POINT('',(2.733063412576,0.654117960043));
#3245 = CARTESIAN_POINT('',(2.738671351173,0.643974226086));
#3246 = CARTESIAN_POINT('',(2.73978464513,0.641954559821));
#3247 = CARTESIAN_POINT('',(2.740893193267,0.639937705201));
#3248 = CARTESIAN_POINT('',(2.741997123681,0.637923589389));
#3249 = CARTESIAN_POINT('',(2.743096427622,0.635912387764));
#3250 = CARTESIAN_POINT('',(2.744191298974,0.633903901449));
#3251 = CARTESIAN_POINT('',(2.745281738286,0.63189828271));
#3252 = CARTESIAN_POINT('',(2.74973686005,0.623683020717));
#3253 = CARTESIAN_POINT('',(2.753064214834,0.617497812455));
#3254 = CARTESIAN_POINT('',(2.756352184905,0.611340165623));
#3255 = CARTESIAN_POINT('',(2.759602924887,0.605210389409));
#3256 = CARTESIAN_POINT('',(2.762818477434,0.59910879575));
#3257 = CARTESIAN_POINT('',(2.766000773232,0.593035699331));
#3258 = CARTESIAN_POINT('',(2.769151630994,0.586991417583));
#3259 = CARTESIAN_POINT('',(2.779032304121,0.567948751788));
#3260 = CARTESIAN_POINT('',(2.785652850849,0.555057946779));
#3261 = CARTESIAN_POINT('',(2.792151345732,0.542307070712));
#3262 = CARTESIAN_POINT('',(2.798543253243,0.52969952823));
#3263 = CARTESIAN_POINT('',(2.80484255425,0.517238913562));
#3264 = CARTESIAN_POINT('',(2.811061746012,0.504929010525));
#3265 = CARTESIAN_POINT('',(2.817211842182,0.492773792526));
#3266 = CARTESIAN_POINT('',(2.829748892778,0.46808000534));
#3267 = CARTESIAN_POINT('',(2.836129282921,0.455560575119));
#3268 = CARTESIAN_POINT('',(2.842455073325,0.443224124663));
#3269 = CARTESIAN_POINT('',(2.848736771949,0.431075927369));
#3270 = CARTESIAN_POINT('',(2.854983864623,0.419121537262));
#3271 = CARTESIAN_POINT('',(2.861204815044,0.407366788995));
#3272 = CARTESIAN_POINT('',(2.867407064777,0.39581779785));
#3273 = CARTESIAN_POINT('',(2.881281412735,0.370407281237));
#3274 = CARTESIAN_POINT('',(2.888947217176,0.356660482439));
#3275 = CARTESIAN_POINT('',(2.896607131563,0.343252818358));
#3276 = CARTESIAN_POINT('',(2.904272079614,0.330197107937));
#3277 = CARTESIAN_POINT('',(2.911951353831,0.317506668799));
#3278 = CARTESIAN_POINT('',(2.919652745556,0.305195252));
#3279 = CARTESIAN_POINT('',(2.927382675017,0.293276976781));
#3280 = CARTESIAN_POINT('',(2.94294060711,0.270210107724));
#3281 = CARTESIAN_POINT('',(2.950768940245,0.259064617172));
#3282 = CARTESIAN_POINT('',(2.958636507019,0.248344331069));
#3283 = CARTESIAN_POINT('',(2.966547294151,0.238063928209));
#3284 = CARTESIAN_POINT('',(2.97450413901,0.228238075239));
#3285 = CARTESIAN_POINT('',(2.982508779784,0.218881273123));
#3286 = CARTESIAN_POINT('',(2.990561905637,0.210007703604));
#3287 = CARTESIAN_POINT('',(3.003632049445,0.196493366874));
#3288 = CARTESIAN_POINT('',(3.008619042486,0.191542549784));
#3289 = CARTESIAN_POINT('',(3.013624112374,0.186781804318));
#3290 = CARTESIAN_POINT('',(3.018647067161,0.182214194278));
#3291 = CARTESIAN_POINT('',(3.02368759657,0.17784266735));
#3292 = CARTESIAN_POINT('',(3.028745272,0.173670055105));
#3293 = CARTESIAN_POINT('',(3.033819546522,0.169699072997));
#3294 = CARTESIAN_POINT('',(3.042396966747,0.163351780525));
#3295 = CARTESIAN_POINT('',(3.045891664877,0.160867077225));
#3296 = CARTESIAN_POINT('',(3.049393638113,0.158479038835));
#3297 = CARTESIAN_POINT('',(3.052902655722,0.156188455889));
#3298 = CARTESIAN_POINT('',(3.056418467397,0.15399608109));
#3299 = CARTESIAN_POINT('',(3.059940803255,0.151902629304));
#3300 = CARTESIAN_POINT('',(3.063469373836,0.149908777564));
#3301 = CARTESIAN_POINT('',(3.076222635785,0.1430761946));
#3302 = CARTESIAN_POINT('',(3.085481811764,0.138819063086));
#3303 = CARTESIAN_POINT('',(3.094775847773,0.13525513029));
#3304 = CARTESIAN_POINT('',(3.104098539651,0.132393677115));
#3305 = CARTESIAN_POINT('',(3.113443161021,0.130241806349));
#3306 = CARTESIAN_POINT('',(3.122802594976,0.128804343411));
#3307 = CARTESIAN_POINT('',(3.132169465752,0.128083737096));
#3308 = CARTESIAN_POINT('',(3.154495591588,0.128074737042));
#3309 = CARTESIAN_POINT('',(3.167455466115,0.129441657218));
#3310 = CARTESIAN_POINT('',(3.180395709194,0.132180931885));
#3311 = CARTESIAN_POINT('',(3.193296738269,0.136283552485));
#3312 = CARTESIAN_POINT('',(3.206140290362,0.141731877487));
#3313 = CARTESIAN_POINT('',(3.218910094638,0.148500289821));
#3314 = CARTESIAN_POINT('',(3.231592500189,0.156555925099));
#3315 = CARTESIAN_POINT('',(3.249270380361,0.16962486753));
#3316 = CARTESIAN_POINT('',(3.254347759468,0.173594759319));
#3317 = CARTESIAN_POINT('',(3.259408528747,0.177766544107));
#3318 = CARTESIAN_POINT('',(3.26445213909,0.182137503464));
#3319 = CARTESIAN_POINT('',(3.269478159914,0.186704802433));
#3320 = CARTESIAN_POINT('',(3.27448627916,0.191465489531));
#3321 = CARTESIAN_POINT('',(3.279476303292,0.196416496748));
#3322 = CARTESIAN_POINT('',(3.292551825467,0.20992934709));
#3323 = CARTESIAN_POINT('',(3.300607296454,0.218801332639));
#3324 = CARTESIAN_POINT('',(3.308614254887,0.22815688037));
#3325 = CARTESIAN_POINT('',(3.316573384927,0.23798180026));
#3326 = CARTESIAN_POINT('',(3.324486420475,0.248261581873));
#3327 = CARTESIAN_POINT('',(3.332356195367,0.258981548154));
#3328 = CARTESIAN_POINT('',(3.340186693582,0.270127009213));
#3329 = CARTESIAN_POINT('',(3.355747825561,0.293192846135));
#3330 = CARTESIAN_POINT('',(3.363478799244,0.305110008238));
#3331 = CARTESIAN_POINT('',(3.371181195721,0.31742047459));
#3332 = CARTESIAN_POINT('',(3.378861431552,0.330110119887));
#3333 = CARTESIAN_POINT('',(3.386527294619,0.343165186724));
#3334 = CARTESIAN_POINT('',(3.394188074115,0.356572350966));
#3335 = CARTESIAN_POINT('',(3.40185469054,0.370318787108));
#3336 = CARTESIAN_POINT('',(3.41573011638,0.395728360141));
#3337 = CARTESIAN_POINT('',(3.42193265058,0.407276704884));
#3338 = CARTESIAN_POINT('',(3.428153845272,0.419030869403));
#3339 = CARTESIAN_POINT('',(3.43440113932,0.430984735901));
#3340 = CARTESIAN_POINT('',(3.440682993475,0.443132467259));
#3341 = CARTESIAN_POINT('',(3.447008890367,0.455468507034));
#3342 = CARTESIAN_POINT('',(3.453389334514,0.46798757946));
#3343 = CARTESIAN_POINT('',(3.465926246274,0.492680503932));
#3344 = CARTESIAN_POINT('',(3.472076152719,0.504835204645));
#3345 = CARTESIAN_POINT('',(3.478295098061,0.517144626902));
#3346 = CARTESIAN_POINT('',(3.484594091656,0.529604795732));
#3347 = CARTESIAN_POINT('',(3.490985625802,0.54221192588));
#3348 = CARTESIAN_POINT('',(3.497483675744,0.554962421808));
#3349 = CARTESIAN_POINT('',(3.504103699666,0.567852877695));
#3350 = CARTESIAN_POINT('',(3.5133679031,0.585708623156));
#3351 = CARTESIAN_POINT('',(3.515892310418,0.590555948453));
#3352 = CARTESIAN_POINT('',(3.518436747029,0.595421887057));
#3353 = CARTESIAN_POINT('',(3.521002144203,0.600306274086));
#3354 = CARTESIAN_POINT('',(3.523589478104,0.605208946048));
#3355 = CARTESIAN_POINT('',(3.526199769798,0.610129740836));
#3356 = CARTESIAN_POINT('',(3.528834085242,0.615068497736));
#3357 = CARTESIAN_POINT('',(3.53248606993,0.621874896103));
#3358 = CARTESIAN_POINT('',(3.533482106166,0.623727214358));
#3359 = CARTESIAN_POINT('',(3.53448170205,0.625582003853));
#3360 = CARTESIAN_POINT('',(3.535484916684,0.627439256257));
#3361 = CARTESIAN_POINT('',(3.536491810225,0.629298963239));
#3362 = CARTESIAN_POINT('',(3.537502443884,0.631161116462));
#3363 = CARTESIAN_POINT('',(3.538516879928,0.633025707592));
#3364 = CARTESIAN_POINT('',(3.541294857908,0.638119033152));
#3365 = CARTESIAN_POINT('',(3.543066070039,0.641352578788));
#3366 = CARTESIAN_POINT('',(3.544849198302,0.644593419375));
#3367 = CARTESIAN_POINT('',(3.546644506784,0.647841377502));
#3368 = CARTESIAN_POINT('',(3.548452419138,0.651096549564));
#3369 = CARTESIAN_POINT('',(3.550273235287,0.654358784305));
#3370 = CARTESIAN_POINT('',(3.552107358168,0.657628098484));
#3371 = CARTESIAN_POINT('',(3.556736901516,0.665836731991));
#3372 = CARTESIAN_POINT('',(3.559549654431,0.670784940563));
#3373 = CARTESIAN_POINT('',(3.562394708249,0.67574890123));
#3374 = CARTESIAN_POINT('',(3.565273426997,0.680728461094));
#3375 = CARTESIAN_POINT('',(3.56818724624,0.685723463165));
#3376 = CARTESIAN_POINT('',(3.571137673086,0.690733746359));
#3377 = CARTESIAN_POINT('',(3.574126286181,0.695759145504));
#3378 = CARTESIAN_POINT('',(3.577909169237,0.702055117834));
#3379 = CARTESIAN_POINT('',(3.578666075464,0.703311671804));
#3380 = CARTESIAN_POINT('',(3.579425480075,0.704569150593));
#3381 = CARTESIAN_POINT('',(3.580187409087,0.705827551523));
#3382 = CARTESIAN_POINT('',(3.580951888845,0.707086871892));
#3383 = CARTESIAN_POINT('',(3.58171894603,0.70834710897));
#3384 = CARTESIAN_POINT('',(3.582488607652,0.70960826));
#3385 = CARTESIAN_POINT('',(3.583848182625,0.711830042783));
#3386 = CARTESIAN_POINT('',(3.584436988941,0.712790294904));
#3387 = CARTESIAN_POINT('',(3.585027323012,0.713751062717));
#3388 = CARTESIAN_POINT('',(3.585619205265,0.714712358448));
#3389 = CARTESIAN_POINT('',(3.586212654208,0.715674190969));
#3390 = CARTESIAN_POINT('',(3.586807679451,0.716636554447));
#3391 = CARTESIAN_POINT('',(3.587404287065,0.717599437105));
#3392 = CARTESIAN_POINT('',(3.589819891341,0.721489749531));
#3393 = CARTESIAN_POINT('',(3.59165205199,0.72442150086));
#3394 = CARTESIAN_POINT('',(3.59349933292,0.727358068344));
#3395 = CARTESIAN_POINT('',(3.595362099226,0.730299415102));
#3396 = CARTESIAN_POINT('',(3.597240727423,0.733245503068));
#3397 = CARTESIAN_POINT('',(3.599135605457,0.736196292992));
#3398 = CARTESIAN_POINT('',(3.601047132697,0.739151744439));
#3399 = CARTESIAN_POINT('',(3.607138574389,0.74850115986));
#3400 = CARTESIAN_POINT('',(3.611380965304,0.754912017203));
#3401 = CARTESIAN_POINT('',(3.615706968008,0.761343982107));
#3402 = CARTESIAN_POINT('',(3.620120989051,0.76779660468));
#3403 = CARTESIAN_POINT('',(3.624627766212,0.774269390854));
#3404 = CARTESIAN_POINT('',(3.629232368496,0.780761802379));
#3405 = CARTESIAN_POINT('',(3.633940196137,0.78727325683));
#3406 = CARTESIAN_POINT('',(3.644545510643,0.801650427226));
#3407 = CARTESIAN_POINT('',(3.650491662062,0.80952425805));
#3408 = CARTESIAN_POINT('',(3.656605244865,0.81742357));
#3409 = CARTESIAN_POINT('',(3.662897149971,0.825347125392));
#3410 = CARTESIAN_POINT('',(3.669379349203,0.833293498934));
#3411 = CARTESIAN_POINT('',(3.676064895291,0.841261077724));
#3412 = CARTESIAN_POINT('',(3.682967921869,0.849248061252));
#3413 = CARTESIAN_POINT('',(3.698613672675,0.866798323456));
#3414 = CARTESIAN_POINT('',(3.707454868692,0.876368845072));
#3415 = CARTESIAN_POINT('',(3.716653708159,0.885960555204));
#3416 = CARTESIAN_POINT('',(3.726239277448,0.895569423536));
#3417 = CARTESIAN_POINT('',(3.736243845813,0.905190731907));
#3418 = CARTESIAN_POINT('',(3.746703438539,0.914818945736));
#3419 = CARTESIAN_POINT('',(3.757658410079,0.924447585447));
#3420 = CARTESIAN_POINT('',(3.782215340775,0.945001045858));
#3421 = CARTESIAN_POINT('',(3.795974353304,0.95592356308));
#3422 = CARTESIAN_POINT('',(3.810497738768,0.966825594677));
#3423 = CARTESIAN_POINT('',(3.8258601311,0.977693972818));
#3424 = CARTESIAN_POINT('',(3.842145580552,0.988512989063));
#3425 = CARTESIAN_POINT('',(3.859449020066,0.999263966706));
#3426 = CARTESIAN_POINT('',(3.877877731634,1.009924833119));
#3427 = CARTESIAN_POINT('',(3.923545158988,1.03440015665));
#3428 = CARTESIAN_POINT('',(3.951709871694,1.048127254934));
#3429 = CARTESIAN_POINT('',(3.982329119477,1.061591279975));
#3430 = CARTESIAN_POINT('',(4.015717819238,1.074720055572));
#3431 = CARTESIAN_POINT('',(4.052236148161,1.087425216107));
#3432 = CARTESIAN_POINT('',(4.092284688358,1.099601973527));
#3433 = CARTESIAN_POINT('',(4.136282204071,1.111132371511));
#3434 = CARTESIAN_POINT('',(4.188659693079,1.122790898343));
#3435 = CARTESIAN_POINT('',(4.1925461354,1.123637869005));
#3436 = CARTESIAN_POINT('',(4.196295832272,1.124461362152));
#3437 = CARTESIAN_POINT('',(4.2001046783,1.12527784005));
#3438 = CARTESIAN_POINT('',(4.20391673461,1.126098128072));
#3439 = CARTESIAN_POINT('',(4.207810488636,1.126922563297));
#3440 = CARTESIAN_POINT('',(4.21171988687,1.127745156303));
#3441 = CARTESIAN_POINT('',(4.241842547183,1.1340229737));
#3442 = CARTESIAN_POINT('',(4.268620085807,1.139270568804));
#3443 = CARTESIAN_POINT('',(4.295903984641,1.144276522375));
#3444 = CARTESIAN_POINT('',(4.323667185352,1.149021989438));
#3445 = CARTESIAN_POINT('',(4.351875393515,1.153487885454));
#3446 = CARTESIAN_POINT('',(4.380486901768,1.157655305615));
#3447 = CARTESIAN_POINT('',(4.40945241298,1.161505944147));
#3448 = CARTESIAN_POINT('',(4.499625801816,1.172342429187));
#3449 = CARTESIAN_POINT('',(4.561828842857,1.178215453898));
#3450 = CARTESIAN_POINT('',(4.624809032299,1.18248627721));
#3451 = CARTESIAN_POINT('',(4.687932385651,1.185021113928));
#3452 = CARTESIAN_POINT('',(4.750459429452,1.185731372106));
#3453 = CARTESIAN_POINT('',(4.811657568082,1.184595930709));
#3454 = CARTESIAN_POINT('',(4.870918218036,1.181668047332));
#3455 = CARTESIAN_POINT('',(4.966008441612,1.173950777254));
#3456 = CARTESIAN_POINT('',(5.003154836156,1.170086133623));
#3457 = CARTESIAN_POINT('',(5.039084094956,1.165490691869));
#3458 = CARTESIAN_POINT('',(5.073693775423,1.160207392489));
#3459 = CARTESIAN_POINT('',(5.106919577369,1.154286582534));
#3460 = CARTESIAN_POINT('',(5.138732585202,1.14778266138));
#3461 = CARTESIAN_POINT('',(5.169132907563,1.140751199766));
#3462 = CARTESIAN_POINT('',(5.211782736836,1.129716852461));
#3463 = CARTESIAN_POINT('',(5.225117599126,1.126082374601));
#3464 = CARTESIAN_POINT('',(5.238146881438,1.122348792032));
#3465 = CARTESIAN_POINT('',(5.250873906988,1.118521645854));
#3466 = CARTESIAN_POINT('',(5.263302742058,1.114606324734));
#3467 = CARTESIAN_POINT('',(5.275438196005,1.110608064909));
#3468 = CARTESIAN_POINT('',(5.287285821256,1.106531950187));
#3469 = CARTESIAN_POINT('',(5.320243585876,1.094709159169));
#3470 = CARTESIAN_POINT('',(5.340671082395,1.086785747099));
#3471 = CARTESIAN_POINT('',(5.360172961961,1.078643646066));
#3472 = CARTESIAN_POINT('',(5.378791992322,1.07031116249));
#3473 = CARTESIAN_POINT('',(5.396573519153,1.06181396885));
#3474 = CARTESIAN_POINT('',(5.413563835337,1.053175133668));
#3475 = CARTESIAN_POINT('',(5.429808550241,1.04441515148));
#3476 = CARTESIAN_POINT('',(5.465522157574,1.024049314456));
#3477 = CARTESIAN_POINT('',(5.484510078187,1.012373238933));
#3478 = CARTESIAN_POINT('',(5.502411970154,1.000563008169));
#3479 = CARTESIAN_POINT('',(5.519318668611,0.988651638478));
#3480 = CARTESIAN_POINT('',(5.535314401191,0.976666663052));
#3481 = CARTESIAN_POINT('',(5.550476594711,0.964630894449));
#3482 = CARTESIAN_POINT('',(5.564875681859,0.952563187081));
#3483 = CARTESIAN_POINT('',(5.589697654142,0.930667719624));
#3484 = CARTESIAN_POINT('',(5.600359399126,0.920845910144));
#3485 = CARTESIAN_POINT('',(5.610593649801,0.911021832214));
#3486 = CARTESIAN_POINT('',(5.620431478182,0.901202632717));
#3487 = CARTESIAN_POINT('',(5.629901521325,0.891394544461));
#3488 = CARTESIAN_POINT('',(5.639029981332,0.881602886179));
#3489 = CARTESIAN_POINT('',(5.647840625344,0.871832062531));
#3490 = CARTESIAN_POINT('',(5.663491792458,0.853915681659));
#3491 = CARTESIAN_POINT('',(5.670420842814,0.845763131117));
#3492 = CARTESIAN_POINT('',(5.677154614785,0.83763008744));
#3493 = CARTESIAN_POINT('',(5.683704984808,0.829518516817));
#3494 = CARTESIAN_POINT('',(5.690083027583,0.821430176664));
#3495 = CARTESIAN_POINT('',(5.696299016075,0.81336661562));
#3496 = CARTESIAN_POINT('',(5.702362421514,0.805329173551));
#3497 = CARTESIAN_POINT('',(5.713208768433,0.790652060538));
#3498 = CARTESIAN_POINT('',(5.718036046166,0.784004067607));
#3499 = CARTESIAN_POINT('',(5.722768789229,0.77737567916));
#3500 = CARTESIAN_POINT('',(5.727411776617,0.77076752268));
#3501 = CARTESIAN_POINT('',(5.731969523679,0.764180176728));
#3502 = CARTESIAN_POINT('',(5.736446282123,0.757614170944));
#3503 = CARTESIAN_POINT('',(5.740846040013,0.751069986048));
#3504 = CARTESIAN_POINT('',(5.74693687496,0.741888398601));
#3505 = CARTESIAN_POINT('',(5.748689047973,0.739232446151));
#3506 = CARTESIAN_POINT('',(5.75042929616,0.736580226782));
#3507 = CARTESIAN_POINT('',(5.752157869162,0.733931769989));
#3508 = CARTESIAN_POINT('',(5.75387501092,0.731287104465));
#3509 = CARTESIAN_POINT('',(5.75558095967,0.728646258104));
#3510 = CARTESIAN_POINT('',(5.757275947942,0.726009257995));
#3511 = CARTESIAN_POINT('',(5.759677587954,0.722254585587));
#3512 = CARTESIAN_POINT('',(5.760393026083,0.721133743324));
#3513 = CARTESIAN_POINT('',(5.761106534507,0.720013605684));
#3514 = CARTESIAN_POINT('',(5.761818130611,0.718894174687));
#3515 = CARTESIAN_POINT('',(5.762527831612,0.717775452332));
#3516 = CARTESIAN_POINT('',(5.763235654556,0.716657440595));
#3517 = CARTESIAN_POINT('',(5.763941616319,0.715540141437));
#3518 = CARTESIAN_POINT('',(5.765985173304,0.712299481975));
#3519 = CARTESIAN_POINT('',(5.767317939916,0.710177990386));
#3520 = CARTESIAN_POINT('',(5.768644198839,0.708059015119));
#3521 = CARTESIAN_POINT('',(5.769963987511,0.705942688512));
#3522 = CARTESIAN_POINT('',(5.771277498782,0.703828892938));
#3523 = CARTESIAN_POINT('',(5.772584775116,0.701717745797));
#3524 = CARTESIAN_POINT('',(5.77388596132,0.699609198897));
#3525 = CARTESIAN_POINT('',(5.784366377016,0.682568498923));
#3526 = CARTESIAN_POINT('',(5.793250031057,0.667766112292));
#3527 = CARTESIAN_POINT('',(5.801869289791,0.653100392107));
#3528 = CARTESIAN_POINT('',(5.810256734008,0.638575295914));
#3529 = CARTESIAN_POINT('',(5.818440988106,0.624194598349));
#3530 = CARTESIAN_POINT('',(5.826447363788,0.609962013999));
#3531 = CARTESIAN_POINT('',(5.834298503768,0.595881320254));
#3532 = CARTESIAN_POINT('',(5.849264038574,0.56887500917));
#3533 = CARTESIAN_POINT('',(5.856394488479,0.555931136706));
#3534 = CARTESIAN_POINT('',(5.863422845286,0.543128078082));
#3535 = CARTESIAN_POINT('',(5.870364289003,0.530469243425));
#3536 = CARTESIAN_POINT('',(5.877232709548,0.517958237678));
#3537 = CARTESIAN_POINT('',(5.884040706746,0.505598860597));
#3538 = CARTESIAN_POINT('',(5.890799590334,0.493395106753));
#3539 = CARTESIAN_POINT('',(5.904632677057,0.468602041462));
#3540 = CARTESIAN_POINT('',(5.911702663124,0.456032023687));
#3541 = CARTESIAN_POINT('',(5.9187414081,0.443646138337));
#3542 = CARTESIAN_POINT('',(5.925760056513,0.431449699677));
#3543 = CARTESIAN_POINT('',(5.932768827474,0.419448310109));
#3544 = CARTESIAN_POINT('',(5.939777014679,0.407647860171));
#3545 = CARTESIAN_POINT('',(5.946792986404,0.396054528534));
#3546 = CARTESIAN_POINT('',(5.96223245846,0.37106639483));
#3547 = CARTESIAN_POINT('',(5.97066278133,0.357763387658));
#3548 = CARTESIAN_POINT('',(5.979128169936,0.344776825122));
#3549 = CARTESIAN_POINT('',(5.987640233886,0.332118279192));
#3550 = CARTESIAN_POINT('',(5.996209246481,0.31979977269));
#3551 = CARTESIAN_POINT('',(6.004844214606,0.307833722802));
#3552 = CARTESIAN_POINT('',(6.013552948629,0.296232884593));
#3553 = CARTESIAN_POINT('',(6.030561355695,0.274515453104));
#3554 = CARTESIAN_POINT('',(6.038850984342,0.264351310501));
#3555 = CARTESIAN_POINT('',(6.047216455456,0.254528479856));
#3556 = CARTESIAN_POINT('',(6.055662390437,0.245057692025));
#3557 = CARTESIAN_POINT('',(6.064192593998,0.235949700642));
#3558 = CARTESIAN_POINT('',(6.072810053282,0.227215187201));
#3559 = CARTESIAN_POINT('',(6.081516936983,0.218864666122));
#3560 = CARTESIAN_POINT('',(6.104596211027,0.197992615557));
#3561 = CARTESIAN_POINT('',(6.119117624109,0.186115223432));
#3562 = CARTESIAN_POINT('',(6.133884067054,0.175320584718));
#3563 = CARTESIAN_POINT('',(6.148895937417,0.165650053547));
#3564 = CARTESIAN_POINT('',(6.164148774795,0.157140913738));
#3565 = CARTESIAN_POINT('',(6.179633386465,0.14982524233));
#3566 = CARTESIAN_POINT('',(6.195336120788,0.143728689844));
#3567 = CARTESIAN_POINT('',(6.220038577581,0.136180390764));
#3568 = CARTESIAN_POINT('',(6.228899496998,0.133870238755));
#3569 = CARTESIAN_POINT('',(6.237819180617,0.131941770707));
#3570 = CARTESIAN_POINT('',(6.246794542057,0.130397295973));
#3571 = CARTESIAN_POINT('',(6.25582230997,0.129238389787));
#3572 = CARTESIAN_POINT('',(6.264899063406,0.128465899255));
#3573 = CARTESIAN_POINT('',(6.274021267167,0.128079949361));
#3574 = CARTESIAN_POINT('',(6.283185307168,0.128079948957));
#3575 = ( GEOMETRIC_REPRESENTATION_CONTEXT(2) 
PARAMETRIC_REPRESENTATION_CONTEXT() REPRESENTATION_CONTEXT('2D SPACE',''
  ) );
#3576 = PCURVE('',#3577,#3613);
#3577 = ( BOUNDED_SURFACE() B_SPLINE_SURFACE(2,2,(
    (#3578,#3579,#3580,#3581,#3582)
    ,(#3583,#3584,#3585,#3586,#3587)
    ,(#3588,#3589,#3590,#3591,#3592)
    ,(#3593,#3594,#3595,#3596,#3597)
    ,(#3598,#3599,#3600,#3601,#3602)
    ,(#3603,#3604,#3605,#3606,#3607)
    ,(#3608,#3609,#3610,#3611,#3612
)),.UNSPECIFIED.,.T.,.F.,.F.) B_SPLINE_SURFACE_WITH_KNOTS((1,2,2,2,2,1),
  (3,2,3),(-2.094395102393,0.,2.094395102393,4.188790204786,
    6.28318530718,8.377580409573),(-1.570796326795,0.,1.570796326795),
.UNSPECIFIED.) GEOMETRIC_REPRESENTATION_ITEM() RATIONAL_B_SPLINE_SURFACE
((
    (1.,0.707106781187,1.,0.707106781187,1.)
    ,(0.5,0.353553390593,0.5,0.353553390593,0.5)
    ,(1.,0.707106781187,1.,0.707106781187,1.)
    ,(0.5,0.353553390593,0.5,0.353553390593,0.5)
    ,(1.,0.707106781187,1.,0.707106781187,1.)
    ,(0.5,0.353553390593,0.5,0.353553390593,0.5)
,(1.,0.707106781187,1.,0.707106781187,1.
))) REPRESENTATION_ITEM('') SURFACE() );
#3578 = CARTESIAN_POINT('',(8.572527594031E-16,0.,25.9));
#3579 = CARTESIAN_POINT('',(14.,0.,25.9));
#3580 = CARTESIAN_POINT('',(14.,0.,37.1));
#3581 = CARTESIAN_POINT('',(14.,0.,48.3));
#3582 = CARTESIAN_POINT('',(8.572527594031E-16,0.,48.3));
#3583 = CARTESIAN_POINT('',(8.572527594031E-16,1.251478781695E-15,25.9)
  );
#3584 = CARTESIAN_POINT('',(14.,20.438199529313,25.9));
#3585 = CARTESIAN_POINT('',(14.,20.438199529313,37.1));
#3586 = CARTESIAN_POINT('',(14.,20.438199529313,48.3));
#3587 = CARTESIAN_POINT('',(8.572527594031E-16,1.251478781695E-15,48.3)
  );
#3588 = CARTESIAN_POINT('',(-4.286263797016E-16,6.257393908477E-16,25.9)
  );
#3589 = CARTESIAN_POINT('',(-7.,10.219099764656,25.9));
#3590 = CARTESIAN_POINT('',(-7.,10.219099764656,37.1));
#3591 = CARTESIAN_POINT('',(-7.,10.219099764656,48.3));
#3592 = CARTESIAN_POINT('',(-4.286263797016E-16,6.257393908477E-16,48.3)
  );
#3593 = CARTESIAN_POINT('',(-1.714505518806E-15,1.769716543541E-31,25.9)
  );
#3594 = CARTESIAN_POINT('',(-28.,2.890166445988E-15,25.9));
#3595 = CARTESIAN_POINT('',(-28.,2.890166445988E-15,37.1));
#3596 = CARTESIAN_POINT('',(-28.,2.890166445988E-15,48.3));
#3597 = CARTESIAN_POINT('',(-1.714505518806E-15,1.769716543541E-31,48.3)
  );
#3598 = CARTESIAN_POINT('',(-4.286263797016E-16,-6.257393908477E-16,25.9
    ));
#3599 = CARTESIAN_POINT('',(-7.,-10.21909976465,25.9));
#3600 = CARTESIAN_POINT('',(-7.,-10.21909976465,37.1));
#3601 = CARTESIAN_POINT('',(-7.,-10.21909976465,48.3));
#3602 = CARTESIAN_POINT('',(-4.286263797016E-16,-6.257393908477E-16,48.3
    ));
#3603 = CARTESIAN_POINT('',(8.572527594031E-16,-1.251478781695E-15,25.9)
  );
#3604 = CARTESIAN_POINT('',(14.,-20.43819952931,25.9));
#3605 = CARTESIAN_POINT('',(14.,-20.43819952931,37.1));
#3606 = CARTESIAN_POINT('',(14.,-20.43819952931,48.3));
#3607 = CARTESIAN_POINT('',(8.572527594031E-16,-1.251478781695E-15,48.3)
  );
#3608 = CARTESIAN_POINT('',(8.572527594031E-16,0.,25.9));
#3609 = CARTESIAN_POINT('',(14.,0.,25.9));
#3610 = CARTESIAN_POINT('',(14.,0.,37.1));
#3611 = CARTESIAN_POINT('',(14.,0.,48.3));
#3612 = CARTESIAN_POINT('',(8.572527594031E-16,0.,48.3));
#3613 = DEFINITIONAL_REPRESENTATION('',(#3614),#4149);
#3614 = B_SPLINE_CURVE_WITH_KNOTS('',8,(#3615,#3616,#3617,#3618,#3619,
    #3620,#3621,#3622,#3623,#3624,#3625,#3626,#3627,#3628,#3629,#3630,
    #3631,#3632,#3633,#3634,#3635,#3636,#3637,#3638,#3639,#3640,#3641,
    #3642,#3643,#3644,#3645,#3646,#3647,#3648,#3649,#3650,#3651,#3652,
    #3653,#3654,#3655,#3656,#3657,#3658,#3659,#3660,#3661,#3662,#3663,
    #3664,#3665,#3666,#3667,#3668,#3669,#3670,#3671,#3672,#3673,#3674,
    #3675,#3676,#3677,#3678,#3679,#3680,#3681,#3682,#3683,#3684,#3685,
    #3686,#3687,#3688,#3689,#3690,#3691,#3692,#3693,#3694,#3695,#3696,
    #3697,#3698,#3699,#3700,#3701,#3702,#3703,#3704,#3705,#3706,#3707,
    #3708,#3709,#3710,#3711,#3712,#3713,#3714,#3715,#3716,#3717,#3718,
    #3719,#3720,#3721,#3722,#3723,#3724,#3725,#3726,#3727,#3728,#3729,
    #3730,#3731,#3732,#3733,#3734,#3735,#3736,#3737,#3738,#3739,#3740,
    #3741,#3742,#3743,#3744,#3745,#3746,#3747,#3748,#3749,#3750,#3751,
    #3752,#3753,#3754,#3755,#3756,#3757,#3758,#3759,#3760,#3761,#3762,
    #3763,#3764,#3765,#3766,#3767,#3768,#3769,#3770,#3771,#3772,#3773,
    #3774,#3775,#3776,#3777,#3778,#3779,#3780,#3781,#3782,#3783,#3784,
    #3785,#3786,#3787,#3788,#3789,#3790,#3791,#3792,#3793,#3794,#3795,
    #3796,#3797,#3798,#3799,#3800,#3801,#3802,#3803,#3804,#3805,#3806,
    #3807,#3808,#3809,#3810,#3811,#3812,#3813,#3814,#3815,#3816,#3817,
    #3818,#3819,#3820,#3821,#3822,#3823,#3824,#3825,#3826,#3827,#3828,
    #3829,#3830,#3831,#3832,#3833,#3834,#3835,#3836,#3837,#3838,#3839,
    #3840,#3841,#3842,#3843,#3844,#3845,#3846,#3847,#3848,#3849,#3850,
    #3851,#3852,#3853,#3854,#3855,#3856,#3857,#3858,#3859,#3860,#3861,
    #3862,#3863,#3864,#3865,#3866,#3867,#3868,#3869,#3870,#3871,#3872,
    #3873,#3874,#3875,#3876,#3877,#3878,#3879,#3880,#3881,#3882,#3883,
    #3884,#3885,#3886,#3887,#3888,#3889,#3890,#3891,#3892,#3893,#3894,
    #3895,#3896,#3897,#3898,#3899,#3900,#3901,#3902,#3903,#3904,#3905,
    #3906,#3907,#3908,#3909,#3910,#3911,#3912,#3913,#3914,#3915,#3916,
    #3917,#3918,#3919,#3920,#3921,#3922,#3923,#3924,#3925,#3926,#3927,
    #3928,#3929,#3930,#3931,#3932,#3933,#3934,#3935,#3936,#3937,#3938,
    #3939,#3940,#3941,#3942,#3943,#3944,#3945,#3946,#3947,#3948,#3949,
    #3950,#3951,#3952,#3953,#3954,#3955,#3956,#3957,#3958,#3959,#3960,
    #3961,#3962,#3963,#3964,#3965,#3966,#3967,#3968,#3969,#3970,#3971,
    #3972,#3973,#3974,#3975,#3976,#3977,#3978,#3979,#3980,#3981,#3982,
    #3983,#3984,#3985,#3986,#3987,#3988,#3989,#3990,#3991,#3992,#3993,
    #3994,#3995,#3996,#3997,#3998,#3999,#4000,#4001,#4002,#4003,#4004,
    #4005,#4006,#4007,#4008,#4009,#4010,#4011,#4012,#4013,#4014,#4015,
    #4016,#4017,#4018,#4019,#4020,#4021,#4022,#4023,#4024,#4025,#4026,
    #4027,#4028,#4029,#4030,#4031,#4032,#4033,#4034,#4035,#4036,#4037,
    #4038,#4039,#4040,#4041,#4042,#4043,#4044,#4045,#4046,#4047,#4048,
    #4049,#4050,#4051,#4052,#4053,#4054,#4055,#4056,#4057,#4058,#4059,
    #4060,#4061,#4062,#4063,#4064,#4065,#4066,#4067,#4068,#4069,#4070,
    #4071,#4072,#4073,#4074,#4075,#4076,#4077,#4078,#4079,#4080,#4081,
    #4082,#4083,#4084,#4085,#4086,#4087,#4088,#4089,#4090,#4091,#4092,
    #4093,#4094,#4095,#4096,#4097,#4098,#4099,#4100,#4101,#4102,#4103,
    #4104,#4105,#4106,#4107,#4108,#4109,#4110,#4111,#4112,#4113,#4114,
    #4115,#4116,#4117,#4118,#4119,#4120,#4121,#4122,#4123,#4124,#4125,
    #4126,#4127,#4128,#4129,#4130,#4131,#4132,#4133,#4134,#4135,#4136,
    #4137,#4138,#4139,#4140,#4141,#4142,#4143,#4144,#4145,#4146,#4147,
    #4148),.UNSPECIFIED.,.F.,.F.,(9,7,7,7,7,7,7,7,7,7,7,7,7,7,7,7,7,7,7,
    7,7,7,7,7,7,7,7,7,7,7,7,7,7,7,7,7,7,7,7,7,7,7,7,7,7,7,7,7,7,7,7,7,7,
    7,7,7,7,7,7,7,7,7,7,7,7,7,7,7,7,7,7,7,7,7,7,7,9),(0.,
    2.125986204249E-02,5.983107997708E-02,8.356908398182E-02,
    0.108941520114,0.130244059083,0.150291400391,0.165160018975,
    0.172492810763,0.17428376671,0.177019917894,0.179865918938,
    0.188972794933,0.199914214987,0.21296624299,0.229040239212,
    0.241424735333,0.248117332224,0.262356225731,0.283557378887,
    0.294863566453,0.296064056882,0.312054390505,0.324851271119,
    0.336026999336,0.345399185901,0.353198588999,0.356372135176,
    0.357751421317,0.368182484731,0.370780126467,0.378837726801,
    0.396288739203,0.414759577327,0.437689484393,0.460709903783,
    0.474829229196,0.484502126006,0.509731221884,0.54463660045,
    0.558763788082,0.581789800489,0.604722230533,0.623194245941,
    0.640645984786,0.647114499697,0.649528615635,0.653700328356,
    0.659980585518,0.661545092864,0.66273480436,0.666349210708,
    0.674150939609,0.683526687404,0.694708012952,0.707412229304,
    0.724195401272,0.725597477831,0.735105566896,0.754897005117,
    0.768200194064,0.774457140928,0.786029510346,0.801048176131,
    0.813242315373,0.823463964896,0.831971505489,0.835440897204,
    0.836918637397,0.839729737073,0.859665614855,0.878394027021,
    0.898219023695,0.921926603162,0.94409680922,0.98008666416,1.),
  .UNSPECIFIED.);
#3615 = CARTESIAN_POINT('',(0.,-0.829004252635));
#3616 = CARTESIAN_POINT('',(3.424007168077E-02,-0.829004227555));
#3617 = CARTESIAN_POINT('',(6.785551067455E-02,-0.828305095038));
#3618 = CARTESIAN_POINT('',(0.10079278228,-0.826905578942));
#3619 = CARTESIAN_POINT('',(0.133005485291,-0.824808937519));
#3620 = CARTESIAN_POINT('',(0.164454763819,-0.822022601457));
#3621 = CARTESIAN_POINT('',(0.195109719118,-0.818557811932));
#3622 = CARTESIAN_POINT('',(0.224947821406,-0.814429258647));
#3623 = CARTESIAN_POINT('',(0.306582570851,-0.800992304714));
#3624 = CARTESIAN_POINT('',(0.356478795799,-0.790203030958));
#3625 = CARTESIAN_POINT('',(0.403552902912,-0.777391210616));
#3626 = CARTESIAN_POINT('',(0.447812521161,-0.762693294537));
#3627 = CARTESIAN_POINT('',(0.489339612434,-0.746259771282));
#3628 = CARTESIAN_POINT('',(0.528267275685,-0.728241953207));
#3629 = CARTESIAN_POINT('',(0.564757744915,-0.708783647765));
#3630 = CARTESIAN_POINT('',(0.620044173539,-0.675237702299));
#3631 = CARTESIAN_POINT('',(0.640248864535,-0.661962054352));
#3632 = CARTESIAN_POINT('',(0.659636376294,-0.648221728045));
#3633 = CARTESIAN_POINT('',(0.678248890666,-0.634045688852));
#3634 = CARTESIAN_POINT('',(0.696129264889,-0.619460899113));
#3635 = CARTESIAN_POINT('',(0.713320247434,-0.604492307303));
#3636 = CARTESIAN_POINT('',(0.729863693868,-0.589162837284));
#3637 = CARTESIAN_POINT('',(0.762833181268,-0.556745052178));
#3638 = CARTESIAN_POINT('',(0.779172905547,-0.53960821274));
#3639 = CARTESIAN_POINT('',(0.794868544044,-0.522108576876));
#3640 = CARTESIAN_POINT('',(0.809967916744,-0.504269171456));
#3641 = CARTESIAN_POINT('',(0.824516979592,-0.486110661578));
#3642 = CARTESIAN_POINT('',(0.838559728982,-0.467651679551));
#3643 = CARTESIAN_POINT('',(0.852138106231,-0.448909153864));
#3644 = CARTESIAN_POINT('',(0.876335717172,-0.413937436258));
#3645 = CARTESIAN_POINT('',(0.887080463183,-0.39778750037));
#3646 = CARTESIAN_POINT('',(0.897549626612,-0.381457691735));
#3647 = CARTESIAN_POINT('',(0.907765936753,-0.364956442879));
#3648 = CARTESIAN_POINT('',(0.917751365692,-0.348291757624));
#3649 = CARTESIAN_POINT('',(0.927527128296,-0.331471211084));
#3650 = CARTESIAN_POINT('',(0.937113682221,-0.314501949672));
#3651 = CARTESIAN_POINT('',(0.955392897574,-0.28128767601));
#3652 = CARTESIAN_POINT('',(0.964105211575,-0.265059291661));
#3653 = CARTESIAN_POINT('',(0.972684082683,-0.248711120487));
#3654 = CARTESIAN_POINT('',(0.981145668974,-0.232248890369));
#3655 = CARTESIAN_POINT('',(0.989505873818,-0.215678474628));
#3656 = CARTESIAN_POINT('',(0.997780345887,-0.199005892025));
#3657 = CARTESIAN_POINT('',(1.005984479152,-0.182237306756));
#3658 = CARTESIAN_POINT('',(1.020177300731,-0.152875696442));
#3659 = CARTESIAN_POINT('',(1.026190927038,-0.140323206222));
#3660 = CARTESIAN_POINT('',(1.03218050392,-0.127724163495));
#3661 = CARTESIAN_POINT('',(1.038152260253,-0.115081390241));
#3662 = CARTESIAN_POINT('',(1.04411244168,-0.102397924723));
#3663 = CARTESIAN_POINT('',(1.05006731061,-8.967702148901E-02));
#3664 = CARTESIAN_POINT('',(1.056023146213,-7.692215136973E-02));
#3665 = CARTESIAN_POINT('',(1.064927085385,-5.783173034233E-02));
#3666 = CARTESIAN_POINT('',(1.067869700586,-5.151911451509E-02));
#3667 = CARTESIAN_POINT('',(1.070814849144,-4.519960490134E-02));
#3668 = CARTESIAN_POINT('',(1.073763294453,-3.887367463749E-02));
#3669 = CARTESIAN_POINT('',(1.07671580419,-3.254181909371E-02));
#3670 = CARTESIAN_POINT('',(1.079673150314,-2.620455587393E-02));
#3671 = CARTESIAN_POINT('',(1.082636109066,-1.986242481585E-02));
#3672 = CARTESIAN_POINT('',(1.086330693493,-1.19659389171E-02));
#3673 = CARTESIAN_POINT('',(1.087056307431,-1.041563316303E-02));
#3674 = CARTESIAN_POINT('',(1.087782314169,-8.86507897387E-03));
#3675 = CARTESIAN_POINT('',(1.088508725113,-7.314284691324E-03));
#3676 = CARTESIAN_POINT('',(1.089235551688,-5.763258753681E-03));
#3677 = CARTESIAN_POINT('',(1.089962805339,-4.212009695793E-03));
#3678 = CARTESIAN_POINT('',(1.09069049753,-2.660546149083E-03));
#3679 = CARTESIAN_POINT('',(1.092531066425,1.262115830345E-03));
#3680 = CARTESIAN_POINT('',(1.093644545776,3.632850250087E-03));
#3681 = CARTESIAN_POINT('',(1.094759145515,5.994612889144E-03));
#3682 = CARTESIAN_POINT('',(1.095874884314,8.354650346648E-03));
#3683 = CARTESIAN_POINT('',(1.096991808774,1.071117674216E-02));
#3684 = CARTESIAN_POINT('',(1.098109971021,1.306064965794E-02));
#3685 = CARTESIAN_POINT('',(1.099229397426,1.54079288698E-02));
#3686 = CARTESIAN_POINT('',(1.101515875521,2.018612045966E-02));
#3687 = CARTESIAN_POINT('',(1.102683032003,2.261755283973E-02));
#3688 = CARTESIAN_POINT('',(1.103851655106,2.504420747404E-02));
#3689 = CARTESIAN_POINT('',(1.105021791698,2.746606220586E-02));
#3690 = CARTESIAN_POINT('',(1.106193488799,2.988309449346E-02));
#3691 = CARTESIAN_POINT('',(1.107366793576,3.229528141012E-02));
#3692 = CARTESIAN_POINT('',(1.108541753349,3.470259964407E-02));
#3693 = CARTESIAN_POINT('',(1.113483598651,4.479251356132E-02));
#3694 = CARTESIAN_POINT('',(1.117266214221,5.242989972675E-02));
#3695 = CARTESIAN_POINT('',(1.121067816928,6.001641717392E-02));
#3696 = CARTESIAN_POINT('',(1.124889978615,6.755124634701E-02));
#3697 = CARTESIAN_POINT('',(1.128734288325,7.503351495534E-02));
#3698 = CARTESIAN_POINT('',(1.132602352307,8.246229797333E-02));
#3699 = CARTESIAN_POINT('',(1.136495794015,8.983661764053E-02));
#3700 = CARTESIAN_POINT('',(1.145126476154,0.105948619469));
#3701 = CARTESIAN_POINT('',(1.149875692519,0.114661658625));
#3702 = CARTESIAN_POINT('',(1.154666756852,0.123292786212));
#3703 = CARTESIAN_POINT('',(1.159502551886,0.131840067185));
#3704 = CARTESIAN_POINT('',(1.164385989439,0.140301406171));
#3705 = CARTESIAN_POINT('',(1.16932001041,0.148674547469));
#3706 = CARTESIAN_POINT('',(1.174307584785,0.156957075051));
#3707 = CARTESIAN_POINT('',(1.18536886695,0.174915478147));
#3708 = CARTESIAN_POINT('',(1.191466424233,0.184551844865));
#3709 = CARTESIAN_POINT('',(1.197649535685,0.194051164819));
#3710 = CARTESIAN_POINT('',(1.20392331467,0.203408626804));
#3711 = CARTESIAN_POINT('',(1.210292835723,0.212618956305));
#3712 = CARTESIAN_POINT('',(1.216763134541,0.221676415498));
#3713 = CARTESIAN_POINT('',(1.223339207988,0.230574803248));
#3714 = CARTESIAN_POINT('',(1.23826100802,0.250062000407));
#3715 = CARTESIAN_POINT('',(1.246663712312,0.260564890298));
#3716 = CARTESIAN_POINT('',(1.255243318531,0.270803857764));
#3717 = CARTESIAN_POINT('',(1.264008573799,0.280765075047));
#3718 = CARTESIAN_POINT('',(1.27296753775,0.290433291512));
#3719 = CARTESIAN_POINT('',(1.28212733948,0.299791971514));
#3720 = CARTESIAN_POINT('',(1.291493934502,0.308823432252));
#3721 = CARTESIAN_POINT('',(1.308451339824,0.324200923985));
#3722 = CARTESIAN_POINT('',(1.315956122073,0.330687407966));
#3723 = CARTESIAN_POINT('',(1.323588181565,0.336959880152));
#3724 = CARTESIAN_POINT('',(1.331348830814,0.343009318252));
#3725 = CARTESIAN_POINT('',(1.33923861319,0.348826374114));
#3726 = CARTESIAN_POINT('',(1.347257194395,0.354401516734));
#3727 = CARTESIAN_POINT('',(1.35540325393,0.359725175261));
#3728 = CARTESIAN_POINT('',(1.368144103766,0.367523771752));
#3729 = CARTESIAN_POINT('',(1.372650347012,0.370183470036));
#3730 = CARTESIAN_POINT('',(1.377192724955,0.372765463002));
#3731 = CARTESIAN_POINT('',(1.381770759904,0.37526826927));
#3732 = CARTESIAN_POINT('',(1.386383877819,0.37769043993));
#3733 = CARTESIAN_POINT('',(1.391031408317,0.380030558546));
#3734 = CARTESIAN_POINT('',(1.395712584669,0.382287241156));
#3735 = CARTESIAN_POINT('',(1.41045576406,0.38907998135));
#3736 = CARTESIAN_POINT('',(1.420633825286,0.393317317488));
#3737 = CARTESIAN_POINT('',(1.43095184531,0.397158006198));
#3738 = CARTESIAN_POINT('',(1.44139944717,0.400590378299));
#3739 = CARTESIAN_POINT('',(1.451964863024,0.403604474289));
#3740 = CARTESIAN_POINT('',(1.462635054402,0.406192234913));
#3741 = CARTESIAN_POINT('',(1.473395848796,0.408347641918));
#3742 = CARTESIAN_POINT('',(1.500366834339,0.412626579055));
#3743 = CARTESIAN_POINT('',(1.516671444735,0.414219638308));
#3744 = CARTESIAN_POINT('',(1.533095877832,0.414832538623));
#3745 = CARTESIAN_POINT('',(1.549591628006,0.414463666247));
#3746 = CARTESIAN_POINT('',(1.566112846201,0.413120000247));
#3747 = CARTESIAN_POINT('',(1.58261557249,0.410815398353));
#3748 = CARTESIAN_POINT('',(1.599056847946,0.407570174587));
#3749 = CARTESIAN_POINT('',(1.624108555381,0.401194110777));
#3750 = CARTESIAN_POINT('',(1.632792791997,0.398716687676));
#3751 = CARTESIAN_POINT('',(1.641442040336,0.395983541858));
#3752 = CARTESIAN_POINT('',(1.650050468447,0.392999248388));
#3753 = CARTESIAN_POINT('',(1.658612580206,0.389768836998));
#3754 = CARTESIAN_POINT('',(1.66712324475,0.386297749775));
#3755 = CARTESIAN_POINT('',(1.675577725913,0.38259179886));
#3756 = CARTESIAN_POINT('',(1.684862984037,0.378239339121));
#3757 = CARTESIAN_POINT('',(1.685818029676,0.377788771796));
#3758 = CARTESIAN_POINT('',(1.68679143825,0.377325943129));
#3759 = CARTESIAN_POINT('',(1.687755586109,0.376863896769));
#3760 = CARTESIAN_POINT('',(1.688701073432,0.37640747636));
#3761 = CARTESIAN_POINT('',(1.689636881687,0.375952708313));
#3762 = CARTESIAN_POINT('',(1.690590251394,0.37548629005));
#3763 = CARTESIAN_POINT('',(1.705139608701,0.368310518567));
#3764 = CARTESIAN_POINT('',(1.718539745702,0.361028938826));
#3765 = CARTESIAN_POINT('',(1.731776480321,0.353167866799));
#3766 = CARTESIAN_POINT('',(1.744827174555,0.344758107102));
#3767 = CARTESIAN_POINT('',(1.757676312979,0.335831589032));
#3768 = CARTESIAN_POINT('',(1.770314874798,0.32641956105));
#3769 = CARTESIAN_POINT('',(1.782739528229,0.316551237361));
#3770 = CARTESIAN_POINT('',(1.80472487153,0.298011256345));
#3771 = CARTESIAN_POINT('',(1.814361444957,0.289494635406));
#3772 = CARTESIAN_POINT('',(1.823861950431,0.280716750021));
#3773 = CARTESIAN_POINT('',(1.833228324745,0.271690574385));
#3774 = CARTESIAN_POINT('',(1.842463691741,0.262428250135));
#3775 = CARTESIAN_POINT('',(1.851572195509,0.252940995841));
#3776 = CARTESIAN_POINT('',(1.860558833585,0.243239016513));
#3777 = CARTESIAN_POINT('',(1.877176011253,0.22467894144));
#3778 = CARTESIAN_POINT('',(1.8848339804,0.215869818362));
#3779 = CARTESIAN_POINT('',(1.892406953985,0.206910204764));
#3780 = CARTESIAN_POINT('',(1.899898944035,0.19780582462));
#3781 = CARTESIAN_POINT('',(1.907314188193,0.188561970164));
#3782 = CARTESIAN_POINT('',(1.914657119719,0.179183507082));
#3783 = CARTESIAN_POINT('',(1.921932337476,0.169674879697));
#3784 = CARTESIAN_POINT('',(1.935192903757,0.151960209749));
#3785 = CARTESIAN_POINT('',(1.941196905469,0.143791646528));
#3786 = CARTESIAN_POINT('',(1.947159370546,0.135536810377));
#3787 = CARTESIAN_POINT('',(1.95308312136,0.127197938667));
#3788 = CARTESIAN_POINT('',(1.958971013176,0.118777122265));
#3789 = CARTESIAN_POINT('',(1.964825934148,0.110276305528));
#3790 = CARTESIAN_POINT('',(1.97065080532,0.101697286309));
#3791 = CARTESIAN_POINT('',(1.981273407138,8.583867211729E-02));
#3792 = CARTESIAN_POINT('',(1.986079460763,7.858263511183E-02));
#3793 = CARTESIAN_POINT('',(1.99086843722,7.127456334751E-02));
#3794 = CARTESIAN_POINT('',(1.995642040725,6.391536722654E-02));
#3795 = CARTESIAN_POINT('',(2.000401983994,5.650590914144E-02));
#3796 = CARTESIAN_POINT('',(2.005149988235,4.904700347501E-02));
#3797 = CARTESIAN_POINT('',(2.009887783158,4.153941660037E-02));
#3798 = CARTESIAN_POINT('',(2.016541450266,3.090954426757E-02));
#3799 = CARTESIAN_POINT('',(2.018464390989,2.78272818923E-02));
#3800 = CARTESIAN_POINT('',(2.020386046193,2.473712870031E-02));
#3801 = CARTESIAN_POINT('',(2.022306533175,2.163913265122E-02));
#3802 = CARTESIAN_POINT('',(2.024225969474,1.853334071912E-02));
#3803 = CARTESIAN_POINT('',(2.026144472867,1.541979889252E-02));
#3804 = CARTESIAN_POINT('',(2.028062161375,1.229855217439E-02));
#3805 = CARTESIAN_POINT('',(2.030812315975,7.809931048014E-03));
#3806 = CARTESIAN_POINT('',(2.031645344908,6.448218586297E-03));
#3807 = CARTESIAN_POINT('',(2.032478253714,5.085500932803E-03));
#3808 = CARTESIAN_POINT('',(2.033311051572,3.721646614855E-03));
#3809 = CARTESIAN_POINT('',(2.034143745926,2.356087090981E-03));
#3810 = CARTESIAN_POINT('',(2.034976345237,9.885048906045E-04));
#3811 = CARTESIAN_POINT('',(2.035808861723,-3.804782462602E-04));
#3812 = CARTESIAN_POINT('',(2.042936857939,-1.20955787914E-02));
#3813 = CARTESIAN_POINT('',(2.049228589813,-2.24332354708E-02));
#3814 = CARTESIAN_POINT('',(2.055520722498,-3.275903761586E-02));
#3815 = CARTESIAN_POINT('',(2.061817514903,-4.30705924141E-02));
#3816 = CARTESIAN_POINT('',(2.068123272087,-5.336565989224E-02));
#3817 = CARTESIAN_POINT('',(2.074442345252,-6.36421529162E-02));
#3818 = CARTESIAN_POINT('',(2.080779131749,-7.389813719109E-02));
#3819 = CARTESIAN_POINT('',(2.088721817376,-8.668031966267E-02));
#3820 = CARTESIAN_POINT('',(2.090305306704,-8.922743028767E-02));
#3821 = CARTESIAN_POINT('',(2.091897433523,-9.17730999543E-02));
#3822 = CARTESIAN_POINT('',(2.093471724146,-9.431740630327E-02));
#3823 = CARTESIAN_POINT('',(2.095080802325,-9.68601132421E-02));
#3824 = CARTESIAN_POINT('',(2.09665815288,-9.94014585215E-02));
#3825 = CARTESIAN_POINT('',(2.098248947933,-0.101941236253));
#3826 = CARTESIAN_POINT('',(2.104755659746,-0.112352891987));
#3827 = CARTESIAN_POINT('',(2.109667205844,-0.120211504385));
#3828 = CARTESIAN_POINT('',(2.114571484046,-0.128054558921));
#3829 = CARTESIAN_POINT('',(2.119470469899,-0.135881310689));
#3830 = CARTESIAN_POINT('',(2.12436610984,-0.143691041688));
#3831 = CARTESIAN_POINT('',(2.12926032119,-0.151483060831));
#3832 = CARTESIAN_POINT('',(2.134154992157,-0.159256703938));
#3833 = CARTESIAN_POINT('',(2.149657751644,-0.183806254878));
#3834 = CARTESIAN_POINT('',(2.160274551885,-0.200511760953));
#3835 = CARTESIAN_POINT('',(2.170921123183,-0.217121596708));
#3836 = CARTESIAN_POINT('',(2.181615874393,-0.233629648676));
#3837 = CARTESIAN_POINT('',(2.192376882601,-0.250029945178));
#3838 = CARTESIAN_POINT('',(2.203221893121,-0.266316656323));
#3839 = CARTESIAN_POINT('',(2.214168319497,-0.282484094009));
#3840 = CARTESIAN_POINT('',(2.236944835088,-0.315506855237));
#3841 = CARTESIAN_POINT('',(2.248789357296,-0.33234674022));
#3842 = CARTESIAN_POINT('',(2.260787194131,-0.349039768389));
#3843 = CARTESIAN_POINT('',(2.272958581931,-0.36557892669));
#3844 = CARTESIAN_POINT('',(2.285323609368,-0.381956787496));
#3845 = CARTESIAN_POINT('',(2.297902217449,-0.398165508609));
#3846 = CARTESIAN_POINT('',(2.310714199515,-0.41419683326));
#3847 = CARTESIAN_POINT('',(2.339998205829,-0.449712462051));
#3848 = CARTESIAN_POINT('',(2.356607345786,-0.469095838136));
#3849 = CARTESIAN_POINT('',(2.373643858346,-0.488174977626));
#3850 = CARTESIAN_POINT('',(2.391145037942,-0.506931084828));
#3851 = CARTESIAN_POINT('',(2.409147656157,-0.525343418573));
#3852 = CARTESIAN_POINT('',(2.427687381673,-0.543388901714));
#3853 = CARTESIAN_POINT('',(2.446798200225,-0.561041730609));
#3854 = CARTESIAN_POINT('',(2.486303210312,-0.595572295746));
#3855 = CARTESIAN_POINT('',(2.506702391677,-0.612446790124));
#3856 = CARTESIAN_POINT('',(2.527740859463,-0.628867495752));
#3857 = CARTESIAN_POINT('',(2.549448130725,-0.644802269442));
#3858 = CARTESIAN_POINT('',(2.571850080852,-0.66021586796));
#3859 = CARTESIAN_POINT('',(2.594967265666,-0.675070019168));
#3860 = CARTESIAN_POINT('',(2.618813243523,-0.689323493165));
#3861 = CARTESIAN_POINT('',(2.65846863232,-0.711278881963));
#3862 = CARTESIAN_POINT('',(2.673820130284,-0.719383250904));
#3863 = CARTESIAN_POINT('',(2.689448840624,-0.727235002184));
#3864 = CARTESIAN_POINT('',(2.70535462844,-0.734823699673));
#3865 = CARTESIAN_POINT('',(2.721535774598,-0.742138749191));
#3866 = CARTESIAN_POINT('',(2.737988975735,-0.749169398506));
#3867 = CARTESIAN_POINT('',(2.754709344257,-0.75590473733));
#3868 = CARTESIAN_POINT('',(2.783323769174,-0.766738091721));
#3869 = CARTESIAN_POINT('',(2.7950793662,-0.770998806335));
#3870 = CARTESIAN_POINT('',(2.80695503604,-0.775112310585));
#3871 = CARTESIAN_POINT('',(2.818948185502,-0.779075140032));
#3872 = CARTESIAN_POINT('',(2.831055791574,-0.782883896383));
#3873 = CARTESIAN_POINT('',(2.843274401431,-0.786535247486));
#3874 = CARTESIAN_POINT('',(2.85560013243,-0.790025927336));
#3875 = CARTESIAN_POINT('',(2.900445377805,-0.802029751711));
#3876 = CARTESIAN_POINT('',(2.933560653146,-0.809592656525));
#3877 = CARTESIAN_POINT('',(2.967299862423,-0.815984849567));
#3878 = CARTESIAN_POINT('',(3.001564899046,-0.821156324137));
#3879 = CARTESIAN_POINT('',(3.036239215884,-0.825066141527));
#3880 = CARTESIAN_POINT('',(3.071192855596,-0.827684904758));
#3881 = CARTESIAN_POINT('',(3.106287480975,-0.828997232325));
#3882 = CARTESIAN_POINT('',(3.189935571366,-0.829013600128));
#3883 = CARTESIAN_POINT('',(3.238492393302,-0.826524153168));
#3884 = CARTESIAN_POINT('',(3.286682185063,-0.821533222334));
#3885 = CARTESIAN_POINT('',(3.334133391089,-0.814096946833));
#3886 = CARTESIAN_POINT('',(3.38052058066,-0.804320959817));
#3887 = CARTESIAN_POINT('',(3.425591827741,-0.792347508894));
#3888 = CARTESIAN_POINT('',(3.469175476286,-0.778339011119));
#3889 = CARTESIAN_POINT('',(3.528161250702,-0.756030680626));
#3890 = CARTESIAN_POINT('',(3.544895322197,-0.749296439868));
#3891 = CARTESIAN_POINT('',(3.561362000278,-0.74226640675));
#3892 = CARTESIAN_POINT('',(3.577556368814,-0.734951510287));
#3893 = CARTESIAN_POINT('',(3.593475100757,-0.727362521966));
#3894 = CARTESIAN_POINT('',(3.609116458145,-0.719510055751));
#3895 = CARTESIAN_POINT('',(3.624480292099,-0.711404568078));
#3896 = CARTESIAN_POINT('',(3.664159570275,-0.689449498834));
#3897 = CARTESIAN_POINT('',(3.688017030232,-0.675197230905));
#3898 = CARTESIAN_POINT('',(3.711145258094,-0.66034371668));
#3899 = CARTESIAN_POINT('',(3.733557782622,-0.644930231773));
#3900 = CARTESIAN_POINT('',(3.755275144918,-0.628995092651));
#3901 = CARTESIAN_POINT('',(3.776323217406,-0.612573584473));
#3902 = CARTESIAN_POINT('',(3.796731522805,-0.595697888936));
#3903 = CARTESIAN_POINT('',(3.836251187008,-0.561166488873));
#3904 = CARTESIAN_POINT('',(3.855367699887,-0.543514141268));
#3905 = CARTESIAN_POINT('',(3.873912813694,-0.525468912844));
#3906 = CARTESIAN_POINT('',(3.891920517793,-0.507056627821));
#3907 = CARTESIAN_POINT('',(3.909426487841,-0.488300381687));
#3908 = CARTESIAN_POINT('',(3.92646750468,-0.469220931792));
#3909 = CARTESIAN_POINT('',(3.943080873211,-0.449837087933));
#3910 = CARTESIAN_POINT('',(3.972371430953,-0.414321085719));
#3911 = CARTESIAN_POINT('',(3.98518585233,-0.398289923723));
#3912 = CARTESIAN_POINT('',(3.997766754385,-0.382081293335));
#3913 = CARTESIAN_POINT('',(4.010133933724,-0.365703455734));
#3914 = CARTESIAN_POINT('',(4.022307334588,-0.349164256897));
#3915 = CARTESIAN_POINT('',(4.034307048859,-0.332471127604));
#3916 = CARTESIAN_POINT('',(4.046153316054,-0.315631083433));
#3917 = CARTESIAN_POINT('',(4.068932729125,-0.282608258085));
#3918 = CARTESIAN_POINT('',(4.079880326933,-0.26644092704));
#3919 = CARTESIAN_POINT('',(4.090726399955,-0.250154279227));
#3920 = CARTESIAN_POINT('',(4.101488362894,-0.233754003559));
#3921 = CARTESIAN_POINT('',(4.112183961959,-0.217245930262));
#3922 = CARTESIAN_POINT('',(4.12283127486,-0.200636030878));
#3923 = CARTESIAN_POINT('',(4.133448710811,-0.18393041826));
#3924 = CARTESIAN_POINT('',(4.147986270395,-0.160910255998));
#3925 = CARTESIAN_POINT('',(4.151916020285,-0.154672905217));
#3926 = CARTESIAN_POINT('',(4.155845222964,-0.148423625381));
#3927 = CARTESIAN_POINT('',(4.159774852846,-0.142162758162));
#3928 = CARTESIAN_POINT('',(4.163705895996,-0.135890655766));
#3929 = CARTESIAN_POINT('',(4.16763935013,-0.129607680929));
#3930 = CARTESIAN_POINT('',(4.171576224615,-0.12331420692));
#3931 = CARTESIAN_POINT('',(4.176988480059,-0.114658053749));
#3932 = CARTESIAN_POINT('',(4.178460038461,-0.112304081317));
#3933 = CARTESIAN_POINT('',(4.179932268837,-0.109948720311));
#3934 = CARTESIAN_POINT('',(4.181405224619,-0.107591991083));
#3935 = CARTESIAN_POINT('',(4.182878959516,-0.105233914257));
#3936 = CARTESIAN_POINT('',(4.184353527511,-0.102874510736));
#3937 = CARTESIAN_POINT('',(4.18582898286,-0.100513801695));
#3938 = CARTESIAN_POINT('',(4.18985646626,-9.407016672832E-02));
#3939 = CARTESIAN_POINT('',(4.192414898382,-8.998470851906E-02));
#3940 = CARTESIAN_POINT('',(4.194950042712,-8.58954218443E-02));
#3941 = CARTESIAN_POINT('',(4.197504997958,-8.180259015089E-02));
#3942 = CARTESIAN_POINT('',(4.200035574845,-7.770615300719E-02));
#3943 = CARTESIAN_POINT('',(4.202576409262,-7.360636601841E-02));
#3944 = CARTESIAN_POINT('',(4.205108493631,-6.950327490596E-02));
#3945 = CARTESIAN_POINT('',(4.211449768815,-5.921534270703E-02));
#3946 = CARTESIAN_POINT('',(4.215254074269,-5.302650224696E-02));
#3947 = CARTESIAN_POINT('',(4.219053501728,-4.683093900756E-02));
#3948 = CARTESIAN_POINT('',(4.222849002882,-4.062909859742E-02));
#3949 = CARTESIAN_POINT('',(4.226641523493,-3.442144700045E-02));
#3950 = CARTESIAN_POINT('',(4.230432003392,-2.820847057583E-02));
#3951 = CARTESIAN_POINT('',(4.234221376477,-2.199067605805E-02));
#3952 = CARTESIAN_POINT('',(4.2389545166,-1.421857486217E-02));
#3953 = CARTESIAN_POINT('',(4.239898451434,-1.266829303749E-02));
#3954 = CARTESIAN_POINT('',(4.240842389584,-1.111775328554E-02));
#3955 = CARTESIAN_POINT('',(4.241786345396,-9.566963904682E-03));
#3956 = CARTESIAN_POINT('',(4.242730333198,-8.015933288933E-03));
#3957 = CARTESIAN_POINT('',(4.243674367299,-6.464669927979E-03));
#3958 = CARTESIAN_POINT('',(4.24461846199,-4.913182407167E-03));
#3959 = CARTESIAN_POINT('',(4.246280614349,-2.181360676269E-03));
#3960 = CARTESIAN_POINT('',(4.246998643909,-1.001984329341E-03));
#3961 = CARTESIAN_POINT('',(4.247716715583,1.793795407298E-04));
#3962 = CARTESIAN_POINT('',(4.2484348457,1.360208155404E-03));
#3963 = CARTESIAN_POINT('',(4.249153048078,2.538607220996E-03));
#3964 = CARTESIAN_POINT('',(4.249871325547,3.715431707343E-03));
#3965 = CARTESIAN_POINT('',(4.250589676497,4.892646234294E-03));
#3966 = CARTESIAN_POINT('',(4.253490774886,9.63904800363E-03));
#3967 = CARTESIAN_POINT('',(4.25567422294,1.320027589667E-02));
#3968 = CARTESIAN_POINT('',(4.257858635539,1.675154456856E-02));
#3969 = CARTESIAN_POINT('',(4.260044187215,2.029278820066E-02));
#3970 = CARTESIAN_POINT('',(4.262231052091,2.382393933229E-02));
#3971 = CARTESIAN_POINT('',(4.264419403884,2.73449288607E-02));
#3972 = CARTESIAN_POINT('',(4.266609415901,3.085568604109E-02));
#3973 = CARTESIAN_POINT('',(4.273532378184,4.191189827983E-02));
#3974 = CARTESIAN_POINT('',(4.278272035795,4.94196393307E-02));
#3975 = CARTESIAN_POINT('',(4.283021973417,5.687864143072E-02));
#3976 = CARTESIAN_POINT('',(4.287783922074,6.428813618836E-02));
#3977 = CARTESIAN_POINT('',(4.292559604272,7.164730702902E-02));
#3978 = CARTESIAN_POINT('',(4.297350734001,7.895528919508E-02));
#3979 = CARTESIAN_POINT('',(4.302159016727,8.621116974588E-02));
#3980 = CARTESIAN_POINT('',(4.312787170142,0.102069993896));
#3981 = CARTESIAN_POINT('',(4.318615402349,0.110649336025));
#3982 = CARTESIAN_POINT('',(4.324473802898,0.11915035752));
#3983 = CARTESIAN_POINT('',(4.330365295551,0.127571254916));
#3984 = CARTESIAN_POINT('',(4.336292770953,0.135910077708));
#3985 = CARTESIAN_POINT('',(4.342259086633,0.144164728346));
#3986 = CARTESIAN_POINT('',(4.348267067004,0.152332962242));
#3987 = CARTESIAN_POINT('',(4.361537512932,0.170047741906));
#3988 = CARTESIAN_POINT('',(4.368818701398,0.179556713523));
#3989 = CARTESIAN_POINT('',(4.376167807956,0.188935260067));
#3990 = CARTESIAN_POINT('',(4.383589435194,0.198178921036));
#3991 = CARTESIAN_POINT('',(4.391088018821,0.207282812872));
#3992 = CARTESIAN_POINT('',(4.398667797401,0.216241623868));
#3993 = CARTESIAN_POINT('',(4.40633278208,0.225049609072));
#3994 = CARTESIAN_POINT('',(4.422896749148,0.24352982295));
#3995 = CARTESIAN_POINT('',(4.431821432195,0.253156147861));
#3996 = CARTESIAN_POINT('',(4.440866322273,0.262570632132));
#3997 = CARTESIAN_POINT('',(4.450036296195,0.271763276308));
#3998 = CARTESIAN_POINT('',(4.459335399782,0.280723096716));
#3999 = CARTESIAN_POINT('',(4.468766686868,0.289438212909));
#4000 = CARTESIAN_POINT('',(4.478332058311,0.297895935103));
#4001 = CARTESIAN_POINT('',(4.500846538068,0.316898354697));
#4002 = CARTESIAN_POINT('',(4.513895028857,0.327240440507));
#4003 = CARTESIAN_POINT('',(4.527179276118,0.337078831924));
#4004 = CARTESIAN_POINT('',(4.540695271208,0.346379629132));
#4005 = CARTESIAN_POINT('',(4.554432003878,0.355106468623));
#4006 = CARTESIAN_POINT('',(4.568370441015,0.363222290098));
#4007 = CARTESIAN_POINT('',(4.582482774346,0.370691711282));
#4008 = CARTESIAN_POINT('',(4.597922321353,0.378051443303));
#4009 = CARTESIAN_POINT('',(4.599052046714,0.3785847819));
#4010 = CARTESIAN_POINT('',(4.6001573787,0.379102235543));
#4011 = CARTESIAN_POINT('',(4.601260147112,0.379614215593));
#4012 = CARTESIAN_POINT('',(4.602375195779,0.380127504254));
#4013 = CARTESIAN_POINT('',(4.603503629403,0.380642247729));
#4014 = CARTESIAN_POINT('',(4.604637556934,0.381154701144));
#4015 = CARTESIAN_POINT('',(4.613350654075,0.385057410884));
#4016 = CARTESIAN_POINT('',(4.620990990466,0.388270336407));
#4017 = CARTESIAN_POINT('',(4.628674985225,0.391290647898));
#4018 = CARTESIAN_POINT('',(4.636399062731,0.394114206085));
#4019 = CARTESIAN_POINT('',(4.644159399047,0.396737126635));
#4020 = CARTESIAN_POINT('',(4.651951939342,0.399155803542));
#4021 = CARTESIAN_POINT('',(4.659772415305,0.40136693251));
#4022 = CARTESIAN_POINT('',(4.683943829829,0.407531858272));
#4023 = CARTESIAN_POINT('',(4.700374136003,0.41078431782));
#4024 = CARTESIAN_POINT('',(4.716866177777,0.413097520978));
#4025 = CARTESIAN_POINT('',(4.7333770929,0.414451142848));
#4026 = CARTESIAN_POINT('',(4.749863017812,0.414831298616));
#4027 = CARTESIAN_POINT('',(4.76627820488,0.414230958115));
#4028 = CARTESIAN_POINT('',(4.782574253809,0.412651647443));
#4029 = CARTESIAN_POINT('',(4.809541250937,0.408396035864));
#4030 = CARTESIAN_POINT('',(4.82030606138,0.40624890096));
#4031 = CARTESIAN_POINT('',(4.830980475401,0.403669136294));
#4032 = CARTESIAN_POINT('',(4.841550301666,0.400662733044));
#4033 = CARTESIAN_POINT('',(4.852002478071,0.397237726439));
#4034 = CARTESIAN_POINT('',(4.862325208782,0.393404056548));
#4035 = CARTESIAN_POINT('',(4.872508085475,0.389173379111));
#4036 = CARTESIAN_POINT('',(4.887261580616,0.382388448666));
#4037 = CARTESIAN_POINT('',(4.89194815832,0.380133089626));
#4038 = CARTESIAN_POINT('',(4.896601057779,0.377794102815));
#4039 = CARTESIAN_POINT('',(4.901219507555,0.375372874566));
#4040 = CARTESIAN_POINT('',(4.9058028329,0.372870824025));
#4041 = CARTESIAN_POINT('',(4.910350455759,0.370289403144));
#4042 = CARTESIAN_POINT('',(4.914861894767,0.367630096687));
#4043 = CARTESIAN_POINT('',(4.927613138334,0.359834722475));
#4044 = CARTESIAN_POINT('',(4.93576439798,0.354513735483));
#4045 = CARTESIAN_POINT('',(4.943788111583,0.348940937377));
#4046 = CARTESIAN_POINT('',(4.951682944102,0.34312590952));
#4047 = CARTESIAN_POINT('',(4.959448549351,0.337078194983));
#4048 = CARTESIAN_POINT('',(4.967085461287,0.330807155018));
#4049 = CARTESIAN_POINT('',(4.974594985299,0.324321825529));
#4050 = CARTESIAN_POINT('',(4.991562216449,0.308947108775));
#4051 = CARTESIAN_POINT('',(5.000933851541,0.299917145838));
#4052 = CARTESIAN_POINT('',(5.010098522239,0.29055960174));
#4053 = CARTESIAN_POINT('',(5.019062177382,0.280892184295));
#4054 = CARTESIAN_POINT('',(5.02783194341,0.270931453582));
#4055 = CARTESIAN_POINT('',(5.036415880589,0.260692683422));
#4056 = CARTESIAN_POINT('',(5.044822739236,0.250189722846));
#4057 = CARTESIAN_POINT('',(5.059751227198,0.23070263636));
#4058 = CARTESIAN_POINT('',(5.066329909795,0.22180454141));
#4059 = CARTESIAN_POINT('',(5.072802723492,0.212747245889));
#4060 = CARTESIAN_POINT('',(5.079174667215,0.203536959049));
#4061 = CARTESIAN_POINT('',(5.085450779069,0.194179426221));
#4062 = CARTESIAN_POINT('',(5.091636136335,0.184679928813));
#4063 = CARTESIAN_POINT('',(5.097735855473,0.175043284314));
#4064 = CARTESIAN_POINT('',(5.108800663266,0.157084684159));
#4065 = CARTESIAN_POINT('',(5.113789631938,0.148802276591));
#4066 = CARTESIAN_POINT('',(5.118724998594,0.140429202817));
#4067 = CARTESIAN_POINT('',(5.123609734633,0.131967881543));
#4068 = CARTESIAN_POINT('',(5.128446782387,0.123420570952));
#4069 = CARTESIAN_POINT('',(5.13323905513,0.114789368698));
#4070 = CARTESIAN_POINT('',(5.137989437071,0.10607621191));
#4071 = CARTESIAN_POINT('',(5.146622064623,8.996413308186E-02));
#4072 = CARTESIAN_POINT('',(5.150516300427,8.258986993425E-02));
#4073 = CARTESIAN_POINT('',(5.154385132132,7.516111924685E-02));
#4074 = CARTESIAN_POINT('',(5.158230183888,6.767885971942E-02));
#4075 = CARTESIAN_POINT('',(5.16205306263,6.014401725237E-02));
#4076 = CARTESIAN_POINT('',(5.165855358083,5.255746494677E-02));
#4077 = CARTESIAN_POINT('',(5.169638642755,4.492002310437E-02));
#4078 = CARTESIAN_POINT('',(5.174940184761,3.4097456286E-02));
#4079 = CARTESIAN_POINT('',(5.176472994784,3.095411922279E-02));
#4080 = CARTESIAN_POINT('',(5.178003007526,2.780250069546E-02));
#4081 = CARTESIAN_POINT('',(5.179530328066,2.464265226685E-02));
#4082 = CARTESIAN_POINT('',(5.181055061057,2.147462440514E-02));
#4083 = CARTESIAN_POINT('',(5.18257731072,1.82984664838E-02));
#4084 = CARTESIAN_POINT('',(5.184097180846,1.511422678166E-02));
#4085 = CARTESIAN_POINT('',(5.186261173291,1.056224669038E-02));
#4086 = CARTESIAN_POINT('',(5.186907158843,9.201083261218E-03));
#4087 = CARTESIAN_POINT('',(5.187552739439,7.838465848203E-03));
#4088 = CARTESIAN_POINT('',(5.188197923053,6.474398072723E-03));
#4089 = CARTESIAN_POINT('',(5.188842717649,5.10888352466E-03));
#4090 = CARTESIAN_POINT('',(5.189487131176,3.741925762403E-03));
#4091 = CARTESIAN_POINT('',(5.19013117157,2.37352831284E-03));
#4092 = CARTESIAN_POINT('',(5.191999307663,-1.6024917817E-03));
#4093 = CARTESIAN_POINT('',(5.193222448375,-4.21342627653E-03));
#4094 = CARTESIAN_POINT('',(5.194444369662,-6.814085047206E-03));
#4095 = CARTESIAN_POINT('',(5.195665057272,-9.426703656426E-03));
#4096 = CARTESIAN_POINT('',(5.196884640527,-1.202687389322E-02));
#4097 = CARTESIAN_POINT('',(5.19810311327,-1.463412267058E-02));
#4098 = CARTESIAN_POINT('',(5.199320564305,-1.723708791574E-02));
#4099 = CARTESIAN_POINT('',(5.209164042282,-3.830053037147E-02));
#4100 = CARTESIAN_POINT('',(5.217741802625,-5.672075396584E-02));
#4101 = CARTESIAN_POINT('',(5.226289543308,-7.508747475983E-02));
#4102 = CARTESIAN_POINT('',(5.234826093124,-9.338889540625E-02));
#4103 = CARTESIAN_POINT('',(5.243370010384,-0.111614592041));
#4104 = CARTESIAN_POINT('',(5.251939712382,-0.12975523703));
#4105 = CARTESIAN_POINT('',(5.260553604863,-0.147802321719));
#4106 = CARTESIAN_POINT('',(5.277381248024,-0.18260660684));
#4107 = CARTESIAN_POINT('',(5.285587749976,-0.199375510046));
#4108 = CARTESIAN_POINT('',(5.293864863466,-0.216048282465));
#4109 = CARTESIAN_POINT('',(5.302227990439,-0.232618761774));
#4110 = CARTESIAN_POINT('',(5.310692788666,-0.249080929663));
#4111 = CARTESIAN_POINT('',(5.319275171736,-0.265428911826));
#4112 = CARTESIAN_POINT('',(5.327991309066,-0.281656977969));
#4113 = CARTESIAN_POINT('',(5.346243084093,-0.31480494701));
#4114 = CARTESIAN_POINT('',(5.355797119041,-0.331709291334));
#4115 = CARTESIAN_POINT('',(5.365539222733,-0.348465927069));
#4116 = CARTESIAN_POINT('',(5.375489633601,-0.365067783612));
#4117 = CARTESIAN_POINT('',(5.385669336513,-0.381507367464));
#4118 = CARTESIAN_POINT('',(5.396100062773,-0.397776762228));
#4119 = CARTESIAN_POINT('',(5.40680429012,-0.413867628614));
#4120 = CARTESIAN_POINT('',(5.430960687256,-0.448789273564));
#4121 = CARTESIAN_POINT('',(5.444540779201,-0.467539261991));
#4122 = CARTESIAN_POINT('',(5.458585339005,-0.486005607258));
#4123 = CARTESIAN_POINT('',(5.47313633984,-0.504171371495));
#4124 = CARTESIAN_POINT('',(5.488237812324,-0.522017911832));
#4125 = CARTESIAN_POINT('',(5.503935749234,-0.539524550821));
#4126 = CARTESIAN_POINT('',(5.520278010224,-0.556668246848));
#4127 = CARTESIAN_POINT('',(5.553245631002,-0.589091785643));
#4128 = CARTESIAN_POINT('',(5.569784081012,-0.604420485783));
#4129 = CARTESIAN_POINT('',(5.586969734589,-0.619388490805));
#4130 = CARTESIAN_POINT('',(5.60484442621,-0.633972892827));
#4131 = CARTESIAN_POINT('',(5.623450883872,-0.648148760704));
#4132 = CARTESIAN_POINT('',(5.642831946175,-0.661889150465));
#4133 = CARTESIAN_POINT('',(5.663029779392,-0.675165115764));
#4134 = CARTESIAN_POINT('',(5.718264919372,-0.708693073761));
#4135 = CARTESIAN_POINT('',(5.754705998964,-0.728135978974));
#4136 = CARTESIAN_POINT('',(5.793578383103,-0.746142032473));
#4137 = CARTESIAN_POINT('',(5.835043833407,-0.762567929545));
#4138 = CARTESIAN_POINT('',(5.879235166572,-0.777262872628));
#4139 = CARTESIAN_POINT('',(5.926234383206,-0.790076842134));
#4140 = CARTESIAN_POINT('',(5.97604958224,-0.800873727704));
#4141 = CARTESIAN_POINT('',(6.057662028069,-0.814349512755));
#4142 = CARTESIAN_POINT('',(6.087568813361,-0.818500445999));
#4143 = CARTESIAN_POINT('',(6.118297269721,-0.821984156158));
#4144 = CARTESIAN_POINT('',(6.149824773093,-0.824785794115));
#4145 = CARTESIAN_POINT('',(6.182120237197,-0.826893993118));
#4146 = CARTESIAN_POINT('',(6.215144528265,-0.828301236796));
#4147 = CARTESIAN_POINT('',(6.248850879774,-0.829004227164));
#4148 = CARTESIAN_POINT('',(6.28318530718,-0.829004252635));
#4149 = ( GEOMETRIC_REPRESENTATION_CONTEXT(2) 
PARAMETRIC_REPRESENTATION_CONTEXT() REPRESENTATION_CONTEXT('2D SPACE',''
  ) );
#4150 = ORIENTED_EDGE('',*,*,#4151,.F.);
#4151 = EDGE_CURVE('',#4152,#2498,#4154,.T.);
#4152 = VERTEX_POINT('',#4153);
#4153 = CARTESIAN_POINT('',(9.477331281108,5.E-02,28.069824577391));
#4154 = SURFACE_CURVE('',#4155,(#4235,#4318),.PCURVE_S1.);
#4155 = B_SPLINE_CURVE_WITH_KNOTS('',8,(#4156,#4157,#4158,#4159,#4160,
    #4161,#4162,#4163,#4164,#4165,#4166,#4167,#4168,#4169,#4170,#4171,
    #4172,#4173,#4174,#4175,#4176,#4177,#4178,#4179,#4180,#4181,#4182,
    #4183,#4184,#4185,#4186,#4187,#4188,#4189,#4190,#4191,#4192,#4193,
    #4194,#4195,#4196,#4197,#4198,#4199,#4200,#4201,#4202,#4203,#4204,
    #4205,#4206,#4207,#4208,#4209,#4210,#4211,#4212,#4213,#4214,#4215,
    #4216,#4217,#4218,#4219,#4220,#4221,#4222,#4223,#4224,#4225,#4226,
    #4227,#4228,#4229,#4230,#4231,#4232,#4233,#4234),.UNSPECIFIED.,.F.,
  .F.,(9,7,7,7,7,7,7,7,7,7,7,9),(0.,9.631642646439E-02,0.285434731639,
    0.38369531229,0.431792301085,0.455354267551,0.467548199565,
    0.479741666782,0.635500223813,0.807010394511,0.896943172784,1.),
  .UNSPECIFIED.);
#4156 = CARTESIAN_POINT('',(4.255151447047,5.E-02,13.141810277093));
#4157 = CARTESIAN_POINT('',(4.551854627256,5.E-02,13.38432991229));
#4158 = CARTESIAN_POINT('',(4.836711184689,5.E-02,13.641342954676));
#4159 = CARTESIAN_POINT('',(5.10980289012,5.E-02,13.911229956154));
#4160 = CARTESIAN_POINT('',(5.37129417241,5.E-02,14.19252349038));
#4161 = CARTESIAN_POINT('',(5.621419801397,5.E-02,14.483918933477));
#4162 = CARTESIAN_POINT('',(5.860472263708,5.E-02,14.784285506312));
#4163 = CARTESIAN_POINT('',(6.088788831495,5.E-02,15.092677578322));
#4164 = CARTESIAN_POINT('',(6.734684419762,5.E-02,16.028164919528));
#4165 = CARTESIAN_POINT('',(7.122239164283,5.E-02,16.675425259156));
#4166 = CARTESIAN_POINT('',(7.472470494714,5.E-02,17.344566613932));
#4167 = CARTESIAN_POINT('',(7.787549627929,5.E-02,18.031192221622));
#4168 = CARTESIAN_POINT('',(8.069421827175,5.E-02,18.731726595851));
#4169 = CARTESIAN_POINT('',(8.319773246836,5.E-02,19.443428979879));
#4170 = CARTESIAN_POINT('',(8.540102128365,5.E-02,20.164342827936));
#4171 = CARTESIAN_POINT('',(8.831131989957,5.E-02,21.272100292996));
#4172 = CARTESIAN_POINT('',(8.922830009962,5.E-02,21.652914606516));
#4173 = CARTESIAN_POINT('',(9.006876324511,5.E-02,22.035542131069));
#4174 = CARTESIAN_POINT('',(9.083409338336,5.E-02,22.419762617869));
#4175 = CARTESIAN_POINT('',(9.152548398041,5.E-02,22.805371825501));
#4176 = CARTESIAN_POINT('',(9.21439552596,5.E-02,23.192181075247));
#4177 = CARTESIAN_POINT('',(9.269037154015,5.E-02,23.580016806402));
#4178 = CARTESIAN_POINT('',(9.339800611087,5.E-02,24.158984216671));
#4179 = CARTESIAN_POINT('',(9.361346148638,5.E-02,24.34945484258));
#4180 = CARTESIAN_POINT('',(9.381190785177,5.E-02,24.540112710697));
#4181 = CARTESIAN_POINT('',(9.399341989345,5.E-02,24.730938884444));
#4182 = CARTESIAN_POINT('',(9.415806383474,5.E-02,24.92191478929));
#4183 = CARTESIAN_POINT('',(9.430589743588,5.E-02,25.113022212752));
#4184 = CARTESIAN_POINT('',(9.443696999404,5.E-02,25.304243304394));
#4185 = CARTESIAN_POINT('',(9.460734177999,5.E-02,25.589283930384));
#4186 = CARTESIAN_POINT('',(9.465934862141,5.E-02,25.683030338911));
#4187 = CARTESIAN_POINT('',(9.47073476985,5.E-02,25.7767977315));
#4188 = CARTESIAN_POINT('',(9.475134337649,5.E-02,25.870584047791));
#4189 = CARTESIAN_POINT('',(9.479133955488,5.E-02,25.964387236968));
#4190 = CARTESIAN_POINT('',(9.482733966744,5.E-02,26.05820525776));
#4191 = CARTESIAN_POINT('',(9.485934668224,5.E-02,26.152036078442));
#4192 = CARTESIAN_POINT('',(9.490186232915,5.E-02,26.294443150884));
#4193 = CARTESIAN_POINT('',(9.491527434844,5.E-02,26.342949901963));
#4194 = CARTESIAN_POINT('',(9.492760405311,5.E-02,26.391396959317));
#4195 = CARTESIAN_POINT('',(9.493885637484,5.E-02,26.439783364013));
#4196 = CARTESIAN_POINT('',(9.494903628331,5.E-02,26.488108168948));
#4197 = CARTESIAN_POINT('',(9.495814878625,5.E-02,26.53637043884));
#4198 = CARTESIAN_POINT('',(9.496619892941,5.E-02,26.584569250235));
#4199 = CARTESIAN_POINT('',(9.498018439721,5.E-02,26.680836298028));
#4200 = CARTESIAN_POINT('',(9.498612033961,5.E-02,26.728908320452));
#4201 = CARTESIAN_POINT('',(9.499100387965,5.E-02,26.776914591136));
#4202 = CARTESIAN_POINT('',(9.499484001147,5.E-02,26.824853873299));
#4203 = CARTESIAN_POINT('',(9.499763419268,5.E-02,26.872722017433));
#4204 = CARTESIAN_POINT('',(9.499939185401,5.E-02,26.920524061131));
#4205 = CARTESIAN_POINT('',(9.500011823197,5.E-02,26.968258865751));
#4206 = CARTESIAN_POINT('',(9.499598095242,5.E-02,27.624925132152));
#4207 = CARTESIAN_POINT('',(9.482454189137,5.E-02,28.233930131635));
#4208 = CARTESIAN_POINT('',(9.448546915213,5.E-02,28.842445880781));
#4209 = CARTESIAN_POINT('',(9.397783791529,5.E-02,29.44992938661));
#4210 = CARTESIAN_POINT('',(9.329994362589,5.E-02,30.055797796214));
#4211 = CARTESIAN_POINT('',(9.244928849635,5.E-02,30.65942757653));
#4212 = CARTESIAN_POINT('',(9.142244095485,5.E-02,31.260152282689));
#4213 = CARTESIAN_POINT('',(8.888496509387,5.E-02,32.514749985535));
#4214 = CARTESIAN_POINT('',(8.733632646308,5.E-02,33.167650839065));
#4215 = CARTESIAN_POINT('',(8.556258659799,5.E-02,33.815155834331));
#4216 = CARTESIAN_POINT('',(8.355597836033,5.E-02,34.456146782004));
#4217 = CARTESIAN_POINT('',(8.13072264916,5.E-02,35.089187710732));
#4218 = CARTESIAN_POINT('',(7.880561255744,5.E-02,35.71252561073));
#4219 = CARTESIAN_POINT('',(7.60383864827,5.E-02,36.324067163735));
#4220 = CARTESIAN_POINT('',(7.138972375926,5.E-02,37.234466221421));
#4221 = CARTESIAN_POINT('',(6.971332640749,5.E-02,37.543635252662));
#4222 = CARTESIAN_POINT('',(6.795729123684,5.E-02,37.848440352662));
#4223 = CARTESIAN_POINT('',(6.611923814465,5.E-02,38.148436042365));
#4224 = CARTESIAN_POINT('',(6.41967508394,5.E-02,38.443101281655));
#4225 = CARTESIAN_POINT('',(6.218737582673,5.E-02,38.731839227118));
#4226 = CARTESIAN_POINT('',(6.00885929687,5.E-02,39.013975038843));
#4227 = CARTESIAN_POINT('',(5.538720979747,5.E-02,39.603627081718));
#4228 = CARTESIAN_POINT('',(5.275646551439,5.E-02,39.908753540224));
#4229 = CARTESIAN_POINT('',(5.000123082746,5.E-02,40.203051177475));
#4230 = CARTESIAN_POINT('',(4.711809856496,5.E-02,40.48514551011));
#4231 = CARTESIAN_POINT('',(4.410478819419,5.E-02,40.75339172504));
#4232 = CARTESIAN_POINT('',(4.096047284227,5.E-02,41.005909920428));
#4233 = CARTESIAN_POINT('',(3.76861934669,5.E-02,41.24063136829));
#4234 = CARTESIAN_POINT('',(3.428536017696,5.E-02,41.455355798735));
#4235 = PCURVE('',#1093,#4236);
#4236 = DEFINITIONAL_REPRESENTATION('',(#4237),#4317);
#4237 = B_SPLINE_CURVE_WITH_KNOTS('',8,(#4238,#4239,#4240,#4241,#4242,
    #4243,#4244,#4245,#4246,#4247,#4248,#4249,#4250,#4251,#4252,#4253,
    #4254,#4255,#4256,#4257,#4258,#4259,#4260,#4261,#4262,#4263,#4264,
    #4265,#4266,#4267,#4268,#4269,#4270,#4271,#4272,#4273,#4274,#4275,
    #4276,#4277,#4278,#4279,#4280,#4281,#4282,#4283,#4284,#4285,#4286,
    #4287,#4288,#4289,#4290,#4291,#4292,#4293,#4294,#4295,#4296,#4297,
    #4298,#4299,#4300,#4301,#4302,#4303,#4304,#4305,#4306,#4307,#4308,
    #4309,#4310,#4311,#4312,#4313,#4314,#4315,#4316),.UNSPECIFIED.,.F.,
  .F.,(9,7,7,7,7,7,7,7,7,7,7,9),(0.,9.631642646439E-02,0.285434731639,
    0.38369531229,0.431792301085,0.455354267551,0.467548199565,
    0.479741666782,0.635500223813,0.807010394511,0.896943172784,1.),
  .UNSPECIFIED.);
#4238 = CARTESIAN_POINT('',(4.4945639978E-03,-1.092334087549));
#4239 = CARTESIAN_POINT('',(4.181505501943E-03,-1.058348876174));
#4240 = CARTESIAN_POINT('',(3.930669578915E-03,-1.025260482167));
#4241 = CARTESIAN_POINT('',(3.721711509246E-03,-0.992994412492));
#4242 = CARTESIAN_POINT('',(3.543679359223E-03,-0.961483019539));
#4243 = CARTESIAN_POINT('',(3.390161681337E-03,-0.930663161065));
#4244 = CARTESIAN_POINT('',(3.256390693056E-03,-0.900474077428));
#4245 = CARTESIAN_POINT('',(3.138300933918E-03,-0.870855486155));
#4246 = CARTESIAN_POINT('',(2.827850895303E-03,-0.78458890646));
#4247 = CARTESIAN_POINT('',(2.673441367308E-03,-0.729450679267));
#4248 = CARTESIAN_POINT('',(2.549752139005E-03,-0.675840224685));
#4249 = CARTESIAN_POINT('',(2.44944072389E-03,-0.623423719441));
#4250 = CARTESIAN_POINT('',(2.36631799105E-03,-0.571915191468));
#4251 = CARTESIAN_POINT('',(2.297260913351E-03,-0.521061856469));
#4252 = CARTESIAN_POINT('',(2.239575753432E-03,-0.470613460426));
#4253 = CARTESIAN_POINT('',(2.166569122356E-03,-0.394161839014));
#4254 = CARTESIAN_POINT('',(2.144215180896E-03,-0.368067533093));
#4255 = CARTESIAN_POINT('',(2.124224396778E-03,-0.341986871025));
#4256 = CARTESIAN_POINT('',(2.106398516524E-03,-0.315888875816));
#4257 = CARTESIAN_POINT('',(2.090578882606E-03,-0.289743372828));
#4258 = CARTESIAN_POINT('',(2.076638956398E-03,-0.263520382632));
#4259 = CARTESIAN_POINT('',(2.064476841139E-03,-0.237189513862));
#4260 = CARTESIAN_POINT('',(2.048883378431E-03,-0.197762635536));
#4261 = CARTESIAN_POINT('',(2.04416474884E-03,-0.184772620303));
#4262 = CARTESIAN_POINT('',(2.039842417296E-03,-0.171745709066));
#4263 = CARTESIAN_POINT('',(2.035907934779E-03,-0.158678247371));
#4264 = CARTESIAN_POINT('',(2.032353902071E-03,-0.145566527613));
#4265 = CARTESIAN_POINT('',(2.029173969754E-03,-0.132406789032));
#4266 = CARTESIAN_POINT('',(2.026362838214E-03,-0.119195217717));
#4267 = CARTESIAN_POINT('',(2.02271771588E-03,-9.942851691568E-02));
#4268 = CARTESIAN_POINT('',(2.021606645473E-03,-9.291571763454E-02));
#4269 = CARTESIAN_POINT('',(2.020582534281E-03,-8.638909226986E-02));
#4270 = CARTESIAN_POINT('',(2.019644922138E-03,-7.984817925647E-02));
#4271 = CARTESIAN_POINT('',(2.018793400847E-03,-7.32925119573E-02));
#4272 = CARTESIAN_POINT('',(2.018027614184E-03,-6.672161866338E-02));
#4273 = CARTESIAN_POINT('',(2.017347257896E-03,-6.013502259381E-02));
#4274 = CARTESIAN_POINT('',(2.016444059464E-03,-5.011513071997E-02));
#4275 = CARTESIAN_POINT('',(2.016159243233E-03,-4.669801954387E-02));
#4276 = CARTESIAN_POINT('',(2.015897498912E-03,-4.32809083674E-02));
#4277 = CARTESIAN_POINT('',(2.015658696653E-03,-3.986379719059E-02));
#4278 = CARTESIAN_POINT('',(2.015442708854E-03,-3.644668601362E-02));
#4279 = CARTESIAN_POINT('',(2.015249410161E-03,-3.30295748368E-02));
#4280 = CARTESIAN_POINT('',(2.015078677464E-03,-2.961246366061E-02));
#4281 = CARTESIAN_POINT('',(2.014782107989E-03,-2.277837156118E-02));
#4282 = CARTESIAN_POINT('',(2.014656258034E-03,-1.93620802067E-02));
#4283 = CARTESIAN_POINT('',(2.014552736591E-03,-1.593997173625E-02));
#4284 = CARTESIAN_POINT('',(2.014471427432E-03,-1.253435014058E-02));
#4285 = CARTESIAN_POINT('',(2.014412207377E-03,-9.101271750095E-03));
#4286 = CARTESIAN_POINT('',(2.014374956544E-03,-5.69883521348E-03));
#4287 = CARTESIAN_POINT('',(2.014359561888E-03,-2.273341945855E-03));
#4288 = CARTESIAN_POINT('',(2.01444724601E-03,4.476297744044E-02));
#4289 = CARTESIAN_POINT('',(2.018081076097E-03,8.757729017296E-02));
#4290 = CARTESIAN_POINT('',(2.025267485467E-03,0.129728278148));
#4291 = CARTESIAN_POINT('',(2.03609996299E-03,0.17134402127));
#4292 = CARTESIAN_POINT('',(2.050755845876E-03,0.21254250679));
#4293 = CARTESIAN_POINT('',(2.069510351919E-03,0.25343694161));
#4294 = CARTESIAN_POINT('',(2.092774217151E-03,0.294140746403));
#4295 = CARTESIAN_POINT('',(2.15240575766E-03,0.379512713829));
#4296 = CARTESIAN_POINT('',(2.189848537302E-03,0.424151699097));
#4297 = CARTESIAN_POINT('',(2.234317207623E-03,0.468857460585));
#4298 = CARTESIAN_POINT('',(2.286874629638E-03,0.513788722106));
#4299 = CARTESIAN_POINT('',(2.34910187676E-03,0.559107169995));
#4300 = CARTESIAN_POINT('',(2.423109174085E-03,0.60498519627));
#4301 = CARTESIAN_POINT('',(2.511991382707E-03,0.651619864219));
#4302 = CARTESIAN_POINT('',(2.678846928709E-03,0.72424673066));
#4303 = CARTESIAN_POINT('',(2.7418949994E-03,0.749502041602));
#4304 = CARTESIAN_POINT('',(2.811396828263E-03,0.775065576455));
#4305 = CARTESIAN_POINT('',(2.888398206565E-03,0.800973528129));
#4306 = CARTESIAN_POINT('',(2.974175859861E-03,0.827263443367));
#4307 = CARTESIAN_POINT('',(3.070369612622E-03,0.853975336001));
#4308 = CARTESIAN_POINT('',(3.179259874261E-03,0.881153196495));
#4309 = CARTESIAN_POINT('',(3.447352357623E-03,0.940581989726));
#4310 = CARTESIAN_POINT('',(3.611986198661E-03,0.972985832178));
#4311 = CARTESIAN_POINT('',(3.801296665507E-03,1.006138273439));
#4312 = CARTESIAN_POINT('',(4.024926320163E-03,1.040114640997));
#4313 = CARTESIAN_POINT('',(4.292614369917E-03,1.074988708016));
#4314 = CARTESIAN_POINT('',(4.616821133045E-03,1.110834453063));
#4315 = CARTESIAN_POINT('',(5.0243181911E-03,1.147726613092));
#4316 = CARTESIAN_POINT('',(5.576744227799E-03,1.185740029676));
#4317 = ( GEOMETRIC_REPRESENTATION_CONTEXT(2) 
PARAMETRIC_REPRESENTATION_CONTEXT() REPRESENTATION_CONTEXT('2D SPACE',''
  ) );
#4318 = PCURVE('',#4319,#4324);
#4319 = PLANE('',#4320);
#4320 = AXIS2_PLACEMENT_3D('',#4321,#4322,#4323);
#4321 = CARTESIAN_POINT('',(-150.,5.E-02,-150.));
#4322 = DIRECTION('',(-0.,1.,0.));
#4323 = DIRECTION('',(0.,0.,1.));
#4324 = DEFINITIONAL_REPRESENTATION('',(#4325),#4405);
#4325 = B_SPLINE_CURVE_WITH_KNOTS('',8,(#4326,#4327,#4328,#4329,#4330,
    #4331,#4332,#4333,#4334,#4335,#4336,#4337,#4338,#4339,#4340,#4341,
    #4342,#4343,#4344,#4345,#4346,#4347,#4348,#4349,#4350,#4351,#4352,
    #4353,#4354,#4355,#4356,#4357,#4358,#4359,#4360,#4361,#4362,#4363,
    #4364,#4365,#4366,#4367,#4368,#4369,#4370,#4371,#4372,#4373,#4374,
    #4375,#4376,#4377,#4378,#4379,#4380,#4381,#4382,#4383,#4384,#4385,
    #4386,#4387,#4388,#4389,#4390,#4391,#4392,#4393,#4394,#4395,#4396,
    #4397,#4398,#4399,#4400,#4401,#4402,#4403,#4404),.UNSPECIFIED.,.F.,
  .F.,(9,7,7,7,7,7,7,7,7,7,7,9),(0.,9.631642646439E-02,0.285434731639,
    0.38369531229,0.431792301085,0.455354267551,0.467548199565,
    0.479741666782,0.635500223813,0.807010394511,0.896943172784,1.),
  .UNSPECIFIED.);
#4326 = CARTESIAN_POINT('',(163.14181027709,154.25515144704));
#4327 = CARTESIAN_POINT('',(163.38432991229,154.55185462725));
#4328 = CARTESIAN_POINT('',(163.64134295467,154.83671118468));
#4329 = CARTESIAN_POINT('',(163.91122995615,155.10980289012));
#4330 = CARTESIAN_POINT('',(164.19252349038,155.37129417241));
#4331 = CARTESIAN_POINT('',(164.48391893347,155.62141980139));
#4332 = CARTESIAN_POINT('',(164.78428550631,155.8604722637));
#4333 = CARTESIAN_POINT('',(165.09267757832,156.08878883149));
#4334 = CARTESIAN_POINT('',(166.02816491952,156.73468441976));
#4335 = CARTESIAN_POINT('',(166.67542525915,157.12223916428));
#4336 = CARTESIAN_POINT('',(167.34456661393,157.47247049471));
#4337 = CARTESIAN_POINT('',(168.03119222162,157.78754962792));
#4338 = CARTESIAN_POINT('',(168.73172659585,158.06942182717));
#4339 = CARTESIAN_POINT('',(169.44342897987,158.31977324683));
#4340 = CARTESIAN_POINT('',(170.16434282793,158.54010212836));
#4341 = CARTESIAN_POINT('',(171.27210029299,158.83113198995));
#4342 = CARTESIAN_POINT('',(171.65291460651,158.92283000996));
#4343 = CARTESIAN_POINT('',(172.03554213106,159.00687632451));
#4344 = CARTESIAN_POINT('',(172.41976261786,159.08340933833));
#4345 = CARTESIAN_POINT('',(172.8053718255,159.15254839804));
#4346 = CARTESIAN_POINT('',(173.19218107524,159.21439552596));
#4347 = CARTESIAN_POINT('',(173.5800168064,159.26903715401));
#4348 = CARTESIAN_POINT('',(174.15898421667,159.33980061108));
#4349 = CARTESIAN_POINT('',(174.34945484258,159.36134614863));
#4350 = CARTESIAN_POINT('',(174.54011271069,159.38119078517));
#4351 = CARTESIAN_POINT('',(174.73093888444,159.39934198934));
#4352 = CARTESIAN_POINT('',(174.92191478929,159.41580638347));
#4353 = CARTESIAN_POINT('',(175.11302221275,159.43058974358));
#4354 = CARTESIAN_POINT('',(175.30424330439,159.4436969994));
#4355 = CARTESIAN_POINT('',(175.58928393038,159.46073417799));
#4356 = CARTESIAN_POINT('',(175.68303033891,159.46593486214));
#4357 = CARTESIAN_POINT('',(175.7767977315,159.47073476985));
#4358 = CARTESIAN_POINT('',(175.87058404779,159.47513433764));
#4359 = CARTESIAN_POINT('',(175.96438723696,159.47913395548));
#4360 = CARTESIAN_POINT('',(176.05820525776,159.48273396674));
#4361 = CARTESIAN_POINT('',(176.15203607844,159.48593466822));
#4362 = CARTESIAN_POINT('',(176.29444315088,159.49018623291));
#4363 = CARTESIAN_POINT('',(176.34294990196,159.49152743484));
#4364 = CARTESIAN_POINT('',(176.39139695931,159.49276040531));
#4365 = CARTESIAN_POINT('',(176.43978336401,159.49388563748));
#4366 = CARTESIAN_POINT('',(176.48810816894,159.49490362833));
#4367 = CARTESIAN_POINT('',(176.53637043884,159.49581487862));
#4368 = CARTESIAN_POINT('',(176.58456925023,159.49661989294));
#4369 = CARTESIAN_POINT('',(176.68083629802,159.49801843972));
#4370 = CARTESIAN_POINT('',(176.72890832045,159.49861203396));
#4371 = CARTESIAN_POINT('',(176.77691459113,159.49910038796));
#4372 = CARTESIAN_POINT('',(176.82485387329,159.49948400114));
#4373 = CARTESIAN_POINT('',(176.87272201743,159.49976341926));
#4374 = CARTESIAN_POINT('',(176.92052406113,159.4999391854));
#4375 = CARTESIAN_POINT('',(176.96825886575,159.50001182319));
#4376 = CARTESIAN_POINT('',(177.62492513215,159.49959809524));
#4377 = CARTESIAN_POINT('',(178.23393013163,159.48245418913));
#4378 = CARTESIAN_POINT('',(178.84244588078,159.44854691521));
#4379 = CARTESIAN_POINT('',(179.44992938661,159.39778379152));
#4380 = CARTESIAN_POINT('',(180.05579779621,159.32999436258));
#4381 = CARTESIAN_POINT('',(180.65942757653,159.24492884963));
#4382 = CARTESIAN_POINT('',(181.26015228268,159.14224409548));
#4383 = CARTESIAN_POINT('',(182.51474998553,158.88849650938));
#4384 = CARTESIAN_POINT('',(183.16765083906,158.7336326463));
#4385 = CARTESIAN_POINT('',(183.81515583433,158.55625865979));
#4386 = CARTESIAN_POINT('',(184.456146782,158.35559783603));
#4387 = CARTESIAN_POINT('',(185.08918771073,158.13072264916));
#4388 = CARTESIAN_POINT('',(185.71252561073,157.88056125574));
#4389 = CARTESIAN_POINT('',(186.32406716373,157.60383864827));
#4390 = CARTESIAN_POINT('',(187.23446622142,157.13897237592));
#4391 = CARTESIAN_POINT('',(187.54363525266,156.97133264074));
#4392 = CARTESIAN_POINT('',(187.84844035266,156.79572912368));
#4393 = CARTESIAN_POINT('',(188.14843604236,156.61192381446));
#4394 = CARTESIAN_POINT('',(188.44310128165,156.41967508394));
#4395 = CARTESIAN_POINT('',(188.73183922711,156.21873758267));
#4396 = CARTESIAN_POINT('',(189.01397503884,156.00885929687));
#4397 = CARTESIAN_POINT('',(189.60362708171,155.53872097974));
#4398 = CARTESIAN_POINT('',(189.90875354022,155.27564655143));
#4399 = CARTESIAN_POINT('',(190.20305117747,155.00012308274));
#4400 = CARTESIAN_POINT('',(190.48514551011,154.71180985649));
#4401 = CARTESIAN_POINT('',(190.75339172504,154.41047881941));
#4402 = CARTESIAN_POINT('',(191.00590992042,154.09604728422));
#4403 = CARTESIAN_POINT('',(191.24063136829,153.76861934669));
#4404 = CARTESIAN_POINT('',(191.45535579873,153.42853601769));
#4405 = ( GEOMETRIC_REPRESENTATION_CONTEXT(2) 
PARAMETRIC_REPRESENTATION_CONTEXT() REPRESENTATION_CONTEXT('2D SPACE',''
  ) );
#4406 = ORIENTED_EDGE('',*,*,#4407,.F.);
#4407 = EDGE_CURVE('',#4408,#4152,#4410,.T.);
#4408 = VERTEX_POINT('',#4409);
#4409 = CARTESIAN_POINT('',(-9.477331288322,5.E-02,28.069824593924));
#4410 = SURFACE_CURVE('',#4411,(#4932,#5456),.PCURVE_S1.);
#4411 = B_SPLINE_CURVE_WITH_KNOTS('',8,(#4412,#4413,#4414,#4415,#4416,
    #4417,#4418,#4419,#4420,#4421,#4422,#4423,#4424,#4425,#4426,#4427,
    #4428,#4429,#4430,#4431,#4432,#4433,#4434,#4435,#4436,#4437,#4438,
    #4439,#4440,#4441,#4442,#4443,#4444,#4445,#4446,#4447,#4448,#4449,
    #4450,#4451,#4452,#4453,#4454,#4455,#4456,#4457,#4458,#4459,#4460,
    #4461,#4462,#4463,#4464,#4465,#4466,#4467,#4468,#4469,#4470,#4471,
    #4472,#4473,#4474,#4475,#4476,#4477,#4478,#4479,#4480,#4481,#4482,
    #4483,#4484,#4485,#4486,#4487,#4488,#4489,#4490,#4491,#4492,#4493,
    #4494,#4495,#4496,#4497,#4498,#4499,#4500,#4501,#4502,#4503,#4504,
    #4505,#4506,#4507,#4508,#4509,#4510,#4511,#4512,#4513,#4514,#4515,
    #4516,#4517,#4518,#4519,#4520,#4521,#4522,#4523,#4524,#4525,#4526,
    #4527,#4528,#4529,#4530,#4531,#4532,#4533,#4534,#4535,#4536,#4537,
    #4538,#4539,#4540,#4541,#4542,#4543,#4544,#4545,#4546,#4547,#4548,
    #4549,#4550,#4551,#4552,#4553,#4554,#4555,#4556,#4557,#4558,#4559,
    #4560,#4561,#4562,#4563,#4564,#4565,#4566,#4567,#4568,#4569,#4570,
    #4571,#4572,#4573,#4574,#4575,#4576,#4577,#4578,#4579,#4580,#4581,
    #4582,#4583,#4584,#4585,#4586,#4587,#4588,#4589,#4590,#4591,#4592,
    #4593,#4594,#4595,#4596,#4597,#4598,#4599,#4600,#4601,#4602,#4603,
    #4604,#4605,#4606,#4607,#4608,#4609,#4610,#4611,#4612,#4613,#4614,
    #4615,#4616,#4617,#4618,#4619,#4620,#4621,#4622,#4623,#4624,#4625,
    #4626,#4627,#4628,#4629,#4630,#4631,#4632,#4633,#4634,#4635,#4636,
    #4637,#4638,#4639,#4640,#4641,#4642,#4643,#4644,#4645,#4646,#4647,
    #4648,#4649,#4650,#4651,#4652,#4653,#4654,#4655,#4656,#4657,#4658,
    #4659,#4660,#4661,#4662,#4663,#4664,#4665,#4666,#4667,#4668,#4669,
    #4670,#4671,#4672,#4673,#4674,#4675,#4676,#4677,#4678,#4679,#4680,
    #4681,#4682,#4683,#4684,#4685,#4686,#4687,#4688,#4689,#4690,#4691,
    #4692,#4693,#4694,#4695,#4696,#4697,#4698,#4699,#4700,#4701,#4702,
    #4703,#4704,#4705,#4706,#4707,#4708,#4709,#4710,#4711,#4712,#4713,
    #4714,#4715,#4716,#4717,#4718,#4719,#4720,#4721,#4722,#4723,#4724,
    #4725,#4726,#4727,#4728,#4729,#4730,#4731,#4732,#4733,#4734,#4735,
    #4736,#4737,#4738,#4739,#4740,#4741,#4742,#4743,#4744,#4745,#4746,
    #4747,#4748,#4749,#4750,#4751,#4752,#4753,#4754,#4755,#4756,#4757,
    #4758,#4759,#4760,#4761,#4762,#4763,#4764,#4765,#4766,#4767,#4768,
    #4769,#4770,#4771,#4772,#4773,#4774,#4775,#4776,#4777,#4778,#4779,
    #4780,#4781,#4782,#4783,#4784,#4785,#4786,#4787,#4788,#4789,#4790,
    #4791,#4792,#4793,#4794,#4795,#4796,#4797,#4798,#4799,#4800,#4801,
    #4802,#4803,#4804,#4805,#4806,#4807,#4808,#4809,#4810,#4811,#4812,
    #4813,#4814,#4815,#4816,#4817,#4818,#4819,#4820,#4821,#4822,#4823,
    #4824,#4825,#4826,#4827,#4828,#4829,#4830,#4831,#4832,#4833,#4834,
    #4835,#4836,#4837,#4838,#4839,#4840,#4841,#4842,#4843,#4844,#4845,
    #4846,#4847,#4848,#4849,#4850,#4851,#4852,#4853,#4854,#4855,#4856,
    #4857,#4858,#4859,#4860,#4861,#4862,#4863,#4864,#4865,#4866,#4867,
    #4868,#4869,#4870,#4871,#4872,#4873,#4874,#4875,#4876,#4877,#4878,
    #4879,#4880,#4881,#4882,#4883,#4884,#4885,#4886,#4887,#4888,#4889,
    #4890,#4891,#4892,#4893,#4894,#4895,#4896,#4897,#4898,#4899,#4900,
    #4901,#4902,#4903,#4904,#4905,#4906,#4907,#4908,#4909,#4910,#4911,
    #4912,#4913,#4914,#4915,#4916,#4917,#4918,#4919,#4920,#4921,#4922,
    #4923,#4924,#4925,#4926,#4927,#4928,#4929,#4930,#4931),
  .UNSPECIFIED.,.T.,.F.,(9,7,7,7,7,7,7,7,7,7,7,7,7,7,7,7,7,7,7,7,7,7,7,7
    ,7,7,7,7,7,7,7,7,7,7,7,7,7,7,7,7,7,7,7,7,7,7,7,7,7,7,7,7,7,7,7,7,7,7
    ,7,7,7,7,7,7,7,7,7,7,7,7,7,7,7,7,9),(0.,5.502405650759E-03,
    3.628621576431E-02,4.229034167734E-02,4.64759251749E-02,
    5.830665282379E-02,7.980881466448E-02,0.103855731336,0.127167709119,
    0.162052640527,0.17437788567,0.189779520051,0.208876885499,
    0.212289310648,0.223291945122,0.230921352863,0.235803013278,
    0.24729853643,0.265820026217,0.274795699231,0.276361056032,
    0.287542279929,0.290061278434,0.297705584897,0.315265421186,
    0.329720047262,0.351742684061,0.362544495666,0.367978460916,
    0.373411286768,0.396919289203,0.421084793256,0.44302227356,
    0.452318022732,0.454790719478,0.462903639885,0.474713185796,
    0.500442682169,0.526241737478,0.538036671055,0.543464742329,
    0.547268334885,0.557908707433,0.579842616658,0.604006748875,
    0.627422270994,0.632763039239,0.636815018797,0.649090539635,
    0.671111207193,0.685566848574,0.703220915693,0.708484055067,
    0.712471333663,0.725776943511,0.726845667083,0.734938597822,
    0.7535130793,0.764978727042,0.769849002945,0.777445823602,
    0.784913404271,0.78840908629,0.791810112795,0.810846448152,
    0.826200268151,0.838486401042,0.873261423121,0.896593691292,
    0.920473582106,0.941793261745,0.952001501686,0.956084033687,
    0.994407325114,1.),.UNSPECIFIED.);
#4412 = CARTESIAN_POINT('',(9.477339054575,0.,28.069953155165));
#4413 = CARTESIAN_POINT('',(9.477339054467,-7.083119120422E-02,
    28.069953154171));
#4414 = CARTESIAN_POINT('',(9.477303399134,-0.141674403739,
    28.069363369659));
#4415 = CARTESIAN_POINT('',(9.477232067101,-0.212524097521,
    28.068183447666));
#4416 = CARTESIAN_POINT('',(9.47712497885,-0.28337471054,28.066413197679
    ));
#4417 = CARTESIAN_POINT('',(9.476981996824,-0.354220658854,
    28.064052592638));
#4418 = CARTESIAN_POINT('',(9.476802925423,-0.42505633659,
    28.061101768937));
#4419 = CARTESIAN_POINT('',(9.476587511007,-0.495876115947,
    28.057561026419));
#4420 = CARTESIAN_POINT('',(9.474925249366,-0.962762796929,
    28.030324034678));
#4421 = CARTESIAN_POINT('',(9.472367420342,-1.358231020998,
    27.988764173888));
#4422 = CARTESIAN_POINT('',(9.468607779051,-1.752010121355,
    27.928829569346));
#4423 = CARTESIAN_POINT('',(9.463535657364,-2.143102382795,
    27.850775941194));
#4424 = CARTESIAN_POINT('',(9.456987177983,-2.530576574757,
    27.755012973741));
#4425 = CARTESIAN_POINT('',(9.448752639251,-2.91356612081,
    27.642084109477));
#4426 = CARTESIAN_POINT('',(9.438588001591,-3.291270135831,
    27.512649569736));
#4427 = CARTESIAN_POINT('',(9.423820234836,-3.735451822593,
    27.339157039322));
#4428 = CARTESIAN_POINT('',(9.42132651758,-3.807719043061,
    27.310241959971));
#4429 = CARTESIAN_POINT('',(9.418747343632,-3.8797539708,27.280732829852
    ));
#4430 = CARTESIAN_POINT('',(9.416080704056,-3.951551742576,
    27.250635198402));
#4431 = CARTESIAN_POINT('',(9.413324561139,-4.023107653388,
    27.219954698601));
#4432 = CARTESIAN_POINT('',(9.410476848393,-4.094417156474,
    27.188697046966));
#4433 = CARTESIAN_POINT('',(9.407535470555,-4.165475863305,
    27.156868043558));
#4434 = CARTESIAN_POINT('',(9.402381041345,-4.285638053452,
    27.101890803885));
#4435 = CARTESIAN_POINT('',(9.400217226802,-4.334872694546,
    27.079033193825));
#4436 = CARTESIAN_POINT('',(9.398006155598,-4.383981751714,
    27.055902864823));
#4437 = CARTESIAN_POINT('',(9.395747075189,-4.432964450269,
    27.032501518729));
#4438 = CARTESIAN_POINT('',(9.393439296984,-4.481818572925,
    27.008831582835));
#4439 = CARTESIAN_POINT('',(9.391082058536,-4.530543447152,
    26.984894780437));
#4440 = CARTESIAN_POINT('',(9.388674623518,-4.579137717353,
    26.960693173257));
#4441 = CARTESIAN_POINT('',(9.379267541768,-4.76458089701,
    26.867079556202));
#4442 = CARTESIAN_POINT('',(9.371911966199,-4.900507765691,
    26.795830935952));
#4443 = CARTESIAN_POINT('',(9.364132646659,-5.035352731678,
    26.722529619497));
#4444 = CARTESIAN_POINT('',(9.355912552318,-5.169089999761,
    26.647222441085));
#4445 = CARTESIAN_POINT('',(9.347234502977,-5.301695896335,
    26.569956446736));
#4446 = CARTESIAN_POINT('',(9.338081169076,-5.433148869402,
    26.490778894245));
#4447 = CARTESIAN_POINT('',(9.32843507169,-5.563429488569,
    26.409737253182));
#4448 = CARTESIAN_POINT('',(9.299819332151,-5.927141137896,
    26.176285853706));
#4449 = CARTESIAN_POINT('',(9.279674633622,-6.157830060499,
    26.01969237266));
#4450 = CARTESIAN_POINT('',(9.257738802098,-6.384484062672,
    25.857381995201));
#4451 = CARTESIAN_POINT('',(9.23390607306,-6.607018612498,
    25.689636997418));
#4452 = CARTESIAN_POINT('',(9.208070801548,-6.825366345652,
    25.516736736573));
#4453 = CARTESIAN_POINT('',(9.180127661389,-7.039475614724,
    25.338955689634));
#4454 = CARTESIAN_POINT('',(9.149971844433,-7.24930903854,
    25.156561491807));
#4455 = CARTESIAN_POINT('',(9.081183468617,-7.68469968019,
    24.760963053132));
#4456 = CARTESIAN_POINT('',(9.041970824865,-7.909174255369,
    24.546671410356));
#4457 = CARTESIAN_POINT('',(8.999714813483,-8.128232767274,
    24.327300336793));
#4458 = CARTESIAN_POINT('',(8.95427096448,-8.341855624148,
    24.103204732056));
#4459 = CARTESIAN_POINT('',(8.905496030037,-8.550035676776,
    23.874731386049));
#4460 = CARTESIAN_POINT('',(8.853247161622,-8.752777243035,
    23.642218259693));
#4461 = CARTESIAN_POINT('',(8.797381087109,-8.95009513245,23.40599376565
    ));
#4462 = CARTESIAN_POINT('',(8.679947768739,-9.328066654297,
    22.934081721728));
#4463 = CARTESIAN_POINT('',(8.618608087764,-9.509041509663,
    22.698603241187));
#4464 = CARTESIAN_POINT('',(8.553602080281,-9.684960440961,
    22.460231215681));
#4465 = CARTESIAN_POINT('',(8.484797907774,-9.855849311247,
    22.219253541487));
#4466 = CARTESIAN_POINT('',(8.412062821393,-10.02173779012,
    21.975955894257));
#4467 = CARTESIAN_POINT('',(8.335261925444,-10.18265950136,
    21.730622220368));
#4468 = CARTESIAN_POINT('',(8.254256940883,-10.33865217051,
    21.483535228267));
#4469 = CARTESIAN_POINT('',(8.04118104092,-10.71587792266,
    20.863024679101));
#4470 = CARTESIAN_POINT('',(7.903733334912,-10.93103413563,
    20.487811063009));
#4471 = CARTESIAN_POINT('',(7.756076721182,-11.1353862634,
    20.110254915958));
#4472 = CARTESIAN_POINT('',(7.597710689443,-11.32907986739,
    19.731322151589));
#4473 = CARTESIAN_POINT('',(7.428119062459,-11.51225936638,
    19.352032682102));
#4474 = CARTESIAN_POINT('',(7.246760825101,-11.68507810961,
    18.973469929564));
#4475 = CARTESIAN_POINT('',(7.053052068716,-11.84770537472,
    18.596792879155));
#4476 = CARTESIAN_POINT('',(6.773304984744,-12.05425436225,
    18.091273915545));
#4477 = CARTESIAN_POINT('',(6.698649942839,-12.10692815146,
    17.959693152827));
#4478 = CARTESIAN_POINT('',(6.622346320106,-12.15835921919,
    17.828565042533));
#4479 = CARTESIAN_POINT('',(6.544366087168,-12.20855520616,
    17.697949083102));
#4480 = CARTESIAN_POINT('',(6.464680790268,-12.257523833,17.56790761511)
  );
#4481 = CARTESIAN_POINT('',(6.383261551277,-12.3052729002,
    17.438505821264));
#4482 = CARTESIAN_POINT('',(6.300079067684,-12.35181028817,
    17.309811726409));
#4483 = CARTESIAN_POINT('',(6.108918156886,-12.45379299194,
    17.022052935145));
#4484 = CARTESIAN_POINT('',(5.999934441127,-12.50856180978,
    16.863428048164));
#4485 = CARTESIAN_POINT('',(5.888093154643,-12.56146682692,
    16.706158662438));
#4486 = CARTESIAN_POINT('',(5.773335862467,-12.61252384063,
    16.550392931435));
#4487 = CARTESIAN_POINT('',(5.655605017499,-12.66174842008,
    16.396290175319));
#4488 = CARTESIAN_POINT('',(5.534843972645,-12.70915629719,
    16.24402102004));
#4489 = CARTESIAN_POINT('',(5.410996992963,-12.7547637575,
    16.093767536425));
#4490 = CARTESIAN_POINT('',(5.126549985452,-12.85292810725,
    15.762154899093));
#4491 = CARTESIAN_POINT('',(4.964271900639,-12.90452334385,
    15.581995672375));
#4492 = CARTESIAN_POINT('',(4.797065263924,-12.95340827982,
    15.405605767615));
#4493 = CARTESIAN_POINT('',(4.62483611453,-12.9996146807,15.233392827432
    ));
#4494 = CARTESIAN_POINT('',(4.447510017326,-13.04317293082,
    15.065808456162));
#4495 = CARTESIAN_POINT('',(4.265035799799,-13.08411342549,
    14.903344607459));
#4496 = CARTESIAN_POINT('',(4.077389289036,-13.12246796317,
    14.746529971893));
#4497 = CARTESIAN_POINT('',(3.850124279232,-13.16466862895,
    14.569015641859));
#4498 = CARTESIAN_POINT('',(3.815506903808,-13.17098458403,
    14.542303467221));
#4499 = CARTESIAN_POINT('',(3.780725087003,-13.17721917605,
    14.515793124203));
#4500 = CARTESIAN_POINT('',(3.745778981929,-13.18337258753,
    14.489487894048));
#4501 = CARTESIAN_POINT('',(3.710668811643,-13.18944499761,
    14.463391110681));
#4502 = CARTESIAN_POINT('',(3.675394890397,-13.19543657911,
    14.437506172569));
#4503 = CARTESIAN_POINT('',(3.639957584701,-13.2013475053,
    14.411836511444));
#4504 = CARTESIAN_POINT('',(3.489571451481,-13.22597703355,
    14.304324218696));
#4505 = CARTESIAN_POINT('',(3.373090628655,-13.24393957654,
    14.224536413244));
#4506 = CARTESIAN_POINT('',(3.254927772747,-13.26107154121,
    14.14713722692));
#4507 = CARTESIAN_POINT('',(3.135103111898,-13.27737875683,
    14.072246515135));
#4508 = CARTESIAN_POINT('',(3.013644768903,-13.29286696783,
    13.999987466651));
#4509 = CARTESIAN_POINT('',(2.890589454731,-13.30754186517,
    13.930485206913));
#4510 = CARTESIAN_POINT('',(2.765983162042,-13.32140911792,
    13.863865401387));
#4511 = CARTESIAN_POINT('',(2.552441064645,-13.34353409435,
    13.756143027011));
#4512 = CARTESIAN_POINT('',(2.46428161372,-13.3522081472,13.713478670036
    ));
#4513 = CARTESIAN_POINT('',(2.375422280387,-13.36049843349,
    13.672302157834));
#4514 = CARTESIAN_POINT('',(2.285884271458,-13.36840680686,
    13.632654899086));
#4515 = CARTESIAN_POINT('',(2.195691226103,-13.37593510436,
    13.594577341288));
#4516 = CARTESIAN_POINT('',(2.104869215854,-13.38308514644,
    13.558108970755));
#4517 = CARTESIAN_POINT('',(2.013446744602,-13.38985873695,
    13.523288312619));
#4518 = CARTESIAN_POINT('',(1.862593902843,-13.40035199949,
    13.468951219549));
#4519 = CARTESIAN_POINT('',(1.803499842786,-13.40429294272,
    13.448439170911));
#4520 = CARTESIAN_POINT('',(1.744180694949,-13.40808096109,
    13.428626497092));
#4521 = CARTESIAN_POINT('',(1.684644934242,-13.41171651694,
    13.409522535319));
#4522 = CARTESIAN_POINT('',(1.624901383956,-13.41520006669,
    13.391136247872));
#4523 = CARTESIAN_POINT('',(1.564959215764,-13.41853206085,
    13.373476222083));
#4524 = CARTESIAN_POINT('',(1.504827949722,-13.421712944,13.356550670335
    ));
#4525 = CARTESIAN_POINT('',(1.302495980745,-13.43187883229,
    13.302258442571));
#4526 = CARTESIAN_POINT('',(1.159475877148,-13.43817912425,
    13.268264308018));
#4527 = CARTESIAN_POINT('',(1.015591745724,-13.44364948766,
    13.238488277619));
#4528 = CARTESIAN_POINT('',(0.870981530345,-13.44829535149,
    13.213017333066));
#4529 = CARTESIAN_POINT('',(0.725786778271,-13.45212184328,
    13.191921455364));
#4530 = CARTESIAN_POINT('',(0.580152901921,-13.45513351563,
    13.175252893688));
#4531 = CARTESIAN_POINT('',(0.434229440638,-13.45733407275,
    13.163045434222));
#4532 = CARTESIAN_POINT('',(5.284111135733E-02,-13.46096897762,
    13.142856208191));
#4533 = CARTESIAN_POINT('',(-0.182886910665,-13.46111349156,
    13.142015037114));
#4534 = CARTESIAN_POINT('',(-0.418341124151,-13.45916992272,
    13.152858931119));
#4535 = CARTESIAN_POINT('',(-0.652915019153,-13.45514446942,
    13.175314663835));
#4536 = CARTESIAN_POINT('',(-0.886050551904,-13.44903418039,
    13.209193170244));
#4537 = CARTESIAN_POINT('',(-1.117225291461,-13.44082604859,
    13.254207135541));
#4538 = CARTESIAN_POINT('',(-1.345944356309,-13.43050026263,
    13.309980009757));
#4539 = CARTESIAN_POINT('',(-1.681158256035,-13.41199809987,
    13.408062835092));
#4540 = CARTESIAN_POINT('',(-1.78989952107,-13.40545631512,
    13.442498874679));
#4541 = CARTESIAN_POINT('',(-1.897911353912,-13.39840969427,
    13.479303456949));
#4542 = CARTESIAN_POINT('',(-2.005147927528,-13.39085539807,
    13.518422020364));
#4543 = CARTESIAN_POINT('',(-2.111567032117,-13.38279037612,
    13.559797087723));
#4544 = CARTESIAN_POINT('',(-2.217129937248,-13.3742114276,
    13.60336880205));
#4545 = CARTESIAN_POINT('',(-2.321801253999,-13.36511526196,
    13.64907546248));
#4546 = CARTESIAN_POINT('',(-2.443642361483,-13.35382140703,
    13.705186645552));
#4547 = CARTESIAN_POINT('',(-2.461703168964,-13.35212885844,
    13.713580084748));
#4548 = CARTESIAN_POINT('',(-2.479749375176,-13.35041919174,
    13.722042507605));
#4549 = CARTESIAN_POINT('',(-2.497758023318,-13.34869448413,
    13.730563155267));
#4550 = CARTESIAN_POINT('',(-2.515750719792,-13.34695269863,
    13.739151721704));
#4551 = CARTESIAN_POINT('',(-2.533711044394,-13.3451953085,
    13.747800446508));
#4552 = CARTESIAN_POINT('',(-2.551647659198,-13.34342147365,
    13.756513070978));
#4553 = CARTESIAN_POINT('',(-2.6974805602,-13.32884585055,
    13.827963647438));
#4554 = CARTESIAN_POINT('',(-2.824042557086,-13.31523316114,
    13.893818245524));
#4555 = CARTESIAN_POINT('',(-2.949154442185,-13.30078681097,
    13.962724516676));
#4556 = CARTESIAN_POINT('',(-3.072742743179,-13.28550053771,
    14.034551981629));
#4557 = CARTESIAN_POINT('',(-3.194747749306,-13.2693683059,
    14.109168791578));
#4558 = CARTESIAN_POINT('',(-3.315122383355,-13.25238417561,
    14.18644392158));
#4559 = CARTESIAN_POINT('',(-3.433831073658,-13.23454217124,
    14.266249363955));
#4560 = CARTESIAN_POINT('',(-3.577211311846,-13.2116219015,
    14.366983929037));
#4561 = CARTESIAN_POINT('',(-3.603488153822,-13.20736380023,
    14.385627714566));
#4562 = CARTESIAN_POINT('',(-3.629678764368,-13.20306179275,
    14.404392196489));
#4563 = CARTESIAN_POINT('',(-3.655782958699,-13.19871579542,
    14.423276032618));
#4564 = CARTESIAN_POINT('',(-3.681800549294,-13.19432572855,
    14.44227787319));
#4565 = CARTESIAN_POINT('',(-3.707731273199,-13.18989152841,
    14.461396309205));
#4566 = CARTESIAN_POINT('',(-3.733574852222,-13.18541313729,
    14.480629916269));
#4567 = CARTESIAN_POINT('',(-3.8374929805,-13.16716572542,
    14.558690360852));
#4568 = CARTESIAN_POINT('',(-3.914850708698,-13.15303329848,
    14.618451819307));
#4569 = CARTESIAN_POINT('',(-3.991399556773,-13.13849125578,
    14.679223580559));
#4570 = CARTESIAN_POINT('',(-4.067136022509,-13.12353765534,
    14.740968529807));
#4571 = CARTESIAN_POINT('',(-4.14205791532,-13.10817054827,
    14.803650626193));
#4572 = CARTESIAN_POINT('',(-4.216164356246,-13.09238797874,
    14.867234902804));
#4573 = CARTESIAN_POINT('',(-4.289455777956,-13.07618798399,
    14.931687466671));
#4574 = CARTESIAN_POINT('',(-4.528424317688,-13.02139189416,
    15.146949586508));
#4575 = CARTESIAN_POINT('',(-4.690615464661,-12.98100381259,
    15.301326939161));
#4576 = CARTESIAN_POINT('',(-4.848533850696,-12.93837817775,
    15.459717726141));
#4577 = CARTESIAN_POINT('',(-5.002221903746,-12.89349082802,
    15.621756668744));
#4578 = CARTESIAN_POINT('',(-5.151736020675,-12.84631862778,
    15.787104279085));
#4579 = CARTESIAN_POINT('',(-5.297144593251,-12.79683848325,
    15.955448099051));
#4580 = CARTESIAN_POINT('',(-5.438526034138,-12.74502635829,
    16.126503939239));
#4581 = CARTESIAN_POINT('',(-5.689103117623,-12.64626538255,
    16.442846901855));
#4582 = CARTESIAN_POINT('',(-5.799565270237,-12.60007822265,
    16.587336542979));
#4583 = CARTESIAN_POINT('',(-5.907399782891,-12.55228103208,
    16.733341004014));
#4584 = CARTESIAN_POINT('',(-6.012653338055,-12.50286069032,
    16.880723305765));
#4585 = CARTESIAN_POINT('',(-6.115372807522,-12.45180446763,
    17.029354376782));
#4586 = CARTESIAN_POINT('',(-6.21560528141,-12.39909975811,
    17.179112903051));
#4587 = CARTESIAN_POINT('',(-6.313398097186,-12.34473381262,
    17.329885177674));
#4588 = CARTESIAN_POINT('',(-6.554148536237,-12.20331202901,
    17.712659768214));
#4589 = CARTESIAN_POINT('',(-6.693940798474,-12.11404696048,
    17.945852865979));
#4590 = CARTESIAN_POINT('',(-6.828345091881,-12.02085087196,
    18.180770750538));
#4591 = CARTESIAN_POINT('',(-6.957522737724,-11.92367993873,
    18.417063765082));
#4592 = CARTESIAN_POINT('',(-7.081628385195,-11.82249255237,
    18.654404631514));
#4593 = CARTESIAN_POINT('',(-7.200811454565,-11.71724796753,
    18.892486992637));
#4594 = CARTESIAN_POINT('',(-7.315217580338,-11.6079049486,
    19.131023954357));
#4595 = CARTESIAN_POINT('',(-7.478831935118,-11.43875775284,
    19.486836964109));
#4596 = CARTESIAN_POINT('',(-7.53155849041,-11.38209925282,
    19.603970728107));
#4597 = CARTESIAN_POINT('',(-7.583186206084,-11.32444019257,
    19.721115621669));
#4598 = CARTESIAN_POINT('',(-7.633731293503,-11.26577591828,
    19.838239892945));
#4599 = CARTESIAN_POINT('',(-7.683209689598,-11.20610184612,
    19.955312336429));
#4600 = CARTESIAN_POINT('',(-7.731637056864,-11.14541346227,
    20.072302292963));
#4601 = CARTESIAN_POINT('',(-7.779028783358,-11.08370632287,
    20.189179649733));
#4602 = CARTESIAN_POINT('',(-7.848727513866,-10.98941892412,
    20.364639701371));
#4603 = CARTESIAN_POINT('',(-7.871796786747,-10.95760287346,
    20.423328549708));
#4604 = CARTESIAN_POINT('',(-7.894609728469,-10.92552734638,
    20.481977603565));
#4605 = CARTESIAN_POINT('',(-7.917168251673,-10.89319179299,
    20.540583101459));
#4606 = CARTESIAN_POINT('',(-7.939474254524,-10.86059566921,
    20.599141302148));
#4607 = CARTESIAN_POINT('',(-7.96152962071,-10.82773843681,
    20.657648484629));
#4608 = CARTESIAN_POINT('',(-7.983336219439,-10.79461956339,
    20.716100948141));
#4609 = CARTESIAN_POINT('',(-8.026451070824,-10.72786448063,
    20.832876832012));
#4610 = CARTESIAN_POINT('',(-8.04775955884,-10.69422818069,20.8912006231
    ));
#4611 = CARTESIAN_POINT('',(-8.068823220057,-10.66032908724,
    20.949462711565));
#4612 = CARTESIAN_POINT('',(-8.08964389295,-10.62616667165,
    21.007659435696));
#4613 = CARTESIAN_POINT('',(-8.1102234039,-10.59174041195,
    21.065787145928));
#4614 = CARTESIAN_POINT('',(-8.130563567196,-10.55704979283,
    21.123842204846));
#4615 = CARTESIAN_POINT('',(-8.150666185034,-10.52209430565,
    21.181820987182));
#4616 = CARTESIAN_POINT('',(-8.256497516403,-10.33447171684,
    21.490250155212));
#4617 = CARTESIAN_POINT('',(-8.338047234688,-10.17710299951,
    21.73928202265));
#4618 = CARTESIAN_POINT('',(-8.415328336876,-10.01472450045,
    21.986526310927));
#4619 = CARTESIAN_POINT('',(-8.488482255314,-9.847297841972,
    22.231693085989));
#4620 = CARTESIAN_POINT('',(-8.557646993083,-9.674788911283,
    22.474491144811));
#4621 = CARTESIAN_POINT('',(-8.622958396885,-9.497167707143,
    22.714627509271));
#4622 = CARTESIAN_POINT('',(-8.68455142993,-9.314408186449,
    22.951806920022));
#4623 = CARTESIAN_POINT('',(-8.802193843446,-8.933312042217,
    23.426198458555));
#4624 = CARTESIAN_POINT('',(-8.858038767466,-8.734686789532,
    23.66322075834));
#4625 = CARTESIAN_POINT('',(-8.910242665322,-8.53058828434,
    23.896475236175));
#4626 = CARTESIAN_POINT('',(-8.958950799547,-8.321002181511,
    24.12562851321));
#4627 = CARTESIAN_POINT('',(-9.004308063674,-8.105924817529,
    24.350337578322));
#4628 = CARTESIAN_POINT('',(-9.046459799143,-7.885364168763,
    24.570250541148));
#4629 = CARTESIAN_POINT('',(-9.085552612202,-7.659340809746,
    24.78500738512));
#4630 = CARTESIAN_POINT('',(-9.15458168336,-7.217776485198,
    25.184183098159));
#4631 = CARTESIAN_POINT('',(-9.18502926787,-7.003193916493,
    25.369570237917));
#4632 = CARTESIAN_POINT('',(-9.213188441804,-6.784167812821,
    25.55012731924));
#4633 = CARTESIAN_POINT('',(-9.239170530455,-6.560738431877,
    25.725570360241));
#4634 = CARTESIAN_POINT('',(-9.263087424961,-6.332961101329,
    25.89560832905));
#4635 = CARTESIAN_POINT('',(-9.285051320324,-6.100907678569,
    26.059945255191));
#4636 = CARTESIAN_POINT('',(-9.305174453423,-5.864668010482,
    26.218282340956));
#4637 = CARTESIAN_POINT('',(-9.331363234286,-5.522520045723,
    26.434744261071));
#4638 = CARTESIAN_POINT('',(-9.338847150922,-5.419956979274,
    26.498037307001));
#4639 = CARTESIAN_POINT('',(-9.346029106064,-5.316670614802,
    26.560176261415));
#4640 = CARTESIAN_POINT('',(-9.352917560217,-5.212670120468,
    26.62113823818));
#4641 = CARTESIAN_POINT('',(-9.359520919272,-5.107965411645,
    26.680900414181));
#4642 = CARTESIAN_POINT('',(-9.365847534504,-5.002567150921,
    26.739440029327));
#4643 = CARTESIAN_POINT('',(-9.371905702573,-4.896486748093,
    26.796734386545));
#4644 = CARTESIAN_POINT('',(-9.379245938413,-4.761340445638,
    26.867664065066));
#4645 = CARTESIAN_POINT('',(-9.380769798126,-4.732897127342,
    26.882477571045));
#4646 = CARTESIAN_POINT('',(-9.382275399199,-4.704406635145,
    26.89720094565));
#4647 = CARTESIAN_POINT('',(-9.383762895679,-4.675869202912,
    26.911833765846));
#4648 = CARTESIAN_POINT('',(-9.385232441129,-4.647285068522,
    26.926375609626));
#4649 = CARTESIAN_POINT('',(-9.386684188625,-4.618654473861,
    26.940826056022));
#4650 = CARTESIAN_POINT('',(-9.388118290759,-4.589977664825,
    26.955184685094));
#4651 = CARTESIAN_POINT('',(-9.394182794616,-4.467015443685,
    27.016259126467));
#4652 = CARTESIAN_POINT('',(-9.398642365664,-4.372281388168,
    27.062074161492));
#4653 = CARTESIAN_POINT('',(-9.402919040299,-4.277060359521,
    27.106881976918));
#4654 = CARTESIAN_POINT('',(-9.407018041245,-4.181363335424,
    27.150667072633));
#4655 = CARTESIAN_POINT('',(-9.410944684853,-4.085198461778,
    27.19341577914));
#4656 = CARTESIAN_POINT('',(-9.414704058821,-3.988577276475,
    27.235113176076));
#4657 = CARTESIAN_POINT('',(-9.418301253564,-3.891509866855,
    27.275745559784));
#4658 = CARTESIAN_POINT('',(-9.426748607078,-3.652079157125,
    27.372874775333));
#4659 = CARTESIAN_POINT('',(-9.431422707413,-3.509229239058,
    27.428164846787));
#4660 = CARTESIAN_POINT('',(-9.43577894956,-3.365492901481,
    27.481126221566));
#4661 = CARTESIAN_POINT('',(-9.439832133317,-3.220907074767,
    27.531717672313));
#4662 = CARTESIAN_POINT('',(-9.443596413697,-3.075510749111,
    27.579899758077));
#4663 = CARTESIAN_POINT('',(-9.447085300923,-2.929344974527,
    27.625634824306));
#4664 = CARTESIAN_POINT('',(-9.450311660435,-2.782452860848,
    27.668887002854));
#4665 = CARTESIAN_POINT('',(-9.459771523798,-2.313361254157,
    27.79837241519));
#4666 = CARTESIAN_POINT('',(-9.465066967379,-1.988590811055,
    27.875182165866));
#4667 = CARTESIAN_POINT('',(-9.469297620839,-1.661058105645,
    27.939695140761));
#4668 = CARTESIAN_POINT('',(-9.472569940447,-1.331273975405,
    27.99161864522));
#4669 = CARTESIAN_POINT('',(-9.474967525114,-0.99977007103,
    28.030725345479));
#4670 = CARTESIAN_POINT('',(-9.476547327121,-0.667100072646,
    28.056857324581));
#4671 = CARTESIAN_POINT('',(-9.477337809982,-0.333842289242,
    28.069932461924));
#4672 = CARTESIAN_POINT('',(-9.477340315169,0.333535907419,
    28.069973900517));
#4673 = CARTESIAN_POINT('',(-9.476548064508,0.667696169001,
    28.056869524133));
#4674 = CARTESIAN_POINT('',(-9.474962286735,1.001265360025,
    28.030637440013));
#4675 = CARTESIAN_POINT('',(-9.472554274519,1.333660569026,
    27.99136048563));
#4676 = CARTESIAN_POINT('',(-9.469266519099,1.664323736868,
    27.939198095972));
#4677 = CARTESIAN_POINT('',(-9.46501458012,1.99271904216,27.874379849091
    ));
#4678 = CARTESIAN_POINT('',(-9.459690934148,2.318331691678,
    27.797201364405));
#4679 = CARTESIAN_POINT('',(-9.450189840242,2.788035432617,
    27.667251487969));
#4680 = CARTESIAN_POINT('',(-9.446958836639,2.934721944311,
    27.623970663207));
#4681 = CARTESIAN_POINT('',(-9.443465596249,3.080682695504,
    27.578214089705));
#4682 = CARTESIAN_POINT('',(-9.439697284122,3.225874781832,
    27.530017550862));
#4683 = CARTESIAN_POINT('',(-9.435640425154,3.370257349933,
    27.479418603265));
#4684 = CARTESIAN_POINT('',(-9.431280904086,3.513791597441,
    27.426456576695));
#4685 = CARTESIAN_POINT('',(-9.426603965508,3.656440772989,
    27.371172574121));
#4686 = CARTESIAN_POINT('',(-9.419288730056,3.863394543323,
    27.287118674068));
#4687 = CARTESIAN_POINT('',(-9.416912789118,3.928424135897,
    27.260145104654));
#4688 = CARTESIAN_POINT('',(-9.414464904472,3.993255585001,
    27.232692899654));
#4689 = CARTESIAN_POINT('',(-9.41194357142,4.057885618511,
    27.204766241877));
#4690 = CARTESIAN_POINT('',(-9.40934726713,4.122311061114,
    27.176369360751));
#4691 = CARTESIAN_POINT('',(-9.406674450637,4.186528834301,
    27.14750653232));
#4692 = CARTESIAN_POINT('',(-9.403923562842,4.250535956372,
    27.118182079247));
#4693 = CARTESIAN_POINT('',(-9.399109595742,4.35903138809,27.06753154114
    ));
#4694 = CARTESIAN_POINT('',(-9.397087060284,4.403628322839,
    27.046438217796));
#4695 = CARTESIAN_POINT('',(-9.395024867636,4.448119578745,
    27.025121789511));
#4696 = CARTESIAN_POINT('',(-9.392922490329,4.492503819437,
    27.003583944924));
#4697 = CARTESIAN_POINT('',(-9.390779369801,4.536780310183,
    26.981826098276));
#4698 = CARTESIAN_POINT('',(-9.388594942455,4.580948370216,
    26.959849653698));
#4699 = CARTESIAN_POINT('',(-9.386368668142,4.625006783042,
    26.937656292625));
#4700 = CARTESIAN_POINT('',(-9.377753417467,4.791897508487,
    26.852559890933));
#4701 = CARTESIAN_POINT('',(-9.371075006269,4.913976173251,
    26.788186148275));
#4702 = CARTESIAN_POINT('',(-9.364052466264,5.035171776459,
    26.722160046994));
#4703 = CARTESIAN_POINT('',(-9.356673414933,5.155466554519,
    26.654515525743));
#4704 = CARTESIAN_POINT('',(-9.348925368721,5.274844038528,
    26.585286655677));
#4705 = CARTESIAN_POINT('',(-9.340795743044,5.393289054276,
    26.514507640448));
#4706 = CARTESIAN_POINT('',(-9.332271852286,5.510787722246,
    26.44221281621));
#4707 = CARTESIAN_POINT('',(-9.304930781687,5.867560724558,
    26.216355463558));
#4708 = CARTESIAN_POINT('',(-9.284791436296,6.103717336809,
    26.057979765516));
#4709 = CARTESIAN_POINT('',(-9.262810905019,6.335688218868,
    25.89360891527));
#4710 = CARTESIAN_POINT('',(-9.238877004508,6.563383714924,
    25.723541540228));
#4711 = CARTESIAN_POINT('',(-9.212877596973,6.786732131405,
    25.548073430833));
#4712 = CARTESIAN_POINT('',(-9.18470085047,7.005678279525,
    25.367495433969));
#4713 = CARTESIAN_POINT('',(-9.154235499203,7.220182017833,
    25.182091346363));
#4714 = CARTESIAN_POINT('',(-9.085164965578,7.661607774006,
    24.782865787935));
#4715 = CARTESIAN_POINT('',(-9.046047810823,7.887570507099,
    24.568075683672));
#4716 = CARTESIAN_POINT('',(-9.003870983329,8.108070977731,
    24.34813276019));
#4717 = CARTESIAN_POINT('',(-8.95848790792,8.323088706894,
    24.123396910801));
#4718 = CARTESIAN_POINT('',(-8.909753272714,8.532615796567,
    23.894219906676));
#4719 = CARTESIAN_POINT('',(-8.85752221138,8.736655973398,
    23.660944646379));
#4720 = CARTESIAN_POINT('',(-8.801649485387,8.935223632386,
    23.42390440541));
#4721 = CARTESIAN_POINT('',(-8.684176042943,9.315479246447,
    22.950389983404));
#4722 = CARTESIAN_POINT('',(-8.622807543717,9.497495748376,
    22.714130628259));
#4723 = CARTESIAN_POINT('',(-8.557749412108,9.67441438058,
    22.474938553226));
#4724 = CARTESIAN_POINT('',(-8.48886826689,9.846260887391,22.23310554613
    ));
#4725 = CARTESIAN_POINT('',(-8.416029854351,10.013064913068,
    21.988921145295));
#4726 = CARTESIAN_POINT('',(-8.339097800577,10.174860151632,
    21.742673135141));
#4727 = CARTESIAN_POINT('',(-8.257932363718,10.331684496704,
    21.494648041786));
#4728 = CARTESIAN_POINT('',(-8.152877917781,10.518225570226,
    21.18822026518));
#4729 = CARTESIAN_POINT('',(-8.133138937522,10.552614462102,
    21.131231451751));
#4730 = CARTESIAN_POINT('',(-8.113170545276,10.586747343645,
    21.074168620184));
#4731 = CARTESIAN_POINT('',(-8.092971029646,10.620624697685,
    21.01703521369));
#4732 = CARTESIAN_POINT('',(-8.07253866805,10.654247013199,
    20.959834686855));
#4733 = CARTESIAN_POINT('',(-8.05187172672,10.68761478531,
    20.902570505641));
#4734 = CARTESIAN_POINT('',(-8.030968460702,10.720728515286,
    20.84524614739));
#4735 = CARTESIAN_POINT('',(-7.993787416266,10.778519363618,
    20.744330759754));
#4736 = CARTESIAN_POINT('',(-7.977610613841,10.803304178019,
    20.70076361854));
#4737 = CARTESIAN_POINT('',(-7.961295922626,10.827943395093,
    20.65716516287));
#4738 = CARTESIAN_POINT('',(-7.944842574026,10.852437227922,
    20.613536936165));
#4739 = CARTESIAN_POINT('',(-7.928249795829,10.876785890558,
    20.569880488844));
#4740 = CARTESIAN_POINT('',(-7.911516804519,10.900989609702,
    20.526197358314));
#4741 = CARTESIAN_POINT('',(-7.894642808897,10.925048618791,
    20.482489079661));
#4742 = CARTESIAN_POINT('',(-7.826077543637,11.021412422217,
    20.306271023444));
#4743 = CARTESIAN_POINT('',(-7.773226670935,11.092535577653,
    20.173568625213));
#4744 = CARTESIAN_POINT('',(-7.719052490007,11.162338938794,
    20.040692976344));
#4745 = CARTESIAN_POINT('',(-7.663532633529,11.230828963122,
    19.907687891193));
#4746 = CARTESIAN_POINT('',(-7.606644283727,11.298012227643,
    19.774598054494));
#4747 = CARTESIAN_POINT('',(-7.548364172385,11.363895428879,
    19.641469021363));
#4748 = CARTESIAN_POINT('',(-7.488668580835,11.428485382874,
    19.508347217293));
#4749 = CARTESIAN_POINT('',(-7.31786460928,11.605347430157,
    19.136574843739));
#4750 = CARTESIAN_POINT('',(-7.203565473697,11.714764367235,
    18.898050631924));
#4751 = CARTESIAN_POINT('',(-7.084492764676,11.820082883436,
    18.659975954628));
#4752 = CARTESIAN_POINT('',(-6.960500968442,11.921344188956,
    18.422637409012));
#4753 = CARTESIAN_POINT('',(-6.831440782874,12.018589007322,
    18.186340993224));
#4754 = CARTESIAN_POINT('',(-6.697157674378,12.11185892554,
    17.951413562134));
#4755 = CARTESIAN_POINT('',(-6.557490434774,12.201197744238,
    17.718204283073));
#4756 = CARTESIAN_POINT('',(-6.316938397761,12.342750458967,
    17.335366755327));
#4757 = CARTESIAN_POINT('',(-6.219215942775,12.397173115574,
    17.18455209793));
#4758 = CARTESIAN_POINT('',(-6.119054765977,12.449933955508,
    17.034748261004));
#4759 = CARTESIAN_POINT('',(-6.016407529331,12.501045727339,
    16.886068826236));
#4760 = CARTESIAN_POINT('',(-5.911227133648,12.550521037011,
    16.738634966406));
#4761 = CARTESIAN_POINT('',(-5.803466688217,12.598372614524,
    16.592575596423));
#4762 = CARTESIAN_POINT('',(-5.693079480444,12.644613580615,
    16.448027524358));
#4763 = CARTESIAN_POINT('',(-5.441942884761,12.743779648036,
    16.130627670089));
#4764 = CARTESIAN_POINT('',(-5.299885610107,12.795917708641,
    15.958597732426));
#4765 = CARTESIAN_POINT('',(-5.153759144471,12.845698299271,
    15.789304103817));
#4766 = CARTESIAN_POINT('',(-5.003483697872,12.893145845637,
    15.623035239761));
#4767 = CARTESIAN_POINT('',(-4.848989691579,12.938283805761,
    15.460108467974));
#4768 = CARTESIAN_POINT('',(-4.690219782278,12.981135680595,
    15.300868719442));
#4769 = CARTESIAN_POINT('',(-4.527130886246,13.021726024645,
    15.145687259467));
#4770 = CARTESIAN_POINT('',(-4.309779543253,13.071516195135,
    14.95002479835));
#4771 = CARTESIAN_POINT('',(-4.259477253921,13.082752145779,
    14.905485596837));
#4772 = CARTESIAN_POINT('',(-4.208788842181,13.093789951158,
    14.86135352181));
#4773 = CARTESIAN_POINT('',(-4.15771408368,13.104630252418,
    14.817639526189));
#4774 = CARTESIAN_POINT('',(-4.106253023053,13.115273689212,
    14.77435480819));
#4775 = CARTESIAN_POINT('',(-4.054405973922,13.125720899699,
    14.731510811318));
#4776 = CARTESIAN_POINT('',(-4.002173518893,13.135972520546,
    14.68911922437));
#4777 = CARTESIAN_POINT('',(-3.909694624025,13.153647973405,
    14.615428502402));
#4778 = CARTESIAN_POINT('',(-3.869612066465,13.161154868475,
    14.583931519664));
#4779 = CARTESIAN_POINT('',(-3.829309216254,13.168550148176,
    14.5527062244));
#4780 = CARTESIAN_POINT('',(-3.788786577659,13.17583408808,
    14.521757880202));
#4781 = CARTESIAN_POINT('',(-3.748044779844,13.183006963296,
    14.491091823071));
#4782 = CARTESIAN_POINT('',(-3.707084576865,13.190069048467,
    14.460713461415));
#4783 = CARTESIAN_POINT('',(-3.665906847677,13.197020617772,
    14.430628276056));
#4784 = CARTESIAN_POINT('',(-3.486379410386,13.226691537474,
    14.301443862507));
#4785 = CARTESIAN_POINT('',(-3.345835630542,13.248293498689,
    14.205373145412));
#4786 = CARTESIAN_POINT('',(-3.202916975092,13.268678288842,
    14.112833004526));
#4787 = CARTESIAN_POINT('',(-3.057679295616,13.28785595358,
    14.024038660395));
#4788 = CARTESIAN_POINT('',(-2.910201252364,13.305836435125,
    13.939211924139));
#4789 = CARTESIAN_POINT('',(-2.760586989849,13.322629883458,
    13.858575903074));
#4790 = CARTESIAN_POINT('',(-2.60896881244,13.338246967518,
    13.782349706336));
#4791 = CARTESIAN_POINT('',(-2.443183843747,13.353860004053,
    13.704991613877));
#4792 = CARTESIAN_POINT('',(-2.430662965741,13.355030543888,
    13.699184489313));
#4793 = CARTESIAN_POINT('',(-2.417896266756,13.356215165196,
    13.693299891188));
#4794 = CARTESIAN_POINT('',(-2.404898472801,13.357411832551,
    13.687347504818));
#4795 = CARTESIAN_POINT('',(-2.391750073633,13.358612523688,
    13.681366878657));
#4796 = CARTESIAN_POINT('',(-2.378597401337,13.359803637375,
    13.675425716512));
#4797 = CARTESIAN_POINT('',(-2.365652708896,13.360966401298,
    13.669618169758));
#4798 = CARTESIAN_POINT('',(-2.258852169179,13.370489414707,
    13.621997786029));
#4799 = CARTESIAN_POINT('',(-2.163768409,13.37847706624,13.581653718729)
  );
#4800 = CARTESIAN_POINT('',(-2.067967711243,13.386042752537,
    13.543077834357));
#4801 = CARTESIAN_POINT('',(-1.97147713763,13.393188886353,
    13.506315379856));
#4802 = CARTESIAN_POINT('',(-1.87432606859,13.399917775187,
    13.471409942403));
#4803 = CARTESIAN_POINT('',(-1.776546203262,13.406231621288,
    13.438403449404));
#4804 = CARTESIAN_POINT('',(-1.678171559493,13.412132521651,
    13.407336168496));
#4805 = CARTESIAN_POINT('',(-1.352172410762,13.430222639953,
    13.31148169275));
#4806 = CARTESIAN_POINT('',(-1.122133417103,13.44065963025,
    13.255122944201));
#4807 = CARTESIAN_POINT('',(-0.889599832938,13.448953024651,
    13.2096459307));
#4808 = CARTESIAN_POINT('',(-0.655074903754,13.45512312134,
    13.175435313645));
#4809 = CARTESIAN_POINT('',(-0.419090075979,13.459183262176,
    13.152784538119));
#4810 = CARTESIAN_POINT('',(-0.182213268825,13.461136466963,
    13.141886552222));
#4811 = CARTESIAN_POINT('',(5.493787755069E-02,13.460976370746,
    13.142815654675));
#4812 = CARTESIAN_POINT('',(0.437812482736,13.45728269501,
    13.163330480833));
#4813 = CARTESIAN_POINT('',(0.583808728425,13.45506347277,13.17564073931
    ));
#4814 = CARTESIAN_POINT('',(0.729512312893,13.452032197071,
    13.192416345909));
#4815 = CARTESIAN_POINT('',(0.874773464325,13.448185145177,
    13.213623163069));
#4816 = CARTESIAN_POINT('',(1.019446580339,13.44351774629,
    13.239208557593));
#4817 = CARTESIAN_POINT('',(1.163389967508,13.438024855874,
    13.269102142368));
#4818 = CARTESIAN_POINT('',(1.30646558086,13.431701029983,13.30321651808
    ));
#4819 = CARTESIAN_POINT('',(1.508887354639,13.421499348882,
    13.357687622082));
#4820 = CARTESIAN_POINT('',(1.569055936172,13.418306961183,
    13.374670348447));
#4821 = CARTESIAN_POINT('',(1.629034628282,13.4149631964,13.392388318476
    ));
#4822 = CARTESIAN_POINT('',(1.688813901559,13.411467608555,
    13.410833281893));
#4823 = CARTESIAN_POINT('',(1.748384576891,13.407819745777,
    13.429996613683));
#4824 = CARTESIAN_POINT('',(1.807737825464,13.4040191503,13.449869314103
    ));
#4825 = CARTESIAN_POINT('',(1.866865168766,13.400065358466,
    13.470442008674));
#4826 = CARTESIAN_POINT('',(2.017622309799,13.389550944849,
    13.524871432232));
#4827 = CARTESIAN_POINT('',(2.108916832816,13.382770115859,
    13.559718063575));
#4828 = CARTESIAN_POINT('',(2.199611287291,13.375613631989,
    13.596207358773));
#4829 = CARTESIAN_POINT('',(2.289677334407,13.368079694999,
    13.634300885379));
#4830 = CARTESIAN_POINT('',(2.379089056872,13.360166490173,
    13.673959261942));
#4831 = CARTESIAN_POINT('',(2.467822958916,13.351872186324,
    13.715142158008));
#4832 = CARTESIAN_POINT('',(2.555857966294,13.343194935787,
    13.757808294117));
#4833 = CARTESIAN_POINT('',(2.729007394945,13.325224989814,
    13.84527225097));
#4834 = CARTESIAN_POINT('',(2.814145826421,13.31594527969,
    13.890022312062));
#4835 = CARTESIAN_POINT('',(2.898573230174,13.306291975052,
    13.936125738812));
#4836 = CARTESIAN_POINT('',(2.982274089758,13.296263294781,
    13.983542890615));
#4837 = CARTESIAN_POINT('',(3.065234862815,13.285857445637,
    14.032234372529));
#4838 = CARTESIAN_POINT('',(3.14744398108,13.275072622262,
    14.082161035275));
#4839 = CARTESIAN_POINT('',(3.228891850377,13.263907007179,
    14.133283975243));
#4840 = CARTESIAN_POINT('',(3.347337817922,13.246952875311,
    14.210037869806));
#4841 = CARTESIAN_POINT('',(3.384936253692,13.241463135758,
    14.234764944962));
#4842 = CARTESIAN_POINT('',(3.422365353778,13.235889364494,
    14.259741831535));
#4843 = CARTESIAN_POINT('',(3.459624388364,13.230231373401,
    14.284964635962));
#4844 = CARTESIAN_POINT('',(3.496712701978,13.224488973878,
    14.310429499531));
#4845 = CARTESIAN_POINT('',(3.533629713491,13.218661976845,
    14.336132598385));
#4846 = CARTESIAN_POINT('',(3.570374916114,13.21275019274,
    14.362070143519));
#4847 = CARTESIAN_POINT('',(3.642530520576,13.200919049538,
    14.413698040612));
#4848 = CARTESIAN_POINT('',(3.677950155956,13.195004224233,
    14.439376097923));
#4849 = CARTESIAN_POINT('',(3.713206448704,13.189008768307,
    14.465269152949));
#4850 = CARTESIAN_POINT('',(3.748299039535,13.182932507863,
    14.491373780857));
#4851 = CARTESIAN_POINT('',(3.783227622392,13.176775269285,14.5176865909
    ));
#4852 = CARTESIAN_POINT('',(3.81799197464,13.170536873859,
    14.544204251465));
#4853 = CARTESIAN_POINT('',(3.852591939763,13.164217140113,
    14.570923480999));
#4854 = CARTESIAN_POINT('',(4.079770483607,13.121986507344,
    14.748504530986));
#4855 = CARTESIAN_POINT('',(4.267348300245,13.083605771157,
    14.905372880347));
#4856 = CARTESIAN_POINT('',(4.44975461341,13.042639095797,
    15.067884661024));
#4857 = CARTESIAN_POINT('',(4.627013870468,12.999054687362,
    15.235511614008));
#4858 = CARTESIAN_POINT('',(4.799177439974,12.952822155746,
    15.407762209769));
#4859 = CARTESIAN_POINT('',(4.966319886415,12.903911122783,
    15.584185244858));
#4860 = CARTESIAN_POINT('',(5.128535244944,12.852289830404,
    15.764373438503));
#4861 = CARTESIAN_POINT('',(5.412883257372,12.754074489746,
    16.096044989505));
#4862 = CARTESIAN_POINT('',(5.536692879825,12.708441749326,
    16.246330180231));
#4863 = CARTESIAN_POINT('',(5.657417008245,12.661008297685,
    16.398629060966));
#4864 = CARTESIAN_POINT('',(5.775111402531,12.611757849241,
    16.552759667454));
#4865 = CARTESIAN_POINT('',(5.889832726551,12.560674671998,
    16.708551471794));
#4866 = CARTESIAN_POINT('',(6.001638536976,12.507743196854,
    16.865845242623));
#4867 = CARTESIAN_POINT('',(6.110587272119,12.452947626933,
    17.024492905303));
#4868 = CARTESIAN_POINT('',(6.301680230952,12.350919366838,
    17.312281089114));
#4869 = CARTESIAN_POINT('',(6.384829814838,12.304363446143,
    17.440982249214));
#4870 = CARTESIAN_POINT('',(6.466216712576,12.256595826373,
    17.570390065786));
#4871 = CARTESIAN_POINT('',(6.545870219287,12.207608628986,
    17.700436560721));
#4872 = CARTESIAN_POINT('',(6.62381920507,12.157394055334,
    17.831056594424));
#4873 = CARTESIAN_POINT('',(6.700092114999,12.105944386662,
    17.962187865818));
#4874 = CARTESIAN_POINT('',(6.774716969124,12.053251984111,
    18.09377091234));
#4875 = CARTESIAN_POINT('',(7.054355105508,11.846628180639,
    18.599303900913));
#4876 = CARTESIAN_POINT('',(7.247988148984,11.683944174205,
    18.975986947688));
#4877 = CARTESIAN_POINT('',(7.429274022487,11.511068181563,
    19.354549717645));
#4878 = CARTESIAN_POINT('',(7.598796459765,11.327830958107,
    19.733833707835));
#4879 = CARTESIAN_POINT('',(7.757096322606,11.134079182911,
    20.112755863704));
#4880 = CARTESIAN_POINT('',(7.904689647505,10.929668467892,
    20.490296536058));
#4881 = CARTESIAN_POINT('',(8.042076815105,10.7144532957,20.865489976269
    ));
#4882 = CARTESIAN_POINT('',(8.255400250926,10.336519006785,
    21.486961688312));
#4883 = CARTESIAN_POINT('',(8.336676718363,10.179837433431,
    21.735020653829));
#4884 = CARTESIAN_POINT('',(8.413716855387,10.018186682363,
    21.981308939244));
#4885 = CARTESIAN_POINT('',(8.486660580976,9.851528596355,
    22.225540431223));
#4886 = CARTESIAN_POINT('',(8.555644382521,9.679829196946,
    22.467427731376));
#4887 = CARTESIAN_POINT('',(8.620802575911,9.503058536512,
    22.706681657502));
#4888 = CARTESIAN_POINT('',(8.682268565621,9.321190550345,
    22.943010744827));
#4889 = CARTESIAN_POINT('',(8.799442659717,8.942826547692,
    23.414702007807));
#4890 = CARTESIAN_POINT('',(8.854980559521,8.746091372506,23.64990621085
    ));
#4891 = CARTESIAN_POINT('',(8.906932646344,8.543973532606,
    23.881418660283));
#4892 = CARTESIAN_POINT('',(8.955440552173,8.336458579147,
    24.108914529377));
#4893 = CARTESIAN_POINT('',(9.000645503566,8.123542426328,
    24.332059572235));
#4894 = CARTESIAN_POINT('',(9.042689126378,7.905232312728,
    24.550510835255));
#4895 = CARTESIAN_POINT('',(9.081714250476,7.681547762635,
    24.763917368591));
#4896 = CARTESIAN_POINT('',(9.150141206827,7.248049721948,
    25.157624073659));
#4897 = CARTESIAN_POINT('',(9.180125612434,7.039323739801,25.33901735425
    ));
#4898 = CARTESIAN_POINT('',(9.20792136037,6.826367868041,25.515846024375
    ));
#4899 = CARTESIAN_POINT('',(9.233631579146,6.609218921566,
    25.687846731349));
#4900 = CARTESIAN_POINT('',(9.257359903939,6.387927674316,
    25.854749431648));
#4901 = CARTESIAN_POINT('',(9.279210283838,6.162560270511,26.01627929773
    ));
#4902 = CARTESIAN_POINT('',(9.299286789078,5.933199635903,
    26.172158624864));
#4903 = CARTESIAN_POINT('',(9.326506831794,5.588261324426,
    26.393907473961));
#4904 = CARTESIAN_POINT('',(9.334937305811,5.47568384198,26.464346788853
    ));
#4905 = CARTESIAN_POINT('',(9.342996255681,5.362225657934,
    26.533395829502));
#4906 = CARTESIAN_POINT('',(9.350695021337,5.247899162156,
    26.601023831016));
#4907 = CARTESIAN_POINT('',(9.358044867291,5.132717918113,
    26.667200116747));
#4908 = CARTESIAN_POINT('',(9.365056982637,5.016696662882,
    26.731894098283));
#4909 = CARTESIAN_POINT('',(9.371742481053,4.899851307138,
    26.795075275456));
#4910 = CARTESIAN_POINT('',(9.380659886365,4.73514680244,26.881363829474
    ));
#4911 = CARTESIAN_POINT('',(9.383156894454,4.687965561359,
    26.905767644278));
#4912 = CARTESIAN_POINT('',(9.385604119769,4.640656478066,
    26.929922667416));
#4913 = CARTESIAN_POINT('',(9.388002274294,4.593220417484,
    26.953827103426));
#4914 = CARTESIAN_POINT('',(9.390352045103,4.545658724936,
    26.977478946819));
#4915 = CARTESIAN_POINT('',(9.392654117999,4.497972727591,
    27.000876227425));
#4916 = CARTESIAN_POINT('',(9.394909198298,4.450163288977,
    27.024017228114));
#4917 = CARTESIAN_POINT('',(9.417851918334,3.952292826644,27.26170349362
    ));
#4918 = CARTESIAN_POINT('',(9.43450902344,3.491501598948,27.453798482212
    ));
#4919 = CARTESIAN_POINT('',(9.447645063669,3.021029151101,
    27.621544083228));
#4920 = CARTESIAN_POINT('',(9.457792074668,2.542233057511,
    27.763468420055));
#4921 = CARTESIAN_POINT('',(9.465423215116,2.056666329768,
    27.878326116001));
#4922 = CARTESIAN_POINT('',(9.470911505063,1.566072218563,
    27.965156729874));
#4923 = CARTESIAN_POINT('',(9.474499322371,1.072386294104,
    28.023356696036));
#4924 = CARTESIAN_POINT('',(9.476557684994,0.505585328422,
    28.057070840957));
#4925 = CARTESIAN_POINT('',(9.47678167438,0.433380438018,28.060751610594
    ));
#4926 = CARTESIAN_POINT('',(9.476967857172,0.361158447689,28.06381915855
    ));
#4927 = CARTESIAN_POINT('',(9.477116507007,0.288925323958,
    28.066273153322));
#4928 = CARTESIAN_POINT('',(9.47722783481,0.216687009762,28.068113440112
    ));
#4929 = CARTESIAN_POINT('',(9.477301988793,0.144449424456,
    28.069340040825));
#4930 = CARTESIAN_POINT('',(9.477339054453,7.221846380695E-02,
    28.069953154072));
#4931 = CARTESIAN_POINT('',(9.477339054575,1.7763568394E-15,
    28.069953155165));
#4932 = PCURVE('',#1093,#4933);
#4933 = DEFINITIONAL_REPRESENTATION('',(#4934),#5455);
#4934 = B_SPLINE_CURVE_WITH_KNOTS('',8,(#4935,#4936,#4937,#4938,#4939,
    #4940,#4941,#4942,#4943,#4944,#4945,#4946,#4947,#4948,#4949,#4950,
    #4951,#4952,#4953,#4954,#4955,#4956,#4957,#4958,#4959,#4960,#4961,
    #4962,#4963,#4964,#4965,#4966,#4967,#4968,#4969,#4970,#4971,#4972,
    #4973,#4974,#4975,#4976,#4977,#4978,#4979,#4980,#4981,#4982,#4983,
    #4984,#4985,#4986,#4987,#4988,#4989,#4990,#4991,#4992,#4993,#4994,
    #4995,#4996,#4997,#4998,#4999,#5000,#5001,#5002,#5003,#5004,#5005,
    #5006,#5007,#5008,#5009,#5010,#5011,#5012,#5013,#5014,#5015,#5016,
    #5017,#5018,#5019,#5020,#5021,#5022,#5023,#5024,#5025,#5026,#5027,
    #5028,#5029,#5030,#5031,#5032,#5033,#5034,#5035,#5036,#5037,#5038,
    #5039,#5040,#5041,#5042,#5043,#5044,#5045,#5046,#5047,#5048,#5049,
    #5050,#5051,#5052,#5053,#5054,#5055,#5056,#5057,#5058,#5059,#5060,
    #5061,#5062,#5063,#5064,#5065,#5066,#5067,#5068,#5069,#5070,#5071,
    #5072,#5073,#5074,#5075,#5076,#5077,#5078,#5079,#5080,#5081,#5082,
    #5083,#5084,#5085,#5086,#5087,#5088,#5089,#5090,#5091,#5092,#5093,
    #5094,#5095,#5096,#5097,#5098,#5099,#5100,#5101,#5102,#5103,#5104,
    #5105,#5106,#5107,#5108,#5109,#5110,#5111,#5112,#5113,#5114,#5115,
    #5116,#5117,#5118,#5119,#5120,#5121,#5122,#5123,#5124,#5125,#5126,
    #5127,#5128,#5129,#5130,#5131,#5132,#5133,#5134,#5135,#5136,#5137,
    #5138,#5139,#5140,#5141,#5142,#5143,#5144,#5145,#5146,#5147,#5148,
    #5149,#5150,#5151,#5152,#5153,#5154,#5155,#5156,#5157,#5158,#5159,
    #5160,#5161,#5162,#5163,#5164,#5165,#5166,#5167,#5168,#5169,#5170,
    #5171,#5172,#5173,#5174,#5175,#5176,#5177,#5178,#5179,#5180,#5181,
    #5182,#5183,#5184,#5185,#5186,#5187,#5188,#5189,#5190,#5191,#5192,
    #5193,#5194,#5195,#5196,#5197,#5198,#5199,#5200,#5201,#5202,#5203,
    #5204,#5205,#5206,#5207,#5208,#5209,#5210,#5211,#5212,#5213,#5214,
    #5215,#5216,#5217,#5218,#5219,#5220,#5221,#5222,#5223,#5224,#5225,
    #5226,#5227,#5228,#5229,#5230,#5231,#5232,#5233,#5234,#5235,#5236,
    #5237,#5238,#5239,#5240,#5241,#5242,#5243,#5244,#5245,#5246,#5247,
    #5248,#5249,#5250,#5251,#5252,#5253,#5254,#5255,#5256,#5257,#5258,
    #5259,#5260,#5261,#5262,#5263,#5264,#5265,#5266,#5267,#5268,#5269,
    #5270,#5271,#5272,#5273,#5274,#5275,#5276,#5277,#5278,#5279,#5280,
    #5281,#5282,#5283,#5284,#5285,#5286,#5287,#5288,#5289,#5290,#5291,
    #5292,#5293,#5294,#5295,#5296,#5297,#5298,#5299,#5300,#5301,#5302,
    #5303,#5304,#5305,#5306,#5307,#5308,#5309,#5310,#5311,#5312,#5313,
    #5314,#5315,#5316,#5317,#5318,#5319,#5320,#5321,#5322,#5323,#5324,
    #5325,#5326,#5327,#5328,#5329,#5330,#5331,#5332,#5333,#5334,#5335,
    #5336,#5337,#5338,#5339,#5340,#5341,#5342,#5343,#5344,#5345,#5346,
    #5347,#5348,#5349,#5350,#5351,#5352,#5353,#5354,#5355,#5356,#5357,
    #5358,#5359,#5360,#5361,#5362,#5363,#5364,#5365,#5366,#5367,#5368,
    #5369,#5370,#5371,#5372,#5373,#5374,#5375,#5376,#5377,#5378,#5379,
    #5380,#5381,#5382,#5383,#5384,#5385,#5386,#5387,#5388,#5389,#5390,
    #5391,#5392,#5393,#5394,#5395,#5396,#5397,#5398,#5399,#5400,#5401,
    #5402,#5403,#5404,#5405,#5406,#5407,#5408,#5409,#5410,#5411,#5412,
    #5413,#5414,#5415,#5416,#5417,#5418,#5419,#5420,#5421,#5422,#5423,
    #5424,#5425,#5426,#5427,#5428,#5429,#5430,#5431,#5432,#5433,#5434,
    #5435,#5436,#5437,#5438,#5439,#5440,#5441,#5442,#5443,#5444,#5445,
    #5446,#5447,#5448,#5449,#5450,#5451,#5452,#5453,#5454),
  .UNSPECIFIED.,.F.,.F.,(9,7,7,7,7,7,7,7,7,7,7,7,7,7,7,7,7,7,7,7,7,7,7,7
    ,7,7,7,7,7,7,7,7,7,7,7,7,7,7,7,7,7,7,7,7,7,7,7,7,7,7,7,7,7,7,7,7,7,7
    ,7,7,7,7,7,7,7,7,7,7,7,7,7,7,7,7,9),(0.,5.502405650759E-03,
    3.628621576431E-02,4.229034167734E-02,4.64759251749E-02,
    5.830665282379E-02,7.980881466448E-02,0.103855731336,0.127167709119,
    0.162052640527,0.17437788567,0.189779520051,0.208876885499,
    0.212289310648,0.223291945122,0.230921352863,0.235803013278,
    0.24729853643,0.265820026217,0.274795699231,0.276361056032,
    0.287542279929,0.290061278434,0.297705584897,0.315265421186,
    0.329720047262,0.351742684061,0.362544495666,0.367978460916,
    0.373411286768,0.396919289203,0.421084793256,0.44302227356,
    0.452318022732,0.454790719478,0.462903639885,0.474713185796,
    0.500442682169,0.526241737478,0.538036671055,0.543464742329,
    0.547268334885,0.557908707433,0.579842616658,0.604006748875,
    0.627422270994,0.632763039239,0.636815018797,0.649090539635,
    0.671111207193,0.685566848574,0.703220915693,0.708484055067,
    0.712471333663,0.725776943511,0.726845667083,0.734938597822,
    0.7535130793,0.764978727042,0.769849002945,0.777445823602,
    0.784913404271,0.78840908629,0.791810112795,0.810846448152,
    0.826200268151,0.838486401042,0.873261423121,0.896593691292,
    0.920473582106,0.941793261745,0.952001501686,0.956084033687,
    0.994407325114,1.),.UNSPECIFIED.);
#4935 = CARTESIAN_POINT('',(6.28318530715,7.568050572783E-02));
#4936 = CARTESIAN_POINT('',(6.280323512677,7.568050566578E-02));
#4937 = CARTESIAN_POINT('',(6.277465701167,7.563927904598E-02));
#4938 = CARTESIAN_POINT('',(6.274612080927,7.555680115197E-02));
#4939 = CARTESIAN_POINT('',(6.271762858867,7.543305598402E-02));
#4940 = CARTESIAN_POINT('',(6.268918240498,7.526803625918E-02));
#4941 = CARTESIAN_POINT('',(6.266078429929,7.506174341119E-02));
#4942 = CARTESIAN_POINT('',(6.263243629875,7.481418759056E-02));
#4943 = CARTESIAN_POINT('',(6.244583599531,7.29096667903E-02));
#4944 = CARTESIAN_POINT('',(6.228914113906,7.000279537308E-02));
#4945 = CARTESIAN_POINT('',(6.213443998143,6.580785115552E-02));
#4946 = CARTESIAN_POINT('',(6.198206107462,6.03376782716E-02));
#4947 = CARTESIAN_POINT('',(6.183227113331,5.361306444999E-02));
#4948 = CARTESIAN_POINT('',(6.168527226445,4.566115171285E-02));
#4949 = CARTESIAN_POINT('',(6.154120268264,3.651408056995E-02));
#4950 = CARTESIAN_POINT('',(6.137262798686,2.419772678959E-02));
#4951 = CARTESIAN_POINT('',(6.13452288724,2.214344446193E-02));
#4952 = CARTESIAN_POINT('',(6.131794399556,2.004527412933E-02));
#4953 = CARTESIAN_POINT('',(6.129077367938,1.790347009744E-02));
#4954 = CARTESIAN_POINT('',(6.126371814239,1.571828757337E-02));
#4955 = CARTESIAN_POINT('',(6.123677749861,1.348998266569E-02));
#4956 = CARTESIAN_POINT('',(6.120995175749,1.121881238441E-02));
#4957 = CARTESIAN_POINT('',(6.116462015587,7.291730260297E-03));
#4958 = CARTESIAN_POINT('',(6.114605525707,5.660031563781E-03));
#4959 = CARTESIAN_POINT('',(6.112754620283,4.000179102436E-03));
#4960 = CARTESIAN_POINT('',(6.110909270419,2.334034283908E-03));
#4961 = CARTESIAN_POINT('',(6.109069500653,6.319551409188E-04));
#4962 = CARTESIAN_POINT('',(6.107235276333,-1.084135851928E-03));
#4963 = CARTESIAN_POINT('',(6.105406587735,-2.81551709865E-03));
#4964 = CARTESIAN_POINT('',(6.098430168891,-9.512752805747E-03));
#4965 = CARTESIAN_POINT('',(6.09332105224,-1.459948550557E-02));
#4966 = CARTESIAN_POINT('',(6.088255721639,-1.982194629749E-02));
#4967 = CARTESIAN_POINT('',(6.083233699586,-2.517601047234E-02));
#4968 = CARTESIAN_POINT('',(6.078254383141,-3.06576110711E-02));
#4969 = CARTESIAN_POINT('',(6.073317043926,-3.626273888489E-02));
#4970 = CARTESIAN_POINT('',(6.068420828129,-4.198744245502E-02));
#4971 = CARTESIAN_POINT('',(6.054738927157,-5.844265082459E-02));
#4972 = CARTESIAN_POINT('',(6.046045815135,-6.943965636143E-02));
#4973 = CARTESIAN_POINT('',(6.03747954072,-8.079573241381E-02));
#4974 = CARTESIAN_POINT('',(6.029033161131,-9.248882031811E-02));
#4975 = CARTESIAN_POINT('',(6.02069875115,-0.104498080374));
#4976 = CARTESIAN_POINT('',(6.012467483745,-0.116804057201));
#4977 = CARTESIAN_POINT('',(6.004329710693,-0.129388845097));
#4978 = CARTESIAN_POINT('',(5.987267100307,-0.156604126732));
#4979 = CARTESIAN_POINT('',(5.978363289296,-0.171300154767));
#4980 = CARTESIAN_POINT('',(5.969548913802,-0.186301617968));
#4981 = CARTESIAN_POINT('',(5.960808406892,-0.201587990404));
#4982 = CARTESIAN_POINT('',(5.952125212809,-0.2171409362));
#4983 = CARTESIAN_POINT('',(5.943481668701,-0.232944305997));
#4984 = CARTESIAN_POINT('',(5.934858886352,-0.248984133401));
#4985 = CARTESIAN_POINT('',(5.917877878324,-0.281016041014));
#4986 = CARTESIAN_POINT('',(5.909519804495,-0.296994264463));
#4987 = CARTESIAN_POINT('',(5.901143815404,-0.313172515586));
#4988 = CARTESIAN_POINT('',(5.892730384006,-0.329541486726));
#4989 = CARTESIAN_POINT('',(5.884258666986,-0.346093283498));
#4990 = CARTESIAN_POINT('',(5.875706118493,-0.362821359502));
#4991 = CARTESIAN_POINT('',(5.867048103885,-0.379720451041));
#4992 = CARTESIAN_POINT('',(5.845102962326,-0.422324825057));
#4993 = CARTESIAN_POINT('',(5.831652364385,-0.448234718212));
#4994 = CARTESIAN_POINT('',(5.817814262494,-0.474504498634));
#4995 = CARTESIAN_POINT('',(5.803484110729,-0.501124982319));
#4996 = CARTESIAN_POINT('',(5.788542120324,-0.528089164751));
#4997 = CARTESIAN_POINT('',(5.772846367552,-0.555391142764));
#4998 = CARTESIAN_POINT('',(5.756221163569,-0.583024287445));
#4999 = CARTESIAN_POINT('',(5.732158694343,-0.620855285927));
#5000 = CARTESIAN_POINT('',(5.725732487719,-0.630771606907));
#5001 = CARTESIAN_POINT('',(5.719152428483,-0.64072711904));
#5002 = CARTESIAN_POINT('',(5.712407911124,-0.650721090838));
#5003 = CARTESIAN_POINT('',(5.705487362467,-0.660752571299));
#5004 = CARTESIAN_POINT('',(5.698378241669,-0.67082038991));
#5005 = CARTESIAN_POINT('',(5.691067040226,-0.680923156647));
#5006 = CARTESIAN_POINT('',(5.674132481026,-0.703725309347));
#5007 = CARTESIAN_POINT('',(5.664387394654,-0.716443163443));
#5008 = CARTESIAN_POINT('',(5.654275023888,-0.729209560058));
#5009 = CARTESIAN_POINT('',(5.643763635044,-0.742020311359));
#5010 = CARTESIAN_POINT('',(5.632818147193,-0.754870026613));
#5011 = CARTESIAN_POINT('',(5.621399519645,-0.767751832909));
#5012 = CARTESIAN_POINT('',(5.609464139427,-0.780657095892));
#5013 = CARTESIAN_POINT('',(5.581462699097,-0.809592892348));
#5014 = CARTESIAN_POINT('',(5.565093180086,-0.825629395915));
#5015 = CARTESIAN_POINT('',(5.547761858248,-0.841664347933));
#5016 = CARTESIAN_POINT('',(5.529363539948,-0.857671432126));
#5017 = CARTESIAN_POINT('',(5.509779954932,-0.873616254467));
#5018 = CARTESIAN_POINT('',(5.48887907986,-0.889454278442));
#5019 = CARTESIAN_POINT('',(5.466514461844,-0.90512876032));
#5020 = CARTESIAN_POINT('',(5.438237917575,-0.923327567532));
#5021 = CARTESIAN_POINT('',(5.433899460417,-0.926078929422));
#5022 = CARTESIAN_POINT('',(5.429508274428,-0.92882235343));
#5023 = CARTESIAN_POINT('',(5.425063445602,-0.931557411257));
#5024 = CARTESIAN_POINT('',(5.420564053325,-0.934283656491));
#5025 = CARTESIAN_POINT('',(5.416009174014,-0.937000622706));
#5026 = CARTESIAN_POINT('',(5.411397877057,-0.939707826159));
#5027 = CARTESIAN_POINT('',(5.391676148725,-0.951100512635));
#5028 = CARTESIAN_POINT('',(5.376026562072,-0.959689566549));
#5029 = CARTESIAN_POINT('',(5.359749264508,-0.968155301202));
#5030 = CARTESIAN_POINT('',(5.342812130493,-0.976478922711));
#5031 = CARTESIAN_POINT('',(5.325183196742,-0.984639496793));
#5032 = CARTESIAN_POINT('',(5.306831761408,-0.992613968671));
#5033 = CARTESIAN_POINT('',(5.287729483278,-1.000377182968));
#5034 = CARTESIAN_POINT('',(5.254067584551,-1.013119631211));
#5035 = CARTESIAN_POINT('',(5.239911279901,-1.01822283387));
#5036 = CARTESIAN_POINT('',(5.225373742839,-1.023202284018));
#5037 = CARTESIAN_POINT('',(5.210447712151,-1.028048471815));
#5038 = CARTESIAN_POINT('',(5.19512748958,-1.032751605154));
#5039 = CARTESIAN_POINT('',(5.179408939828,-1.037301609655));
#5040 = CARTESIAN_POINT('',(5.163289490556,-1.041688128672));
#5041 = CARTESIAN_POINT('',(5.136197090957,-1.04859584256));
#5042 = CARTESIAN_POINT('',(5.125461758076,-1.051219970714));
#5043 = CARTESIAN_POINT('',(5.114561991385,-1.05377014479));
#5044 = CARTESIAN_POINT('',(5.103498085161,-1.056243632345));
#5045 = CARTESIAN_POINT('',(5.092270770316,-1.058637731457));
#5046 = CARTESIAN_POINT('',(5.080881214393,-1.060949770722));
#5047 = CARTESIAN_POINT('',(5.069331021565,-1.063177109255));
#5048 = CARTESIAN_POINT('',(5.030049775368,-1.0703565624));
#5049 = CARTESIAN_POINT('',(5.001597915519,-1.074912214001));
#5050 = CARTESIAN_POINT('',(4.972293716195,-1.078950170616));
#5051 = CARTESIAN_POINT('',(4.942180541029,-1.082439164092));
#5052 = CARTESIAN_POINT('',(4.911317425085,-1.085351878469));
#5053 = CARTESIAN_POINT('',(4.879778445755,-1.087666249451));
#5054 = CARTESIAN_POINT('',(4.847652093669,-1.089366763874));
#5055 = CARTESIAN_POINT('',(4.762496697994,-1.092184066117));
#5056 = CARTESIAN_POINT('',(4.708682921969,-1.092309570826));
#5057 = CARTESIAN_POINT('',(4.654020339771,-1.09078607183));
#5058 = CARTESIAN_POINT('',(4.598999226832,-1.087632479553));
#5059 = CARTESIAN_POINT('',(4.544114576467,-1.082918226739));
#5060 = CARTESIAN_POINT('',(4.489818481657,-1.076753486763));
#5061 = CARTESIAN_POINT('',(4.436489431924,-1.069274199848));
#5062 = CARTESIAN_POINT('',(4.359184665184,-1.056429001504));
#5063 = CARTESIAN_POINT('',(4.334244788935,-1.051960451174));
#5064 = CARTESIAN_POINT('',(4.309631718345,-1.047232432395));
#5065 = CARTESIAN_POINT('',(4.285373033642,-1.04226140407));
#5066 = CARTESIAN_POINT('',(4.261491388751,-1.037063851634));
#5067 = CARTESIAN_POINT('',(4.238004826548,-1.031656030907));
#5068 = CARTESIAN_POINT('',(4.214927094132,-1.026053711945));
#5069 = CARTESIAN_POINT('',(4.188320026563,-1.019263580682));
#5070 = CARTESIAN_POINT('',(4.184357999126,-1.018250042251));
#5071 = CARTESIAN_POINT('',(4.180486522175,-1.017230364095));
#5072 = CARTESIAN_POINT('',(4.17657596876,-1.01620588916));
#5073 = CARTESIAN_POINT('',(4.17275087095,-1.015175482739));
#5074 = CARTESIAN_POINT('',(4.168918714583,-1.014140123339));
#5075 = CARTESIAN_POINT('',(4.165130195594,-1.013099395556));
#5076 = CARTESIAN_POINT('',(4.134475804627,-1.004583368295));
#5077 = CARTESIAN_POINT('',(4.109007293805,-0.996850973646));
#5078 = CARTESIAN_POINT('',(4.084873017605,-0.988885383817));
#5079 = CARTESIAN_POINT('',(4.06198787172,-0.980713731566));
#5080 = CARTESIAN_POINT('',(4.040269273337,-0.972361145042));
#5081 = CARTESIAN_POINT('',(4.019638235091,-0.963850604837));
#5082 = CARTESIAN_POINT('',(4.000020439018,-0.955202801044));
#5083 = CARTESIAN_POINT('',(3.977140455355,-0.94446093469));
#5084 = CARTESIAN_POINT('',(3.9729815339,-0.942479843124));
#5085 = CARTESIAN_POINT('',(3.968869770252,-0.940492933752));
#5086 = CARTESIAN_POINT('',(3.964804373612,-0.938500405543));
#5087 = CARTESIAN_POINT('',(3.960784570303,-0.936502453969));
#5088 = CARTESIAN_POINT('',(3.956809614965,-0.934499276586));
#5089 = CARTESIAN_POINT('',(3.952878780922,-0.932491068513));
#5090 = CARTESIAN_POINT('',(3.937194264091,-0.924369038258));
#5091 = CARTESIAN_POINT('',(3.925796714241,-0.918215448809));
#5092 = CARTESIAN_POINT('',(3.914778498467,-0.91202233672));
#5093 = CARTESIAN_POINT('',(3.904120482139,-0.905794422975));
#5094 = CARTESIAN_POINT('',(3.893804577686,-0.899536052286));
#5095 = CARTESIAN_POINT('',(3.883813744598,-0.893251193102));
#5096 = CARTESIAN_POINT('',(3.874131989426,-0.886943437602));
#5097 = CARTESIAN_POINT('',(3.843179959235,-0.866081163288));
#5098 = CARTESIAN_POINT('',(3.823167703811,-0.85144338729));
#5099 = CARTESIAN_POINT('',(3.804524631267,-0.836741383362));
#5100 = CARTESIAN_POINT('',(3.787094722475,-0.822006261646));
#5101 = CARTESIAN_POINT('',(3.770744982048,-0.807262608351));
#5102 = CARTESIAN_POINT('',(3.755361512989,-0.792529561336));
#5103 = CARTESIAN_POINT('',(3.740845591326,-0.777821885697));
#5104 = CARTESIAN_POINT('',(3.715802984828,-0.751074512444));
#5105 = CARTESIAN_POINT('',(3.705025367209,-0.739023310405));
#5106 = CARTESIAN_POINT('',(3.694728865448,-0.727003871889));
#5107 = CARTESIAN_POINT('',(3.68487121975,-0.71502143111));
#5108 = CARTESIAN_POINT('',(3.675415163416,-0.703080184835));
#5109 = CARTESIAN_POINT('',(3.666327653286,-0.691183449379));
#5110 = CARTESIAN_POINT('',(3.657579100189,-0.679333817598));
#5111 = CARTESIAN_POINT('',(3.636289146482,-0.649554397277));
#5112 = CARTESIAN_POINT('',(3.624160238377,-0.631690188048));
#5113 = CARTESIAN_POINT('',(3.612662102417,-0.613947376945));
#5114 = CARTESIAN_POINT('',(3.60171603886,-0.596330834736));
#5115 = CARTESIAN_POINT('',(3.591255838515,-0.578843990966));
#5116 = CARTESIAN_POINT('',(3.581225200395,-0.561489210698));
#5117 = CARTESIAN_POINT('',(3.571575149362,-0.54426817126));
#5118 = CARTESIAN_POINT('',(3.557693278833,-0.518801805738));
#5119 = CARTESIAN_POINT('',(3.553206106778,-0.510453955858));
#5120 = CARTESIAN_POINT('',(3.5487949094,-0.502138873479));
#5121 = CARTESIAN_POINT('',(3.544454939288,-0.493856753746));
#5122 = CARTESIAN_POINT('',(3.54018172983,-0.485607802816));
#5123 = CARTESIAN_POINT('',(3.535971095208,-0.477392237862));
#5124 = CARTESIAN_POINT('',(3.531819130403,-0.469210287071));
#5125 = CARTESIAN_POINT('',(3.525661203769,-0.456963204268));
#5126 = CARTESIAN_POINT('',(3.523614114363,-0.452872789194));
#5127 = CARTESIAN_POINT('',(3.521580475073,-0.448790976445));
#5128 = CARTESIAN_POINT('',(3.519559830957,-0.444717799996));
#5129 = CARTESIAN_POINT('',(3.517551740028,-0.440653295778));
#5130 = CARTESIAN_POINT('',(3.515555773254,-0.436597501677));
#5131 = CARTESIAN_POINT('',(3.513571514559,-0.432550457536));
#5132 = CARTESIAN_POINT('',(3.509626020701,-0.424474799515));
#5133 = CARTESIAN_POINT('',(3.507664767054,-0.420446158069));
#5134 = CARTESIAN_POINT('',(3.505714396812,-0.416426322393));
#5135 = CARTESIAN_POINT('',(3.503774517382,-0.412415336655));
#5136 = CARTESIAN_POINT('',(3.501844746647,-0.408413247615));
#5137 = CARTESIAN_POINT('',(3.499924712969,-0.404420104619));
#5138 = CARTESIAN_POINT('',(3.498014055186,-0.400435959601));
#5139 = CARTESIAN_POINT('',(3.487884018458,-0.379260521656));
#5140 = CARTESIAN_POINT('',(3.479824590421,-0.362229843835));
#5141 = CARTESIAN_POINT('',(3.471905672514,-0.345373018097));
#5142 = CARTESIAN_POINT('',(3.464101972605,-0.32869548461));
#5143 = CARTESIAN_POINT('',(3.456390896855,-0.312204007331));
#5144 = CARTESIAN_POINT('',(3.448752074159,-0.295906742097));
#5145 = CARTESIAN_POINT('',(3.44116688058,-0.279813304721));
#5146 = CARTESIAN_POINT('',(3.425857937713,-0.247612262908));
#5147 = CARTESIAN_POINT('',(3.418136438497,-0.231517211666));
#5148 = CARTESIAN_POINT('',(3.410434839314,-0.215661741957));
#5149 = CARTESIAN_POINT('',(3.402736240945,-0.200060128502));
#5150 = CARTESIAN_POINT('',(3.395025319669,-0.184728865884));
#5151 = CARTESIAN_POINT('',(3.387288175167,-0.169686670309));
#5152 = CARTESIAN_POINT('',(3.379512178414,-0.154954481354));
#5153 = CARTESIAN_POINT('',(3.364581052175,-0.127484005096));
#5154 = CARTESIAN_POINT('',(3.35743491822,-0.114687352534));
#5155 = CARTESIAN_POINT('',(3.350238921149,-0.102182789395));
#5156 = CARTESIAN_POINT('',(3.342985506695,-8.998943194663E-02));
#5157 = CARTESIAN_POINT('',(3.335668104191,-7.812804718898E-02));
#5158 = CARTESIAN_POINT('',(3.328281167883,-6.662087067612E-02));
#5159 = CARTESIAN_POINT('',(3.320820218236,-5.549142433579E-02));
#5160 = CARTESIAN_POINT('',(3.310087603197,-4.02188559424E-02));
#5161 = CARTESIAN_POINT('',(3.306879440498,-3.5745620647E-02));
#5162 = CARTESIAN_POINT('',(3.303657142645,-3.13465144719E-02));
#5163 = CARTESIAN_POINT('',(3.300420498241,-2.702344715042E-02));
#5164 = CARTESIAN_POINT('',(3.297169336995,-2.27783520812E-02));
#5165 = CARTESIAN_POINT('',(3.293903529722,-1.861318632818E-02));
#5166 = CARTESIAN_POINT('',(3.290622988344,-1.452993062057E-02));
#5167 = CARTESIAN_POINT('',(3.286451100565,-9.466751853122E-03));
#5168 = CARTESIAN_POINT('',(3.285573489496,-8.40885129246E-03));
#5169 = CARTESIAN_POINT('',(3.284694831844,-7.356925174908E-03));
#5170 = CARTESIAN_POINT('',(3.283815126992,-6.311011040749E-03));
#5171 = CARTESIAN_POINT('',(3.282934374539,-5.271146466575E-03));
#5172 = CARTESIAN_POINT('',(3.282052574306,-4.23736906529E-03));
#5173 = CARTESIAN_POINT('',(3.281169726332,-3.209716486105E-03));
#5174 = CARTESIAN_POINT('',(3.277385769026,1.162686944195E-03));
#5175 = CARTESIAN_POINT('',(3.274474437153,4.455279924217E-03));
#5176 = CARTESIAN_POINT('',(3.271551807725,7.643216725479E-03));
#5177 = CARTESIAN_POINT('',(3.268617967368,1.078686060861E-02));
#5178 = CARTESIAN_POINT('',(3.265672926734,1.382388598331E-02));
#5179 = CARTESIAN_POINT('',(3.262716812562,1.680039490998E-02));
#5180 = CARTESIAN_POINT('',(3.259749718385,1.968986979951E-02));
#5181 = CARTESIAN_POINT('',(3.252436988614,2.659423384007E-02));
#5182 = CARTESIAN_POINT('',(3.248079226498,3.051769248286E-02));
#5183 = CARTESIAN_POINT('',(3.243698949749,3.427005562431E-02));
#5184 = CARTESIAN_POINT('',(3.239296714693,3.784938865896E-02));
#5185 = CARTESIAN_POINT('',(3.234873192417,4.125381186221E-02));
#5186 = CARTESIAN_POINT('',(3.230429168763,4.448150039027E-02));
#5187 = CARTESIAN_POINT('',(3.225965544337,4.753068428019E-02));
#5188 = CARTESIAN_POINT('',(3.211717929162,5.665029137861E-02));
#5189 = CARTESIAN_POINT('',(3.20186372741,6.204597488641E-02));
#5190 = CARTESIAN_POINT('',(3.191931879775,6.65687269449E-02));
#5191 = CARTESIAN_POINT('',(3.181935290884,7.020351135406E-02));
#5192 = CARTESIAN_POINT('',(3.171888464525,7.293843478067E-02));
#5193 = CARTESIAN_POINT('',(3.161807299178,7.476509336019E-02));
#5194 = CARTESIAN_POINT('',(3.151708834005,7.567905886199E-02));
#5195 = CARTESIAN_POINT('',(3.131485757237,7.568195546458E-02));
#5196 = CARTESIAN_POINT('',(3.121359946312,7.47659461323E-02));
#5197 = CARTESIAN_POINT('',(3.111251531979,7.293229306518E-02));
#5198 = CARTESIAN_POINT('',(3.101177689675,7.018546338513E-02));
#5199 = CARTESIAN_POINT('',(3.091154442602,6.653394150399E-02));
#5200 = CARTESIAN_POINT('',(3.081196403816,6.198973714911E-02));
#5201 = CARTESIAN_POINT('',(3.071316568625,5.656803460246E-02));
#5202 = CARTESIAN_POINT('',(3.05705013097,4.741539217994E-02));
#5203 = CARTESIAN_POINT('',(3.052592673662,4.436407639765E-02));
#5204 = CARTESIAN_POINT('',(3.048154794301,4.113474671731E-02));
#5205 = CARTESIAN_POINT('',(3.043737387585,3.772916832739E-02));
#5206 = CARTESIAN_POINT('',(3.039341233958,3.414916069378E-02));
#5207 = CARTESIAN_POINT('',(3.034966999614,3.039659755981E-02));
#5208 = CARTESIAN_POINT('',(3.030615236496,2.647340694622E-02));
#5209 = CARTESIAN_POINT('',(3.024294228229,2.049848969189E-02));
#5210 = CARTESIAN_POINT('',(3.022306925103,1.857968471367E-02));
#5211 = CARTESIAN_POINT('',(3.02032451502,1.66253461881E-02));
#5212 = CARTESIAN_POINT('',(3.018347034789,1.463566403164E-02));
#5213 = CARTESIAN_POINT('',(3.016374515927,1.26108281056E-02));
#5214 = CARTESIAN_POINT('',(3.014406984661,1.055102821615E-02));
#5215 = CARTESIAN_POINT('',(3.012444461927,8.456454114339E-03));
#5216 = CARTESIAN_POINT('',(3.009115292587,4.835700415514E-03));
#5217 = CARTESIAN_POINT('',(3.00774609065,3.324874062932E-03));
#5218 = CARTESIAN_POINT('',(3.006379356042,1.803059948572E-03));
#5219 = CARTESIAN_POINT('',(3.005015104176,2.57184715575E-04));
#5220 = CARTESIAN_POINT('',(3.003653331424,-1.305219698366E-03));
#5221 = CARTESIAN_POINT('',(3.002294031946,-2.875402826529E-03));
#5222 = CARTESIAN_POINT('',(3.000937215827,-4.464466032216E-03));
#5223 = CARTESIAN_POINT('',(2.995794176004,-1.054858637499E-02));
#5224 = CARTESIAN_POINT('',(2.992024874804,-1.514284568315E-02));
#5225 = CARTESIAN_POINT('',(2.988274948065,-1.984624619415E-02));
#5226 = CARTESIAN_POINT('',(2.984544299336,-2.46558029126E-02));
#5227 = CARTESIAN_POINT('',(2.980832761047,-2.956856870584E-02));
#5228 = CARTESIAN_POINT('',(2.977140094511,-3.458163430383E-02));
#5229 = CARTESIAN_POINT('',(2.973465989922,-3.969212829925E-02));
#5230 = CARTESIAN_POINT('',(2.96227379828,-5.562691676457E-02));
#5231 = CARTESIAN_POINT('',(2.954814859811,-6.675861258212E-02));
#5232 = CARTESIAN_POINT('',(2.947429871252,-7.826769888976E-02));
#5233 = CARTESIAN_POINT('',(2.940114346814,-9.013067509817E-02));
#5234 = CARTESIAN_POINT('',(2.932862735756,-0.102325327366));
#5235 = CARTESIAN_POINT('',(2.925668463517,-0.114830910228));
#5236 = CARTESIAN_POINT('',(2.918523972853,-0.127628328221));
#5237 = CARTESIAN_POINT('',(2.903595294367,-0.15510144656));
#5238 = CARTESIAN_POINT('',(2.895820094798,-0.169835532725));
#5239 = CARTESIAN_POINT('',(2.88808364986,-0.184879430234));
#5240 = CARTESIAN_POINT('',(2.880373324432,-0.200212217747));
#5241 = CARTESIAN_POINT('',(2.872675212269,-0.215815196409));
#5242 = CARTESIAN_POINT('',(2.864973983591,-0.231671887904));
#5243 = CARTESIAN_POINT('',(2.857252732672,-0.24776803251));
#5244 = CARTESIAN_POINT('',(2.841973294635,-0.279909433069));
#5245 = CARTESIAN_POINT('',(2.834417644332,-0.295940480937));
#5246 = CARTESIAN_POINT('',(2.826808719056,-0.312173726704));
#5247 = CARTESIAN_POINT('',(2.819128108583,-0.328599670432));
#5248 = CARTESIAN_POINT('',(2.811355682041,-0.345210249562));
#5249 = CARTESIAN_POINT('',(2.803469122014,-0.361998772176));
#5250 = CARTESIAN_POINT('',(2.795443458651,-0.378959850261));
#5251 = CARTESIAN_POINT('',(2.785381918906,-0.399996339615));
#5252 = CARTESIAN_POINT('',(2.78350453597,-0.403912098273));
#5253 = CARTESIAN_POINT('',(2.781618122279,-0.407836557006));
#5254 = CARTESIAN_POINT('',(2.77972233541,-0.411769666286));
#5255 = CARTESIAN_POINT('',(2.777816823198,-0.415711379004));
#5256 = CARTESIAN_POINT('',(2.775901223743,-0.419661650466));
#5257 = CARTESIAN_POINT('',(2.773975165402,-0.423620438398));
#5258 = CARTESIAN_POINT('',(2.770568763821,-0.430597620977));
#5259 = CARTESIAN_POINT('',(2.769093014883,-0.433612429951));
#5260 = CARTESIAN_POINT('',(2.767610851535,-0.436632115096));
#5261 = CARTESIAN_POINT('',(2.766122103532,-0.439656658709));
#5262 = CARTESIAN_POINT('',(2.764626596969,-0.442686043649));
#5263 = CARTESIAN_POINT('',(2.763124153432,-0.445720254717));
#5264 = CARTESIAN_POINT('',(2.761614590194,-0.448759277912));
#5265 = CARTESIAN_POINT('',(2.755502383397,-0.461024389467));
#5266 = CARTESIAN_POINT('',(2.750839912207,-0.470289687433));
#5267 = CARTESIAN_POINT('',(2.746105238459,-0.479598618268));
#5268 = CARTESIAN_POINT('',(2.741292839167,-0.488950830753));
#5269 = CARTESIAN_POINT('',(2.73639673774,-0.498345995636));
#5270 = CARTESIAN_POINT('',(2.73141050399,-0.507783805638));
#5271 = CARTESIAN_POINT('',(2.72632725413,-0.517263975449));
#5272 = CARTESIAN_POINT('',(2.711833607438,-0.543867910656));
#5273 = CARTESIAN_POINT('',(2.702192016907,-0.561084693082));
#5274 = CARTESIAN_POINT('',(2.692170750528,-0.578435223875));
#5275 = CARTESIAN_POINT('',(2.681720949579,-0.595917831022));
#5276 = CARTESIAN_POINT('',(2.670786452275,-0.613530160716));
#5277 = CARTESIAN_POINT('',(2.659301220771,-0.631268802452));
#5278 = CARTESIAN_POINT('',(2.64718676817,-0.649128914104));
#5279 = CARTESIAN_POINT('',(2.625922418736,-0.678903616613));
#5280 = CARTESIAN_POINT('',(2.617183881788,-0.690752581109));
#5281 = CARTESIAN_POINT('',(2.608107133027,-0.702648725064));
#5282 = CARTESIAN_POINT('',(2.598662653784,-0.714589469112));
#5283 = CARTESIAN_POINT('',(2.588817480969,-0.726571513591));
#5284 = CARTESIAN_POINT('',(2.578534439664,-0.738590682169));
#5285 = CARTESIAN_POINT('',(2.567771375711,-0.750641765465));
#5286 = CARTESIAN_POINT('',(2.54269105223,-0.777466968023));
#5287 = CARTESIAN_POINT('',(2.528115187003,-0.79225306744));
#5288 = CARTESIAN_POINT('',(2.512664123512,-0.807065069909));
#5289 = CARTESIAN_POINT('',(2.496237753564,-0.821888029004));
#5290 = CARTESIAN_POINT('',(2.478720500357,-0.836702541069));
#5291 = CARTESIAN_POINT('',(2.459977288955,-0.851483641384));
#5292 = CARTESIAN_POINT('',(2.439849516759,-0.866199700337));
#5293 = CARTESIAN_POINT('',(2.411682110389,-0.885167417494));
#5294 = CARTESIAN_POINT('',(2.405073621456,-0.889514164563));
#5295 = CARTESIAN_POINT('',(2.398320657534,-0.893850497915));
#5296 = CARTESIAN_POINT('',(2.391418089358,-0.898175274267));
#5297 = CARTESIAN_POINT('',(2.384360558041,-0.902487269934));
#5298 = CARTESIAN_POINT('',(2.377142475075,-0.906785180829));
#5299 = CARTESIAN_POINT('',(2.369758022335,-0.911067622466));
#5300 = CARTESIAN_POINT('',(2.356476172551,-0.918564615889));
#5301 = CARTESIAN_POINT('',(2.350652229687,-0.921786377027));
#5302 = CARTESIAN_POINT('',(2.344726689008,-0.924997774278));
#5303 = CARTESIAN_POINT('',(2.338696834796,-0.928198136787));
#5304 = CARTESIAN_POINT('',(2.332559870091,-0.931386761931));
#5305 = CARTESIAN_POINT('',(2.326312916692,-0.934562915322));
#5306 = CARTESIAN_POINT('',(2.319953015153,-0.937725830804));
#5307 = CARTESIAN_POINT('',(2.291867210414,-0.951382618597));
#5308 = CARTESIAN_POINT('',(2.268964921437,-0.961733985271));
#5309 = CARTESIAN_POINT('',(2.24465864034,-0.971899675733));
#5310 = CARTESIAN_POINT('',(2.218824432796,-0.98184555106));
#5311 = CARTESIAN_POINT('',(2.19132872755,-0.99153284007));
#5312 = CARTESIAN_POINT('',(2.162030996307,-1.000918511249));
#5313 = CARTESIAN_POINT('',(2.130786433617,-1.009955644671));
#5314 = CARTESIAN_POINT('',(2.094770706362,-1.019287637314));
#5315 = CARTESIAN_POINT('',(2.092037215782,-1.019989197117));
#5316 = CARTESIAN_POINT('',(2.089247089238,-1.020701167555));
#5317 = CARTESIAN_POINT('',(2.086405951036,-1.021422442693));
#5318 = CARTESIAN_POINT('',(2.083529529122,-1.022148287349));
#5319 = CARTESIAN_POINT('',(2.080647058635,-1.022870498022));
#5320 = CARTESIAN_POINT('',(2.077804685464,-1.023577563808));
#5321 = CARTESIAN_POINT('',(2.054344939117,-1.029383322576));
#5322 = CARTESIAN_POINT('',(2.033283370221,-1.034358750315));
#5323 = CARTESIAN_POINT('',(2.011892282384,-1.039169427775));
#5324 = CARTESIAN_POINT('',(1.990182911546,-1.043803546181));
#5325 = CARTESIAN_POINT('',(1.968169610307,-1.048249170737));
#5326 = CARTESIAN_POINT('',(1.945869847931,-1.052494240633));
#5327 = CARTESIAN_POINT('',(1.923304210346,-1.056526569042));
#5328 = CARTESIAN_POINT('',(1.848149015728,-1.069072458061));
#5329 = CARTESIAN_POINT('',(1.794521042621,-1.076627484952));
#5330 = CARTESIAN_POINT('',(1.739907045175,-1.082854671278));
#5331 = CARTESIAN_POINT('',(1.684691238964,-1.087615204502));
#5332 = CARTESIAN_POINT('',(1.629333597552,-1.090796508454));
#5333 = CARTESIAN_POINT('',(1.574338374788,-1.092327687549));
#5334 = CARTESIAN_POINT('',(1.520205042629,-1.092189618833));
#5335 = CARTESIAN_POINT('',(1.434742907726,-1.089327049651));
#5336 = CARTESIAN_POINT('',(1.402611576158,-1.08761236247));
#5337 = CARTESIAN_POINT('',(1.37106994391,-1.085283417193));
#5338 = CARTESIAN_POINT('',(1.340206438017,-1.08235585883));
#5339 = CARTESIAN_POINT('',(1.310095006675,-1.078851883988));
#5340 = CARTESIAN_POINT('',(1.280794507478,-1.074798934357));
#5341 = CARTESIAN_POINT('',(1.252348095652,-1.070228390182));
#5342 = CARTESIAN_POINT('',(1.213073653945,-1.063027419616));
#5343 = CARTESIAN_POINT('',(1.20152365221,-1.06079325233));
#5344 = CARTESIAN_POINT('',(1.190134632099,-1.058474381521));
#5345 = CARTESIAN_POINT('',(1.178908181592,-1.056073456758));
#5346 = CARTESIAN_POINT('',(1.167845451652,-1.053593157545));
#5347 = CARTESIAN_POINT('',(1.156947156224,-1.051036193321));
#5348 = CARTESIAN_POINT('',(1.146213572232,-1.048405303459));
#5349 = CARTESIAN_POINT('',(1.119158428286,-1.041488556764));
#5350 = CARTESIAN_POINT('',(1.103073297044,-1.037100493828));
#5351 = CARTESIAN_POINT('',(1.087388077055,-1.032549668117));
#5352 = CARTESIAN_POINT('',(1.072100150499,-1.027846396226));
#5353 = CARTESIAN_POINT('',(1.05720535053,-1.023000711689));
#5354 = CARTESIAN_POINT('',(1.042697961284,-1.018022364975));
#5355 = CARTESIAN_POINT('',(1.028570717874,-1.012920823492));
#5356 = CARTESIAN_POINT('',(1.001292987518,-1.002578411456));
#5357 = CARTESIAN_POINT('',(0.988130737542,-0.997341236573));
#5358 = CARTESIAN_POINT('',(0.975319863671,-0.992002340675));
#5359 = CARTESIAN_POINT('',(0.962851743979,-0.986569863999));
#5360 = CARTESIAN_POINT('',(0.950717327399,-0.981051493276));
#5361 = CARTESIAN_POINT('',(0.938907133731,-0.975454461734));
#5362 = CARTESIAN_POINT('',(0.927411253635,-0.969785549101));
#5363 = CARTESIAN_POINT('',(0.910980305735,-0.96136669249));
#5364 = CARTESIAN_POINT('',(0.905807936844,-0.958667936655));
#5365 = CARTESIAN_POINT('',(0.900701215194,-0.955955461253));
#5366 = CARTESIAN_POINT('',(0.89565911483,-0.953229892312));
#5367 = CARTESIAN_POINT('',(0.890680610612,-0.950491834725));
#5368 = CARTESIAN_POINT('',(0.885764678209,-0.947741872251));
#5369 = CARTESIAN_POINT('',(0.880910294106,-0.944980567516));
#5370 = CARTESIAN_POINT('',(0.871452385696,-0.939511419316));
#5371 = CARTESIAN_POINT('',(0.866845626432,-0.936804150673));
#5372 = CARTESIAN_POINT('',(0.862295211606,-0.934087150118));
#5373 = CARTESIAN_POINT('',(0.857800210883,-0.931360899962));
#5374 = CARTESIAN_POINT('',(0.853359700854,-0.928625865139));
#5375 = CARTESIAN_POINT('',(0.848972762126,-0.925882491184));
#5376 = CARTESIAN_POINT('',(0.844638482427,-0.923131205825));
#5377 = CARTESIAN_POINT('',(0.8163855582,-0.904930828001));
#5378 = CARTESIAN_POINT('',(0.794038744156,-0.889255393958));
#5379 = CARTESIAN_POINT('',(0.773154084026,-0.873416998081));
#5380 = CARTESIAN_POINT('',(0.753585257607,-0.857472268717));
#5381 = CARTESIAN_POINT('',(0.735200379349,-0.841465648515));
#5382 = CARTESIAN_POINT('',(0.717881313638,-0.825431456369));
#5383 = CARTESIAN_POINT('',(0.701522990071,-0.80939594937));
#5384 = CARTESIAN_POINT('',(0.673538902323,-0.780461115406));
#5385 = CARTESIAN_POINT('',(0.661610117942,-0.767555753172));
#5386 = CARTESIAN_POINT('',(0.650197611622,-0.754673951612));
#5387 = CARTESIAN_POINT('',(0.639257810077,-0.74182432728));
#5388 = CARTESIAN_POINT('',(0.628751708492,-0.729013738514));
#5389 = CARTESIAN_POINT('',(0.618644258289,-0.716247564226));
#5390 = CARTESIAN_POINT('',(0.608903754919,-0.70352998269));
#5391 = CARTESIAN_POINT('',(0.591977405319,-0.680729097125));
#5392 = CARTESIAN_POINT('',(0.584669912666,-0.670627304862));
#5393 = CARTESIAN_POINT('',(0.577564287586,-0.66056047893));
#5394 = CARTESIAN_POINT('',(0.570647036406,-0.650530005768));
#5395 = CARTESIAN_POINT('',(0.56390563186,-0.64053705286));
#5396 = CARTESIAN_POINT('',(0.557328513089,-0.630582568742));
#5397 = CARTESIAN_POINT('',(0.550905085644,-0.620667282992));
#5398 = CARTESIAN_POINT('',(0.526852276558,-0.582839635121));
#5399 = CARTESIAN_POINT('',(0.510232943996,-0.555208857512));
#5400 = CARTESIAN_POINT('',(0.494542118377,-0.527909274494));
#5401 = CARTESIAN_POINT('',(0.479604266097,-0.500947503011));
#5402 = CARTESIAN_POINT('',(0.465277578414,-0.474329446132));
#5403 = CARTESIAN_POINT('',(0.451442356049,-0.448062116494));
#5404 = CARTESIAN_POINT('',(0.437994125325,-0.422154712907));
#5405 = CARTESIAN_POINT('',(0.416016719604,-0.37948576087));
#5406 = CARTESIAN_POINT('',(0.407325395752,-0.362520919071));
#5407 = CARTESIAN_POINT('',(0.398740092527,-0.345728524167));
#5408 = CARTESIAN_POINT('',(0.390235899803,-0.329113914592));
#5409 = CARTESIAN_POINT('',(0.3817900262,-0.312683734289));
#5410 = CARTESIAN_POINT('',(0.373381406196,-0.296445999221));
#5411 = CARTESIAN_POINT('',(0.364990307226,-0.280410163882));
#5412 = CARTESIAN_POINT('',(0.348008615475,-0.248392835397));
#5413 = CARTESIAN_POINT('',(0.33941815755,-0.232421803304));
#5414 = CARTESIAN_POINT('',(0.330806596075,-0.216685793535));
#5415 = CARTESIAN_POINT('',(0.322155283901,-0.201198656884));
#5416 = CARTESIAN_POINT('',(0.313446778532,-0.185976395943));
#5417 = CARTESIAN_POINT('',(0.304664726981,-0.171037168116));
#5418 = CARTESIAN_POINT('',(0.295793750625,-0.15640128864));
#5419 = CARTESIAN_POINT('',(0.278807088477,-0.129315379529));
#5420 = CARTESIAN_POINT('',(0.27071254419,-0.11679946894));
#5421 = CARTESIAN_POINT('',(0.262525480066,-0.104559445818));
#5422 = CARTESIAN_POINT('',(0.254236404294,-9.261293098239E-02));
#5423 = CARTESIAN_POINT('',(0.245836628712,-8.097906145055E-02));
#5424 = CARTESIAN_POINT('',(0.237318347133,-6.967832981093E-02));
#5425 = CARTESIAN_POINT('',(0.228674713669,-5.873242358909E-02));
#5426 = CARTESIAN_POINT('',(0.215698394714,-4.310374943823E-02));
#5427 = CARTESIAN_POINT('',(0.211466819623,-3.812998841839E-02));
#5428 = CARTESIAN_POINT('',(0.207204561188,-3.324529718922E-02));
#5429 = CARTESIAN_POINT('',(0.202911053805,-2.845222719044E-02));
#5430 = CARTESIAN_POINT('',(0.19858580086,-2.37533656689E-02));
#5431 = CARTESIAN_POINT('',(0.194228374735,-1.915133567861E-02));
#5432 = CARTESIAN_POINT('',(0.189838416803,-1.464879608076E-02));
#5433 = CARTESIAN_POINT('',(0.183646857623,-8.488341137802E-03));
#5434 = CARTESIAN_POINT('',(0.181872827605,-6.746264622014E-03));
#5435 = CARTESIAN_POINT('',(0.180093535696,-5.016447481294E-03));
#5436 = CARTESIAN_POINT('',(0.178308955858,-3.308563303448E-03));
#5437 = CARTESIAN_POINT('',(0.176519080921,-1.616319465048E-03));
#5438 = CARTESIAN_POINT('',(0.174723903833,6.465411323853E-05));
#5439 = CARTESIAN_POINT('',(0.17292340092,1.720929757468E-03));
#5440 = CARTESIAN_POINT('',(0.154165999069,1.87322503606E-02));
#5441 = CARTESIAN_POINT('',(0.136741185566,3.238083250876E-02));
#5442 = CARTESIAN_POINT('',(0.118841436332,4.423180217528E-02));
#5443 = CARTESIAN_POINT('',(0.100478623242,5.42161308994E-02));
#5444 = CARTESIAN_POINT('',(8.168087719856E-02,6.227237672061E-02));
#5445 = CARTESIAN_POINT('',(6.249353882615E-02,6.835145668598E-02));
#5446 = CARTESIAN_POINT('',(4.297881175651E-02,7.242245755604E-02));
#5447 = CARTESIAN_POINT('',(2.033028597976E-02,7.477991546159E-02));
#5448 = CARTESIAN_POINT('',(1.744056614206E-02,7.50372636886E-02));
#5449 = CARTESIAN_POINT('',(1.454561699358E-02,7.525171786711E-02));
#5450 = CARTESIAN_POINT('',(1.164565325694E-02,7.542326650733E-02));
#5451 = CARTESIAN_POINT('',(8.74089117274E-03,7.555190754344E-02));
#5452 = CARTESIAN_POINT('',(5.83154849958E-03,7.563764833354E-02));
#5453 = CARTESIAN_POINT('',(2.917844514071E-03,7.568050565967E-02));
#5454 = CARTESIAN_POINT('',(1.082493892438E-11,7.568050572785E-02));
#5455 = ( GEOMETRIC_REPRESENTATION_CONTEXT(2) 
PARAMETRIC_REPRESENTATION_CONTEXT() REPRESENTATION_CONTEXT('2D SPACE',''
  ) );
#5456 = PCURVE('',#5457,#5493);
#5457 = ( BOUNDED_SURFACE() B_SPLINE_SURFACE(2,2,(
    (#5458,#5459,#5460,#5461,#5462)
    ,(#5463,#5464,#5465,#5466,#5467)
    ,(#5468,#5469,#5470,#5471,#5472)
    ,(#5473,#5474,#5475,#5476,#5477)
    ,(#5478,#5479,#5480,#5481,#5482)
    ,(#5483,#5484,#5485,#5486,#5487)
    ,(#5488,#5489,#5490,#5491,#5492
)),.UNSPECIFIED.,.T.,.F.,.F.) B_SPLINE_SURFACE_WITH_KNOTS((1,2,2,2,2,1),
  (3,2,3),(-2.094395102393,0.,2.094395102393,4.188790204786,
    6.28318530718,8.377580409573),(-1.570796326795,0.,1.570796326795),
.UNSPECIFIED.) GEOMETRIC_REPRESENTATION_ITEM() RATIONAL_B_SPLINE_SURFACE
((
    (1.,0.707106781187,1.,0.707106781187,1.)
    ,(0.5,0.353553390593,0.5,0.353553390593,0.5)
    ,(1.,0.707106781187,1.,0.707106781187,1.)
    ,(0.5,0.353553390593,0.5,0.353553390593,0.5)
    ,(1.,0.707106781187,1.,0.707106781187,1.)
    ,(0.5,0.353553390593,0.5,0.353553390593,0.5)
,(1.,0.707106781187,1.,0.707106781187,1.
))) REPRESENTATION_ITEM('') SURFACE() );
#5458 = CARTESIAN_POINT('',(1.065442715258E-15,0.,-1.9));
#5459 = CARTESIAN_POINT('',(17.4,0.,-1.9));
#5460 = CARTESIAN_POINT('',(17.4,0.,14.4));
#5461 = CARTESIAN_POINT('',(17.4,0.,30.7));
#5462 = CARTESIAN_POINT('',(1.065442715258E-15,0.,30.7));
#5463 = CARTESIAN_POINT('',(1.065442715258E-15,1.431776572279E-15,-1.9)
  );
#5464 = CARTESIAN_POINT('',(17.4,23.38268590218,-1.9));
#5465 = CARTESIAN_POINT('',(17.4,23.38268590218,14.4));
#5466 = CARTESIAN_POINT('',(17.4,23.38268590218,30.7));
#5467 = CARTESIAN_POINT('',(1.065442715258E-15,1.431776572279E-15,30.7)
  );
#5468 = CARTESIAN_POINT('',(-5.327213576291E-16,7.158882861393E-16,-1.9)
  );
#5469 = CARTESIAN_POINT('',(-8.7,11.69134295109,-1.9));
#5470 = CARTESIAN_POINT('',(-8.7,11.69134295109,14.4));
#5471 = CARTESIAN_POINT('',(-8.7,11.69134295109,30.7));
#5472 = CARTESIAN_POINT('',(-5.327213576291E-16,7.158882861393E-16,30.7)
  );
#5473 = CARTESIAN_POINT('',(-2.130885430516E-15,2.024675706594E-31,-1.9)
  );
#5474 = CARTESIAN_POINT('',(-34.8,3.306546357698E-15,-1.9));
#5475 = CARTESIAN_POINT('',(-34.8,3.306546357698E-15,14.4));
#5476 = CARTESIAN_POINT('',(-34.8,3.306546357698E-15,30.7));
#5477 = CARTESIAN_POINT('',(-2.130885430516E-15,2.024675706594E-31,30.7)
  );
#5478 = CARTESIAN_POINT('',(-5.327213576291E-16,-7.158882861393E-16,-1.9
    ));
#5479 = CARTESIAN_POINT('',(-8.7,-11.69134295109,-1.9));
#5480 = CARTESIAN_POINT('',(-8.7,-11.69134295109,14.4));
#5481 = CARTESIAN_POINT('',(-8.7,-11.69134295109,30.7));
#5482 = CARTESIAN_POINT('',(-5.327213576291E-16,-7.158882861393E-16,30.7
    ));
#5483 = CARTESIAN_POINT('',(1.065442715258E-15,-1.431776572279E-15,-1.9)
  );
#5484 = CARTESIAN_POINT('',(17.4,-23.38268590218,-1.9));
#5485 = CARTESIAN_POINT('',(17.4,-23.38268590218,14.4));
#5486 = CARTESIAN_POINT('',(17.4,-23.38268590218,30.7));
#5487 = CARTESIAN_POINT('',(1.065442715258E-15,-1.431776572279E-15,30.7)
  );
#5488 = CARTESIAN_POINT('',(1.065442715258E-15,0.,-1.9));
#5489 = CARTESIAN_POINT('',(17.4,0.,-1.9));
#5490 = CARTESIAN_POINT('',(17.4,0.,14.4));
#5491 = CARTESIAN_POINT('',(17.4,0.,30.7));
#5492 = CARTESIAN_POINT('',(1.065442715258E-15,0.,30.7));
#5493 = DEFINITIONAL_REPRESENTATION('',(#5494),#6015);
#5494 = B_SPLINE_CURVE_WITH_KNOTS('',8,(#5495,#5496,#5497,#5498,#5499,
    #5500,#5501,#5502,#5503,#5504,#5505,#5506,#5507,#5508,#5509,#5510,
    #5511,#5512,#5513,#5514,#5515,#5516,#5517,#5518,#5519,#5520,#5521,
    #5522,#5523,#5524,#5525,#5526,#5527,#5528,#5529,#5530,#5531,#5532,
    #5533,#5534,#5535,#5536,#5537,#5538,#5539,#5540,#5541,#5542,#5543,
    #5544,#5545,#5546,#5547,#5548,#5549,#5550,#5551,#5552,#5553,#5554,
    #5555,#5556,#5557,#5558,#5559,#5560,#5561,#5562,#5563,#5564,#5565,
    #5566,#5567,#5568,#5569,#5570,#5571,#5572,#5573,#5574,#5575,#5576,
    #5577,#5578,#5579,#5580,#5581,#5582,#5583,#5584,#5585,#5586,#5587,
    #5588,#5589,#5590,#5591,#5592,#5593,#5594,#5595,#5596,#5597,#5598,
    #5599,#5600,#5601,#5602,#5603,#5604,#5605,#5606,#5607,#5608,#5609,
    #5610,#5611,#5612,#5613,#5614,#5615,#5616,#5617,#5618,#5619,#5620,
    #5621,#5622,#5623,#5624,#5625,#5626,#5627,#5628,#5629,#5630,#5631,
    #5632,#5633,#5634,#5635,#5636,#5637,#5638,#5639,#5640,#5641,#5642,
    #5643,#5644,#5645,#5646,#5647,#5648,#5649,#5650,#5651,#5652,#5653,
    #5654,#5655,#5656,#5657,#5658,#5659,#5660,#5661,#5662,#5663,#5664,
    #5665,#5666,#5667,#5668,#5669,#5670,#5671,#5672,#5673,#5674,#5675,
    #5676,#5677,#5678,#5679,#5680,#5681,#5682,#5683,#5684,#5685,#5686,
    #5687,#5688,#5689,#5690,#5691,#5692,#5693,#5694,#5695,#5696,#5697,
    #5698,#5699,#5700,#5701,#5702,#5703,#5704,#5705,#5706,#5707,#5708,
    #5709,#5710,#5711,#5712,#5713,#5714,#5715,#5716,#5717,#5718,#5719,
    #5720,#5721,#5722,#5723,#5724,#5725,#5726,#5727,#5728,#5729,#5730,
    #5731,#5732,#5733,#5734,#5735,#5736,#5737,#5738,#5739,#5740,#5741,
    #5742,#5743,#5744,#5745,#5746,#5747,#5748,#5749,#5750,#5751,#5752,
    #5753,#5754,#5755,#5756,#5757,#5758,#5759,#5760,#5761,#5762,#5763,
    #5764,#5765,#5766,#5767,#5768,#5769,#5770,#5771,#5772,#5773,#5774,
    #5775,#5776,#5777,#5778,#5779,#5780,#5781,#5782,#5783,#5784,#5785,
    #5786,#5787,#5788,#5789,#5790,#5791,#5792,#5793,#5794,#5795,#5796,
    #5797,#5798,#5799,#5800,#5801,#5802,#5803,#5804,#5805,#5806,#5807,
    #5808,#5809,#5810,#5811,#5812,#5813,#5814,#5815,#5816,#5817,#5818,
    #5819,#5820,#5821,#5822,#5823,#5824,#5825,#5826,#5827,#5828,#5829,
    #5830,#5831,#5832,#5833,#5834,#5835,#5836,#5837,#5838,#5839,#5840,
    #5841,#5842,#5843,#5844,#5845,#5846,#5847,#5848,#5849,#5850,#5851,
    #5852,#5853,#5854,#5855,#5856,#5857,#5858,#5859,#5860,#5861,#5862,
    #5863,#5864,#5865,#5866,#5867,#5868,#5869,#5870,#5871,#5872,#5873,
    #5874,#5875,#5876,#5877,#5878,#5879,#5880,#5881,#5882,#5883,#5884,
    #5885,#5886,#5887,#5888,#5889,#5890,#5891,#5892,#5893,#5894,#5895,
    #5896,#5897,#5898,#5899,#5900,#5901,#5902,#5903,#5904,#5905,#5906,
    #5907,#5908,#5909,#5910,#5911,#5912,#5913,#5914,#5915,#5916,#5917,
    #5918,#5919,#5920,#5921,#5922,#5923,#5924,#5925,#5926,#5927,#5928,
    #5929,#5930,#5931,#5932,#5933,#5934,#5935,#5936,#5937,#5938,#5939,
    #5940,#5941,#5942,#5943,#5944,#5945,#5946,#5947,#5948,#5949,#5950,
    #5951,#5952,#5953,#5954,#5955,#5956,#5957,#5958,#5959,#5960,#5961,
    #5962,#5963,#5964,#5965,#5966,#5967,#5968,#5969,#5970,#5971,#5972,
    #5973,#5974,#5975,#5976,#5977,#5978,#5979,#5980,#5981,#5982,#5983,
    #5984,#5985,#5986,#5987,#5988,#5989,#5990,#5991,#5992,#5993,#5994,
    #5995,#5996,#5997,#5998,#5999,#6000,#6001,#6002,#6003,#6004,#6005,
    #6006,#6007,#6008,#6009,#6010,#6011,#6012,#6013,#6014),
  .UNSPECIFIED.,.F.,.F.,(9,7,7,7,7,7,7,7,7,7,7,7,7,7,7,7,7,7,7,7,7,7,7,7
    ,7,7,7,7,7,7,7,7,7,7,7,7,7,7,7,7,7,7,7,7,7,7,7,7,7,7,7,7,7,7,7,7,7,7
    ,7,7,7,7,7,7,7,7,7,7,7,7,7,7,7,7,9),(0.,5.502405650759E-03,
    3.628621576431E-02,4.229034167734E-02,4.64759251749E-02,
    5.830665282379E-02,7.980881466448E-02,0.103855731336,0.127167709119,
    0.162052640527,0.17437788567,0.189779520051,0.208876885499,
    0.212289310648,0.223291945122,0.230921352863,0.235803013278,
    0.24729853643,0.265820026217,0.274795699231,0.276361056032,
    0.287542279929,0.290061278434,0.297705584897,0.315265421186,
    0.329720047262,0.351742684061,0.362544495666,0.367978460916,
    0.373411286768,0.396919289203,0.421084793256,0.44302227356,
    0.452318022732,0.454790719478,0.462903639885,0.474713185796,
    0.500442682169,0.526241737478,0.538036671055,0.543464742329,
    0.547268334885,0.557908707433,0.579842616658,0.604006748875,
    0.627422270994,0.632763039239,0.636815018797,0.649090539635,
    0.671111207193,0.685566848574,0.703220915693,0.708484055067,
    0.712471333663,0.725776943511,0.726845667083,0.734938597822,
    0.7535130793,0.764978727042,0.769849002945,0.777445823602,
    0.784913404271,0.78840908629,0.791810112795,0.810846448152,
    0.826200268151,0.838486401042,0.873261423121,0.896593691292,
    0.920473582106,0.941793261745,0.952001501686,0.956084033687,
    0.994407325114,1.),.UNSPECIFIED.);
#5495 = CARTESIAN_POINT('',(6.28318530718,0.984647575126));
#5496 = CARTESIAN_POINT('',(6.271537304409,0.984647575307));
#5497 = CARTESIAN_POINT('',(6.259961350653,0.984583899238));
#5498 = CARTESIAN_POINT('',(6.248459885996,0.984456509561));
#5499 = CARTESIAN_POINT('',(6.237035243845,0.984265424992));
#5500 = CARTESIAN_POINT('',(6.225689650927,0.984010720312));
#5501 = CARTESIAN_POINT('',(6.214425227288,0.983692526377));
#5502 = CARTESIAN_POINT('',(6.203243986299,0.983311030111));
#5503 = CARTESIAN_POINT('',(6.130069548575,0.98037922591));
#5504 = CARTESIAN_POINT('',(6.070643926787,0.975918559989));
#5505 = CARTESIAN_POINT('',(6.014222141018,0.969524217725));
#5506 = CARTESIAN_POINT('',(5.961011397628,0.961296267748));
#5507 = CARTESIAN_POINT('',(5.911079540264,0.951375787877));
#5508 = CARTESIAN_POINT('',(5.864375411372,0.939927043642));
#5509 = CARTESIAN_POINT('',(5.820764972541,0.927121163794));
#5510 = CARTESIAN_POINT('',(5.772148466557,0.910390780838));
#5511 = CARTESIAN_POINT('',(5.764324927428,0.907614784397));
#5512 = CARTESIAN_POINT('',(5.756611245616,0.904794531765));
#5513 = CARTESIAN_POINT('',(5.749006051722,0.901931215574));
#5514 = CARTESIAN_POINT('',(5.741507927647,0.899026012796));
#5515 = CARTESIAN_POINT('',(5.734115406593,0.896080084747));
#5516 = CARTESIAN_POINT('',(5.726826973059,0.893094577083));
#5517 = CARTESIAN_POINT('',(5.714631639758,0.887962564285));
#5518 = CARTESIAN_POINT('',(5.709672039491,0.885835818631));
#5519 = CARTESIAN_POINT('',(5.704761765779,0.883690776635));
#5520 = CARTESIAN_POINT('',(5.699900225344,0.881527787165));
#5521 = CARTESIAN_POINT('',(5.695086964809,0.879347259777));
#5522 = CARTESIAN_POINT('',(5.690321375048,0.877149532483));
#5523 = CARTESIAN_POINT('',(5.685602915816,0.874934968489));
#5524 = CARTESIAN_POINT('',(5.667725728818,0.866397801797));
#5525 = CARTESIAN_POINT('',(5.654892775768,0.859960003852));
#5526 = CARTESIAN_POINT('',(5.642419430349,0.853398577956));
#5527 = CARTESIAN_POINT('',(5.630292999757,0.84672117677));
#5528 = CARTESIAN_POINT('',(5.618500852744,0.839935061205));
#5529 = CARTESIAN_POINT('',(5.607030419612,0.833047100415));
#5530 = CARTESIAN_POINT('',(5.595869192218,0.826063771803));
#5531 = CARTESIAN_POINT('',(5.565258784793,0.806136802967));
#5532 = CARTESIAN_POINT('',(5.546493969915,0.792987557196));
#5533 = CARTESIAN_POINT('',(5.528636229428,0.77957988936));
#5534 = CARTESIAN_POINT('',(5.511615228697,0.765945960232));
#5535 = CARTESIAN_POINT('',(5.495364585718,0.752113976376));
#5536 = CARTESIAN_POINT('',(5.479822108477,0.738108540817));
#5537 = CARTESIAN_POINT('',(5.464930032302,0.723951003704));
#5538 = CARTESIAN_POINT('',(5.434648652486,0.693677269606));
#5539 = CARTESIAN_POINT('',(5.419409203326,0.677527941039));
#5540 = CARTESIAN_POINT('',(5.404841990007,0.661237528475));
#5541 = CARTESIAN_POINT('',(5.390879148884,0.644827835278));
#5542 = CARTESIAN_POINT('',(5.377459104901,0.628317289819));
#5543 = CARTESIAN_POINT('',(5.364525804092,0.611721468306));
#5544 = CARTESIAN_POINT('',(5.352027946074,0.595053617618));
#5545 = CARTESIAN_POINT('',(5.328178601583,0.562107989401));
#5546 = CARTESIAN_POINT('',(5.316803962836,0.545834171827));
#5547 = CARTESIAN_POINT('',(5.305751262262,0.529514053482));
#5548 = CARTESIAN_POINT('',(5.294981199585,0.513156744967));
#5549 = CARTESIAN_POINT('',(5.284457649203,0.496770397322));
#5550 = CARTESIAN_POINT('',(5.274147097084,0.480362459928));
#5551 = CARTESIAN_POINT('',(5.264018077678,0.463939938407));
#5552 = CARTESIAN_POINT('',(5.239109971786,0.422922737045));
#5553 = CARTESIAN_POINT('',(5.224520051209,0.39832061377));
#5554 = CARTESIAN_POINT('',(5.210169574652,0.373724209447));
#5555 = CARTESIAN_POINT('',(5.195967046317,0.349156766862));
#5556 = CARTESIAN_POINT('',(5.181827283095,0.324645166279));
#5557 = CARTESIAN_POINT('',(5.167668252351,0.300221567815));
#5558 = CARTESIAN_POINT('',(5.153408213444,0.27592537475));
#5559 = CARTESIAN_POINT('',(5.133859565964,0.243283689494));
#5560 = CARTESIAN_POINT('',(5.12873302151,0.234784190674));
#5561 = CARTESIAN_POINT('',(5.123579917975,0.22630926066));
#5562 = CARTESIAN_POINT('',(5.118396627174,0.217861400249));
#5563 = CARTESIAN_POINT('',(5.113179504381,0.209443371689));
#5564 = CARTESIAN_POINT('',(5.10792488833,0.201058198669));
#5565 = CARTESIAN_POINT('',(5.102629101219,0.192709166329));
#5566 = CARTESIAN_POINT('',(5.090614756146,0.174016470316));
#5567 = CARTESIAN_POINT('',(5.083871074028,0.16369528603));
#5568 = CARTESIAN_POINT('',(5.077050080443,0.153443161678));
#5569 = CARTESIAN_POINT('',(5.070144486394,0.1432679416));
#5570 = CARTESIAN_POINT('',(5.063147012695,0.133178474097));
#5571 = CARTESIAN_POINT('',(5.056050366873,0.12318466434));
#5572 = CARTESIAN_POINT('',(5.048847220069,0.11329752727));
#5573 = CARTESIAN_POINT('',(5.03245738511,9.141697340931E-02));
#5574 = CARTESIAN_POINT('',(5.023210039437,7.948827957888E-02));
#5575 = CARTESIAN_POINT('',(5.013773817037,6.776574255142E-02));
#5576 = CARTESIAN_POINT('',(5.004134990187,5.627607939383E-02));
#5577 = CARTESIAN_POINT('',(4.994280643613,4.505001631291E-02));
#5578 = CARTESIAN_POINT('',(4.984198884774,3.412216426058E-02));
#5579 = CARTESIAN_POINT('',(4.97387905415,2.35308945392E-02));
#5580 = CARTESIAN_POINT('',(4.961423745092,1.149325001651E-02));
#5581 = CARTESIAN_POINT('',(4.959527678045,9.680833195671E-03));
#5582 = CARTESIAN_POINT('',(4.957623689088,7.880083021896E-03));
#5583 = CARTESIAN_POINT('',(4.955711732153,6.092127575099E-03));
#5584 = CARTESIAN_POINT('',(4.953791764862,4.317562943925E-03));
#5585 = CARTESIAN_POINT('',(4.951863749708,2.555826626125E-03));
#5586 = CARTESIAN_POINT('',(4.949927651959,8.064853229403E-04));
#5587 = CARTESIAN_POINT('',(4.941714721452,-6.517483410548E-03));
#5588 = CARTESIAN_POINT('',(4.935361601247,-1.193925748591E-02));
#5589 = CARTESIAN_POINT('',(4.928922951055,-1.718670775312E-02));
#5590 = CARTESIAN_POINT('',(4.922398031049,-2.22532992884E-02));
#5591 = CARTESIAN_POINT('',(4.91578653665,-2.713222689594E-02));
#5592 = CARTESIAN_POINT('',(4.909088650998,-3.181650241416E-02));
#5593 = CARTESIAN_POINT('',(4.902305097434,-3.629904202193E-02));
#5594 = CARTESIAN_POINT('',(4.890674867722,-4.353620595679E-02));
#5595 = CARTESIAN_POINT('',(4.885871999892,-4.639927918416E-02));
#5596 = CARTESIAN_POINT('',(4.881029027812,-4.915956046619E-02));
#5597 = CARTESIAN_POINT('',(4.876146541606,-5.181468307004E-02));
#5598 = CARTESIAN_POINT('',(4.87122528219,-5.436232629077E-02));
#5599 = CARTESIAN_POINT('',(4.866266141274,-5.680021545134E-02));
#5600 = CARTESIAN_POINT('',(4.861270161365,-5.912612190264E-02));
#5601 = CARTESIAN_POINT('',(4.853019063865,-6.275304762924E-02));
#5602 = CARTESIAN_POINT('',(4.849784998057,-6.412151121306E-02));
#5603 = CARTESIAN_POINT('',(4.84653665332,-6.544269009232E-02));
#5604 = CARTESIAN_POINT('',(4.843274368171,-6.671604183684E-02));
#5605 = CARTESIAN_POINT('',(4.839998504654,-6.794104526888E-02));
#5606 = CARTESIAN_POINT('',(4.836709448342,-6.91172004631E-02));
#5607 = CARTESIAN_POINT('',(4.833407608338,-7.024402874662E-02));
#5608 = CARTESIAN_POINT('',(4.82228903231,-7.38573420992E-02));
#5609 = CARTESIAN_POINT('',(4.814415900746,-7.611763912953E-02));
#5610 = CARTESIAN_POINT('',(4.806479985769,-7.809592926964E-02));
#5611 = CARTESIAN_POINT('',(4.798487594823,-7.97871356698E-02));
#5612 = CARTESIAN_POINT('',(4.790445390402,-8.118718335995E-02));
#5613 = CARTESIAN_POINT('',(4.782360400827,-8.229304345895E-02));
#5614 = CARTESIAN_POINT('',(4.774240031036,-8.310277738372E-02));
#5615 = CARTESIAN_POINT('',(4.752964150948,-8.444181347221E-02));
#5616 = CARTESIAN_POINT('',(4.739762009513,-8.449739115908E-02));
#5617 = CARTESIAN_POINT('',(4.72651977221,-8.377844748594E-02));
#5618 = CARTESIAN_POINT('',(4.713268862595,-8.228962335045E-02));
#5619 = CARTESIAN_POINT('',(4.700038607039,-8.004233336974E-02));
#5620 = CARTESIAN_POINT('',(4.686856653669,-7.705362853098E-02));
#5621 = CARTESIAN_POINT('',(4.673749207834,-7.334565530342E-02));
#5622 = CARTESIAN_POINT('',(4.654437236704,-6.681345907539E-02));
#5623 = CARTESIAN_POINT('',(4.648156290532,-6.451855067675E-02));
#5624 = CARTESIAN_POINT('',(4.641900839756,-6.206396972981E-02));
#5625 = CARTESIAN_POINT('',(4.63567325897,-5.945288749957E-02));
#5626 = CARTESIAN_POINT('',(4.629475707657,-5.668862955374E-02));
#5627 = CARTESIAN_POINT('',(4.623310134655,-5.377464251388E-02));
#5628 = CARTESIAN_POINT('',(4.617178282635,-5.071446080652E-02));
#5629 = CARTESIAN_POINT('',(4.610018447694,-4.695310742863E-02));
#5630 = CARTESIAN_POINT('',(4.608956549312,-4.639034919218E-02));
#5631 = CARTESIAN_POINT('',(4.607894928511,-4.582285032689E-02));
#5632 = CARTESIAN_POINT('',(4.606834931873,-4.525132853412E-02));
#5633 = CARTESIAN_POINT('',(4.605775287852,-4.467513054716E-02));
#5634 = CARTESIAN_POINT('',(4.604716958923,-4.409477301088E-02));
#5635 = CARTESIAN_POINT('',(4.603659434051,-4.351000160218E-02));
#5636 = CARTESIAN_POINT('',(4.595056412515,-3.871335321423E-02));
#5637 = CARTESIAN_POINT('',(4.587559738347,-3.428585242827E-02));
#5638 = CARTESIAN_POINT('',(4.580117309297,-2.964564139359E-02));
#5639 = CARTESIAN_POINT('',(4.572732645057,-2.480008403404E-02));
#5640 = CARTESIAN_POINT('',(4.565408441796,-1.975656901495E-02));
#5641 = CARTESIAN_POINT('',(4.558146629363,-1.452237044091E-02));
#5642 = CARTESIAN_POINT('',(4.550948428477,-9.104508553526E-03));
#5643 = CARTESIAN_POINT('',(4.542207196573,-2.249025755282E-03));
#5644 = CARTESIAN_POINT('',(4.540603243331,-9.803004461919E-04));
#5645 = CARTESIAN_POINT('',(4.539002560817,2.993755629911E-04));
#5646 = CARTESIAN_POINT('',(4.537405149199,1.586993814825E-03));
#5647 = CARTESIAN_POINT('',(4.535811008756,2.880351099313E-03));
#5648 = CARTESIAN_POINT('',(4.534220144334,4.180391615053E-03));
#5649 = CARTESIAN_POINT('',(4.532632561658,5.489267521755E-03));
#5650 = CARTESIAN_POINT('',(4.526240420693,1.07949264401E-02));
#5651 = CARTESIAN_POINT('',(4.521462796524,1.485035671551E-02));
#5652 = CARTESIAN_POINT('',(4.516715362051,1.89675359093E-02));
#5653 = CARTESIAN_POINT('',(4.511998010094,2.314369724524E-02));
#5654 = CARTESIAN_POINT('',(4.507310547279,2.737617997191E-02));
#5655 = CARTESIAN_POINT('',(4.502652694029,3.166242936269E-02));
#5656 = CARTESIAN_POINT('',(4.498024084574,3.599999671574E-02));
#5657 = CARTESIAN_POINT('',(4.482857967439,5.046292747856E-02));
#5658 = CARTESIAN_POINT('',(4.472444096411,6.079739456216E-02));
#5659 = CARTESIAN_POINT('',(4.462176798681,7.136205074033E-02));
#5660 = CARTESIAN_POINT('',(4.452049082868,8.213158337468E-02));
#5661 = CARTESIAN_POINT('',(4.442052908252,9.308324705212E-02));
#5662 = CARTESIAN_POINT('',(4.432179271646,0.104196853584));
#5663 = CARTESIAN_POINT('',(4.422418294265,0.115454762005));
#5664 = CARTESIAN_POINT('',(4.404808373603,0.136215322505));
#5665 = CARTESIAN_POINT('',(4.396926821031,0.145675973046));
#5666 = CARTESIAN_POINT('',(4.389108808925,0.155215198459));
#5667 = CARTESIAN_POINT('',(4.381348384114,0.164825174981));
#5668 = CARTESIAN_POINT('',(4.373639460894,0.174498837659));
#5669 = CARTESIAN_POINT('',(4.365975799702,0.184229841183));
#5670 = CARTESIAN_POINT('',(4.358350985804,0.194012520727));
#5671 = CARTESIAN_POINT('',(4.339190576962,0.218817535813));
#5672 = CARTESIAN_POINT('',(4.327697994746,0.233900967713));
#5673 = CARTESIAN_POINT('',(4.316257110252,0.249074564649));
#5674 = CARTESIAN_POINT('',(4.304844136253,0.264323119999));
#5675 = CARTESIAN_POINT('',(4.293434696911,0.279633563743));
#5676 = CARTESIAN_POINT('',(4.282003475312,0.294994721858));
#5677 = CARTESIAN_POINT('',(4.270523861009,0.310397075722));
#5678 = CARTESIAN_POINT('',(4.253299408621,0.33340340819));
#5679 = CARTESIAN_POINT('',(4.247612812697,0.340982173157));
#5680 = CARTESIAN_POINT('',(4.241904530863,0.348567832752));
#5681 = CARTESIAN_POINT('',(4.236171179556,0.356159448737));
#5682 = CARTESIAN_POINT('',(4.230409270573,0.363756128287));
#5683 = CARTESIAN_POINT('',(4.224615211077,0.371357023988));
#5684 = CARTESIAN_POINT('',(4.218785303593,0.378961333839));
#5685 = CARTESIAN_POINT('',(4.209962999267,0.390395065102));
#5686 = CARTESIAN_POINT('',(4.207000213134,0.394222497935));
#5687 = CARTESIAN_POINT('',(4.204026901291,0.39805050166));
#5688 = CARTESIAN_POINT('',(4.201042568233,0.401878979545));
#5689 = CARTESIAN_POINT('',(4.198046709263,0.405707836223));
#5690 = CARTESIAN_POINT('',(4.195038810496,0.409536977686));
#5691 = CARTESIAN_POINT('',(4.192018348861,0.413366311287));
#5692 = CARTESIAN_POINT('',(4.185951333559,0.421024377235));
#5693 = CARTESIAN_POINT('',(4.182914780436,0.424853131939));
#5694 = CARTESIAN_POINT('',(4.179874709106,0.428681919003));
#5695 = CARTESIAN_POINT('',(4.176830689052,0.432510648012));
#5696 = CARTESIAN_POINT('',(4.173782282854,0.436339228978));
#5697 = CARTESIAN_POINT('',(4.170729046193,0.440167572347));
#5698 = CARTESIAN_POINT('',(4.167670527846,0.443995588995));
#5699 = CARTESIAN_POINT('',(4.151347158191,0.464385332368));
#5700 = CARTESIAN_POINT('',(4.137980904442,0.480939538677));
#5701 = CARTESIAN_POINT('',(4.124471091958,0.497478797515));
#5702 = CARTESIAN_POINT('',(4.110780734376,0.513995905001));
#5703 = CARTESIAN_POINT('',(4.096871845494,0.530483195708));
#5704 = CARTESIAN_POINT('',(4.082705009304,0.546932273357));
#5705 = CARTESIAN_POINT('',(4.068238950027,0.563333741518));
#5706 = CARTESIAN_POINT('',(4.038207092733,0.596477217435));
#5707 = CARTESIAN_POINT('',(4.022622089141,0.61321558204));
#5708 = CARTESIAN_POINT('',(4.006628015825,0.629880328626));
#5709 = CARTESIAN_POINT('',(3.990175430018,0.646457907048));
#5710 = CARTESIAN_POINT('',(3.973212477761,0.662932379276));
#5711 = CARTESIAN_POINT('',(3.955684849937,0.679284882164));
#5712 = CARTESIAN_POINT('',(3.937535738302,0.695493090218));
#5713 = CARTESIAN_POINT('',(3.901612032284,0.726089617621));
#5714 = CARTESIAN_POINT('',(3.88395735202,0.740507650983));
#5715 = CARTESIAN_POINT('',(3.865698157016,0.754764997482));
#5716 = CARTESIAN_POINT('',(3.846789071416,0.768838729179));
#5717 = CARTESIAN_POINT('',(3.827184150227,0.782702384442));
#5718 = CARTESIAN_POINT('',(3.806838092333,0.796325581216));
#5719 = CARTESIAN_POINT('',(3.7857074535,0.809673630293));
#5720 = CARTESIAN_POINT('',(3.754448442324,0.828229951346));
#5721 = CARTESIAN_POINT('',(3.744997033097,0.833696270879));
#5722 = CARTESIAN_POINT('',(3.735394536615,0.839103108418));
#5723 = CARTESIAN_POINT('',(3.725638069291,0.844447315295));
#5724 = CARTESIAN_POINT('',(3.715724959046,0.849725592937));
#5725 = CARTESIAN_POINT('',(3.705652745311,0.854934492874));
#5726 = CARTESIAN_POINT('',(3.695419179029,0.860070416733));
#5727 = CARTESIAN_POINT('',(3.682256608088,0.866475378532));
#5728 = CARTESIAN_POINT('',(3.679479437063,0.867815712228));
#5729 = CARTESIAN_POINT('',(3.676690672853,0.869150546854));
#5730 = CARTESIAN_POINT('',(3.673890280366,0.870479811242));
#5731 = CARTESIAN_POINT('',(3.671078226139,0.871803433522));
#5732 = CARTESIAN_POINT('',(3.668254478343,0.873121341129));
#5733 = CARTESIAN_POINT('',(3.665419006778,0.874433460801));
#5734 = CARTESIAN_POINT('',(3.653230038608,0.880025551596));
#5735 = CARTESIAN_POINT('',(3.643761801717,0.884248272905));
#5736 = CARTESIAN_POINT('',(3.634165949355,0.888405324671));
#5737 = CARTESIAN_POINT('',(3.624441847674,0.892493939722));
#5738 = CARTESIAN_POINT('',(3.614588765946,0.896511428901));
#5739 = CARTESIAN_POINT('',(3.604606518756,0.900454903041));
#5740 = CARTESIAN_POINT('',(3.594495014979,0.904321503863));
#5741 = CARTESIAN_POINT('',(3.569348018237,0.913620436598));
#5742 = CARTESIAN_POINT('',(3.554168454841,0.918963614799));
#5743 = CARTESIAN_POINT('',(3.538716454495,0.924128543118));
#5744 = CARTESIAN_POINT('',(3.522994305364,0.929105929198));
#5745 = CARTESIAN_POINT('',(3.507006012443,0.933886461871));
#5746 = CARTESIAN_POINT('',(3.490757297552,0.93846081116));
#5747 = CARTESIAN_POINT('',(3.474255599337,0.942819628273));
#5748 = CARTESIAN_POINT('',(3.421026717705,0.95596031538));
#5749 = CARTESIAN_POINT('',(3.383384911612,0.963900683307));
#5750 = CARTESIAN_POINT('',(3.344684606746,0.97068024304));
#5751 = CARTESIAN_POINT('',(3.305067374311,0.976209390607));
#5752 = CARTESIAN_POINT('',(3.264720083056,0.980412254764));
#5753 = CARTESIAN_POINT('',(3.223869429405,0.983233827721));
#5754 = CARTESIAN_POINT('',(3.182767319623,0.984645296238));
#5755 = CARTESIAN_POINT('',(3.100455775383,0.984649769975));
#5756 = CARTESIAN_POINT('',(3.059241870172,0.98323514577));
#5757 = CARTESIAN_POINT('',(3.018280791235,0.980402718563));
#5758 = CARTESIAN_POINT('',(2.977826522332,0.976181553523));
#5759 = CARTESIAN_POINT('',(2.938107535927,0.970627192816));
#5760 = CARTESIAN_POINT('',(2.899311990919,0.963816252847));
#5761 = CARTESIAN_POINT('',(2.861582220293,0.955839188815));
#5762 = CARTESIAN_POINT('',(2.80830205837,0.942654724241));
#5763 = CARTESIAN_POINT('',(2.791829108807,0.938294146687));
#5764 = CARTESIAN_POINT('',(2.775608733707,0.933718831203));
#5765 = CARTESIAN_POINT('',(2.759648300736,0.928938094442));
#5766 = CARTESIAN_POINT('',(2.743953471544,0.923961232446));
#5767 = CARTESIAN_POINT('',(2.728528201769,0.91879752065));
#5768 = CARTESIAN_POINT('',(2.713374741031,0.913456213877));
#5769 = CARTESIAN_POINT('',(2.691645331959,0.905410952143));
#5770 = CARTESIAN_POINT('',(2.684854762684,0.902839667135));
#5771 = CARTESIAN_POINT('',(2.678122001461,0.900233573168));
#5772 = CARTESIAN_POINT('',(2.671447069437,0.897593540058));
#5773 = CARTESIAN_POINT('',(2.664829932553,0.894920425581));
#5774 = CARTESIAN_POINT('',(2.658270501547,0.892215075478));
#5775 = CARTESIAN_POINT('',(2.651768631953,0.889478323454));
#5776 = CARTESIAN_POINT('',(2.640808289226,0.884771848075));
#5777 = CARTESIAN_POINT('',(2.636320628664,0.882817691465));
#5778 = CARTESIAN_POINT('',(2.631861054093,0.880848793039));
#5779 = CARTESIAN_POINT('',(2.627429524445,0.878865447786));
#5780 = CARTESIAN_POINT('',(2.623025930061,0.876867921145));
#5781 = CARTESIAN_POINT('',(2.618650147986,0.874856473303));
#5782 = CARTESIAN_POINT('',(2.614302101273,0.872831385573));
#5783 = CARTESIAN_POINT('',(2.597895358828,0.865090387106));
#5784 = CARTESIAN_POINT('',(2.586025219005,0.859283126007));
#5785 = CARTESIAN_POINT('',(2.574368462936,0.853376907555));
#5786 = CARTESIAN_POINT('',(2.562921934861,0.847377252429));
#5787 = CARTESIAN_POINT('',(2.551682096026,0.841289424954));
#5788 = CARTESIAN_POINT('',(2.540645024677,0.8351184331));
#5789 = CARTESIAN_POINT('',(2.529806416064,0.828869028481));
#5790 = CARTESIAN_POINT('',(2.497218500783,0.809510906743));
#5791 = CARTESIAN_POINT('',(2.476099737278,0.796162044985));
#5792 = CARTESIAN_POINT('',(2.45576490564,0.782538448486));
#5793 = CARTESIAN_POINT('',(2.436170565623,0.76867475592));
#5794 = CARTESIAN_POINT('',(2.417271432093,0.754601303951));
#5795 = CARTESIAN_POINT('',(2.399021584118,0.740344513977));
#5796 = CARTESIAN_POINT('',(2.38137567405,0.725927278852));
#5797 = CARTESIAN_POINT('',(2.34546725126,0.695331173634));
#5798 = CARTESIAN_POINT('',(2.327324679958,0.679122598298));
#5799 = CARTESIAN_POINT('',(2.30980309319,0.662769916731));
#5800 = CARTESIAN_POINT('',(2.292845706774,0.646295427397));
#5801 = CARTESIAN_POINT('',(2.276398236708,0.629717970837));
#5802 = CARTESIAN_POINT('',(2.260408854022,0.613053466391));
#5803 = CARTESIAN_POINT('',(2.24482813962,0.596315448924));
#5804 = CARTESIAN_POINT('',(2.214861399691,0.563236208847));
#5805 = CARTESIAN_POINT('',(2.200453536874,0.546899072542));
#5806 = CARTESIAN_POINT('',(2.186342411777,0.53051472997));
#5807 = CARTESIAN_POINT('',(2.172487236945,0.514092465751));
#5808 = CARTESIAN_POINT('',(2.158849054873,0.497640579919));
#5809 = CARTESIAN_POINT('',(2.145390316516,0.481166652035));
#5810 = CARTESIAN_POINT('',(2.132074459793,0.464677805309));
#5811 = CARTESIAN_POINT('',(2.11585269734,0.444418261771));
#5812 = CARTESIAN_POINT('',(2.11284547301,0.440655145341));
#5813 = CARTESIAN_POINT('',(2.109843390416,0.436891705676));
#5814 = CARTESIAN_POINT('',(2.106846026296,0.433128027426));
#5815 = CARTESIAN_POINT('',(2.103852958818,0.429364195637));
#5816 = CARTESIAN_POINT('',(2.100863767576,0.425600295753));
#5817 = CARTESIAN_POINT('',(2.097878033597,0.421836413613));
#5818 = CARTESIAN_POINT('',(2.092631665814,0.41521710023));
#5819 = CARTESIAN_POINT('',(2.090374612525,0.412361613799));
#5820 = CARTESIAN_POINT('',(2.08812511236,0.409506211463));
#5821 = CARTESIAN_POINT('',(2.085882617128,0.406650932256));
#5822 = CARTESIAN_POINT('',(2.083646543842,0.403795815641));
#5823 = CARTESIAN_POINT('',(2.08141684827,0.400940900218));
#5824 = CARTESIAN_POINT('',(2.079193725753,0.398086224448));
#5825 = CARTESIAN_POINT('',(2.07025930881,0.386584399929));
#5826 = CARTESIAN_POINT('',(2.063597647683,0.377939566243));
#5827 = CARTESIAN_POINT('',(2.056985749239,0.369298403623));
#5828 = CARTESIAN_POINT('',(2.050418087132,0.360662058931));
#5829 = CARTESIAN_POINT('',(2.043889315334,0.352031750611));
#5830 = CARTESIAN_POINT('',(2.037394268134,0.343408768684));
#5831 = CARTESIAN_POINT('',(2.030927960136,0.33479447475));
#5832 = CARTESIAN_POINT('',(2.012928794041,0.310755563399));
#5833 = CARTESIAN_POINT('',(2.001449123347,0.295353762533));
#5834 = CARTESIAN_POINT('',(1.990018305091,0.279992986197));
#5835 = CARTESIAN_POINT('',(1.978609718728,0.264682730825));
#5836 = CARTESIAN_POINT('',(1.967198039466,0.249434142634));
#5837 = CARTESIAN_POINT('',(1.955758885471,0.234260257777));
#5838 = CARTESIAN_POINT('',(1.944268465073,0.219176242491));
#5839 = CARTESIAN_POINT('',(1.925111133974,0.194368123705));
#5840 = CARTESIAN_POINT('',(1.917486981577,0.184583133173));
#5841 = CARTESIAN_POINT('',(1.909824151351,0.174849674067));
#5842 = CARTESIAN_POINT('',(1.902116224259,0.16517339862));
#5843 = CARTESIAN_POINT('',(1.894356956219,0.155560638068));
#5844 = CARTESIAN_POINT('',(1.886540256655,0.146018441822));
#5845 = CARTESIAN_POINT('',(1.878660167052,0.136554616651));
#5846 = CARTESIAN_POINT('',(1.861002666423,0.115726208515));
#5847 = CARTESIAN_POINT('',(1.851191638149,0.104404895817));
#5848 = CARTESIAN_POINT('',(1.841266901927,9.322913267459E-02));
#5849 = CARTESIAN_POINT('',(1.831218409196,8.221681438689E-02));
#5850 = CARTESIAN_POINT('',(1.821037004596,7.13884371523E-02));
#5851 = CARTESIAN_POINT('',(1.810714514969,6.076710858487E-02));
#5852 = CARTESIAN_POINT('',(1.800243838357,5.037855823262E-02));
#5853 = CARTESIAN_POINT('',(1.786451501722,3.723190108531E-02));
#5854 = CARTESIAN_POINT('',(1.783270312047,3.423589673196E-02));
#5855 = CARTESIAN_POINT('',(1.780075320944,3.126389975372E-02));
#5856 = CARTESIAN_POINT('',(1.776866403255,2.831669889821E-02));
#5857 = CARTESIAN_POINT('',(1.773643451691,2.539510694231E-02));
#5858 = CARTESIAN_POINT('',(1.770406376835,2.249996069214E-02));
#5859 = CARTESIAN_POINT('',(1.767155107142,1.96321209831E-02));
#5860 = CARTESIAN_POINT('',(1.761415679537,1.46411958221E-02));
#5861 = CARTESIAN_POINT('',(1.758933594576,1.250609858416E-02));
#5862 = CARTESIAN_POINT('',(1.756443311263,1.038756594661E-02));
#5863 = CARTESIAN_POINT('',(1.753944814789,8.285990274769E-03));
#5864 = CARTESIAN_POINT('',(1.751438098331,6.201771318697E-03));
#5865 = CARTESIAN_POINT('',(1.748923163052,4.135316213206E-03));
#5866 = CARTESIAN_POINT('',(1.746400018101,2.087039477852E-03));
#5867 = CARTESIAN_POINT('',(1.735421572214,-6.715991440308E-03));
#5868 = CARTESIAN_POINT('',(1.726883267371,-1.324306551426E-02));
#5869 = CARTESIAN_POINT('',(1.718254300033,-1.951295680209E-02));
#5870 = CARTESIAN_POINT('',(1.709536477691,-2.551388663898E-02));
#5871 = CARTESIAN_POINT('',(1.70073301659,-3.123353485665E-02));
#5872 = CARTESIAN_POINT('',(1.691848676956,-3.665937454192E-02));
#5873 = CARTESIAN_POINT('',(1.682889898207,-4.177900679527E-02));
#5874 = CARTESIAN_POINT('',(1.673140037724,-4.696615757666E-02));
#5875 = CARTESIAN_POINT('',(1.672403952625,-4.73554931293E-02));
#5876 = CARTESIAN_POINT('',(1.671653695588,-4.774996765809E-02));
#5877 = CARTESIAN_POINT('',(1.670890152716,-4.814892894769E-02));
#5878 = CARTESIAN_POINT('',(1.670118071163,-4.854972381277E-02));
#5879 = CARTESIAN_POINT('',(1.66934605079,-4.894781485402E-02));
#5880 = CARTESIAN_POINT('',(1.668586535826,-4.933689721424E-02));
#5881 = CARTESIAN_POINT('',(1.662322338711,-5.252686693027E-02));
#5882 = CARTESIAN_POINT('',(1.656760697643,-5.522656023019E-02));
#5883 = CARTESIAN_POINT('',(1.651172086887,-5.780541330855E-02));
#5884 = CARTESIAN_POINT('',(1.645557850047,-6.026082946159E-02));
#5885 = CARTESIAN_POINT('',(1.639919470759,-6.259029720748E-02));
#5886 = CARTESIAN_POINT('',(1.634258572687,-6.479139028625E-02));
#5887 = CARTESIAN_POINT('',(1.628576919526,-6.686176765982E-02));
#5888 = CARTESIAN_POINT('',(1.609792909882,-7.324583139556E-02));
#5889 = CARTESIAN_POINT('',(1.596608289097,-7.69928416281E-02));
#5890 = CARTESIAN_POINT('',(1.58334777102,-8.001231559182E-02));
#5891 = CARTESIAN_POINT('',(1.570038003298,-8.228163271702E-02));
#5892 = CARTESIAN_POINT('',(1.556707113249,-8.378337987918E-02));
#5893 = CARTESIAN_POINT('',(1.543384948918,-8.450590801701E-02));
#5894 = CARTESIAN_POINT('',(1.53010351081,-8.44445059715E-02));
#5895 = CARTESIAN_POINT('',(1.508745820753,-8.308387009279E-02));
#5896 = CARTESIAN_POINT('',(1.500621818532,-8.226731323891E-02));
#5897 = CARTESIAN_POINT('',(1.492533371972,-8.115434321105E-02));
#5898 = CARTESIAN_POINT('',(1.484487895198,-7.974691931002E-02));
#5899 = CARTESIAN_POINT('',(1.4764924229,-7.804809303854E-02));
#5900 = CARTESIAN_POINT('',(1.468553621142,-7.606196322919E-02));
#5901 = CARTESIAN_POINT('',(1.46067779817,-7.379363117235E-02));
#5902 = CARTESIAN_POINT('',(1.449554776631,-7.016833803718E-02));
#5903 = CARTESIAN_POINT('',(1.446251030545,-6.903767842237E-02));
#5904 = CARTESIAN_POINT('',(1.44296010974,-6.785763653565E-02));
#5905 = CARTESIAN_POINT('',(1.43968242336,-6.662869324366E-02));
#5906 = CARTESIAN_POINT('',(1.436418356905,-6.53513506437E-02));
#5907 = CARTESIAN_POINT('',(1.433168272239,-6.402613206375E-02));
#5908 = CARTESIAN_POINT('',(1.429932507582,-6.265358206243E-02));
#5909 = CARTESIAN_POINT('',(1.421686945333,-5.902038044774E-02));
#5910 = CARTESIAN_POINT('',(1.4166981195,-5.66926640257E-02));
#5911 = CARTESIAN_POINT('',(1.411746084719,-5.425329492011E-02));
#5912 = CARTESIAN_POINT('',(1.406831875636,-5.170449621365E-02));
#5913 = CARTESIAN_POINT('',(1.401956376841,-4.904853631452E-02));
#5914 = CARTESIAN_POINT('',(1.397120322863,-4.628772895646E-02));
#5915 = CARTESIAN_POINT('',(1.392324298179,-4.342443319872E-02));
#5916 = CARTESIAN_POINT('',(1.382894080627,-3.754808602749E-02));
#5917 = CARTESIAN_POINT('',(1.378258541378,-3.453835739583E-02));
#5918 = CARTESIAN_POINT('',(1.373662520524,-3.143413682567E-02));
#5919 = CARTESIAN_POINT('',(1.369106305317,-2.823766485042E-02));
#5920 = CARTESIAN_POINT('',(1.364590069189,-2.495115324231E-02));
#5921 = CARTESIAN_POINT('',(1.360113871754,-2.157678501241E-02));
#5922 = CARTESIAN_POINT('',(1.355677658806,-1.81167144106E-02));
#5923 = CARTESIAN_POINT('',(1.349223248297,-1.291423123687E-02));
#5924 = CARTESIAN_POINT('',(1.347173962736,-1.12370769476E-02));
#5925 = CARTESIAN_POINT('',(1.34513339004,-9.541819780808E-03));
#5926 = CARTESIAN_POINT('',(1.343101510546,-7.828672658697E-03));
#5927 = CARTESIAN_POINT('',(1.341078300525,-6.097845702664E-03));
#5928 = CARTESIAN_POINT('',(1.339063732185,-4.349546233287E-03));
#5929 = CARTESIAN_POINT('',(1.337057773667,-2.583978770332E-03));
#5930 = CARTESIAN_POINT('',(1.333117089381,9.334104451779E-04));
#5931 = CARTESIAN_POINT('',(1.331181903879,2.683062551732E-03));
#5932 = CARTESIAN_POINT('',(1.32925479606,4.445291404142E-03));
#5933 = CARTESIAN_POINT('',(1.327335730832,6.220392258688E-03));
#5934 = CARTESIAN_POINT('',(1.325424670281,8.008753417622E-03));
#5935 = CARTESIAN_POINT('',(1.323521572043,9.80984602666E-03));
#5936 = CARTESIAN_POINT('',(1.321626390276,1.162272576304E-02));
#5937 = CARTESIAN_POINT('',(1.30917534951,2.366431562204E-02));
#5938 = CARTESIAN_POINT('',(1.298858798147,3.42587220868E-02));
#5939 = CARTESIAN_POINT('',(1.288780191974,4.518929847915E-02));
#5940 = CARTESIAN_POINT('',(1.278928859959,5.641771330399E-02));
#5941 = CARTESIAN_POINT('',(1.2692929026,6.79093940728E-02));
#5942 = CARTESIAN_POINT('',(1.259859401331,7.9633650476E-02));
#5943 = CARTESIAN_POINT('',(1.250614627935,9.156379755542E-02));
#5944 = CARTESIAN_POINT('',(1.234228503924,0.113447439061));
#5945 = CARTESIAN_POINT('',(1.227026567714,0.123336316433));
#5946 = CARTESIAN_POINT('',(1.219931055617,0.133331744789));
#5947 = CARTESIAN_POINT('',(1.212934637825,0.143422719758));
#5948 = CARTESIAN_POINT('',(1.20603002125,0.153599345872));
#5949 = CARTESIAN_POINT('',(1.19920992635,0.163852783631));
#5950 = CARTESIAN_POINT('',(1.19246706395,0.174175196567));
#5951 = CARTESIAN_POINT('',(1.180454421067,0.192869390423));
#5952 = CARTESIAN_POINT('',(1.175159538579,0.201218714594));
#5953 = CARTESIAN_POINT('',(1.16990577098,0.20960412855));
#5954 = CARTESIAN_POINT('',(1.164689441146,0.218022351122));
#5955 = CARTESIAN_POINT('',(1.159506888451,0.226470362244));
#5956 = CARTESIAN_POINT('',(1.154354468769,0.234945402955));
#5957 = CARTESIAN_POINT('',(1.149228554473,0.243444975398));
#5958 = CARTESIAN_POINT('',(1.129681787849,0.276087360364));
#5959 = CARTESIAN_POINT('',(1.115422633664,0.300383948357));
#5960 = CARTESIAN_POINT('',(1.101264076174,0.324807729859));
#5961 = CARTESIAN_POINT('',(1.087124375343,0.349319341732));
#5962 = CARTESIAN_POINT('',(1.072921492465,0.373886652539));
#5963 = CARTESIAN_POINT('',(1.058570231532,0.398482800544));
#5964 = CARTESIAN_POINT('',(1.043979076289,0.423084551816));
#5965 = CARTESIAN_POINT('',(1.019027859499,0.464167211324));
#5966 = CARTESIAN_POINT('',(1.008856003752,0.480655563612));
#5967 = CARTESIAN_POINT('',(0.998500800336,0.49712913424));
#5968 = CARTESIAN_POINT('',(0.987930383647,0.513580831377));
#5969 = CARTESIAN_POINT('',(0.977110802801,0.530003108871));
#5970 = CARTESIAN_POINT('',(0.966005446539,0.546387702733));
#5971 = CARTESIAN_POINT('',(0.954574468137,0.562725367608));
#5972 = CARTESIAN_POINT('',(0.930696984453,0.595667950234));
#5973 = CARTESIAN_POINT('',(0.918233161994,0.612269809645));
#5974 = CARTESIAN_POINT('',(0.905335866471,0.628799838255));
#5975 = CARTESIAN_POINT('',(0.891954280904,0.645244893609));
#5976 = CARTESIAN_POINT('',(0.878032895332,0.661589530247));
#5977 = CARTESIAN_POINT('',(0.863510754332,0.677815485931));
#5978 = CARTESIAN_POINT('',(0.848320704551,0.693901167856));
#5979 = CARTESIAN_POINT('',(0.81816474064,0.724034291113));
#5980 = CARTESIAN_POINT('',(0.803349490046,0.738115066776));
#5981 = CARTESIAN_POINT('',(0.787890606458,0.752045292406));
#5982 = CARTESIAN_POINT('',(0.771731245082,0.765803953022));
#5983 = CARTESIAN_POINT('',(0.754810229192,0.779366850439));
#5984 = CARTESIAN_POINT('',(0.737062279004,0.792706261594));
#5985 = CARTESIAN_POINT('',(0.718418240556,0.805790596864));
#5986 = CARTESIAN_POINT('',(0.689414294593,0.82470979626));
#5987 = CARTESIAN_POINT('',(0.679801286998,0.830768835814));
#5988 = CARTESIAN_POINT('',(0.669958268078,0.836757242593));
#5989 = CARTESIAN_POINT('',(0.659877160052,0.842670861004));
#5990 = CARTESIAN_POINT('',(0.649549831077,0.848505314316));
#5991 = CARTESIAN_POINT('',(0.63896809524,0.85425600467));
#5992 = CARTESIAN_POINT('',(0.628123712568,0.859918113073));
#5993 = CARTESIAN_POINT('',(0.612563104521,0.867713577981));
#5994 = CARTESIAN_POINT('',(0.608074494849,0.869925585539));
#5995 = CARTESIAN_POINT('',(0.603542054052,0.872122292845));
#5996 = CARTESIAN_POINT('',(0.598965235377,0.874303384715));
#5997 = CARTESIAN_POINT('',(0.594343538631,0.876468520655));
#5998 = CARTESIAN_POINT('',(0.589676462147,0.878617357442));
#5999 = CARTESIAN_POINT('',(0.584963459843,0.880749569234));
#6000 = CARTESIAN_POINT('',(0.535526638649,0.902720703565));
#6001 = CARTESIAN_POINT('',(0.486750020481,0.921085280733));
#6002 = CARTESIAN_POINT('',(0.433463339234,0.937662488587));
#6003 = CARTESIAN_POINT('',(0.375304834846,0.952131592668));
#6004 = CARTESIAN_POINT('',(0.312000110226,0.964145854651));
#6005 = CARTESIAN_POINT('',(0.243521163592,0.973386088813));
#6006 = CARTESIAN_POINT('',(0.170218064532,0.979629740883));
#6007 = CARTESIAN_POINT('',(8.147359016613E-02,0.98325821739));
#6008 = CARTESIAN_POINT('',(7.008333605832E-02,0.983654768975));
#6009 = CARTESIAN_POINT('',(5.860640488504E-02,0.983985533537));
#6010 = CARTESIAN_POINT('',(4.704492130807E-02,0.984250308335));
#6011 = CARTESIAN_POINT('',(3.540112552637E-02,0.984448951202));
#6012 = CARTESIAN_POINT('',(2.367737327608E-02,0.984581380542));
#6013 = CARTESIAN_POINT('',(1.187613583047E-02,0.984647575334));
#6014 = CARTESIAN_POINT('',(0.,0.984647575126));
#6015 = ( GEOMETRIC_REPRESENTATION_CONTEXT(2) 
PARAMETRIC_REPRESENTATION_CONTEXT() REPRESENTATION_CONTEXT('2D SPACE',''
  ) );
#6016 = ORIENTED_EDGE('',*,*,#6017,.T.);
#6017 = EDGE_CURVE('',#4408,#2500,#6018,.T.);
#6018 = SURFACE_CURVE('',#6019,(#6099,#6182),.PCURVE_S1.);
#6019 = B_SPLINE_CURVE_WITH_KNOTS('',8,(#6020,#6021,#6022,#6023,#6024,
    #6025,#6026,#6027,#6028,#6029,#6030,#6031,#6032,#6033,#6034,#6035,
    #6036,#6037,#6038,#6039,#6040,#6041,#6042,#6043,#6044,#6045,#6046,
    #6047,#6048,#6049,#6050,#6051,#6052,#6053,#6054,#6055,#6056,#6057,
    #6058,#6059,#6060,#6061,#6062,#6063,#6064,#6065,#6066,#6067,#6068,
    #6069,#6070,#6071,#6072,#6073,#6074,#6075,#6076,#6077,#6078,#6079,
    #6080,#6081,#6082,#6083,#6084,#6085,#6086,#6087,#6088,#6089,#6090,
    #6091,#6092,#6093,#6094,#6095,#6096,#6097,#6098),.UNSPECIFIED.,.F.,
  .F.,(9,7,7,7,7,7,7,7,7,7,7,9),(0.,9.631641554347E-02,0.285434720863,
    0.383695303342,0.431792293246,0.455354260298,0.467548192622,
    0.479741660165,0.635476651135,0.806988260256,0.896923207734,1.),
  .UNSPECIFIED.);
#6020 = CARTESIAN_POINT('',(-4.255151447047,5.E-02,13.141810277093));
#6021 = CARTESIAN_POINT('',(-4.551854631006,5.E-02,13.384329915355));
#6022 = CARTESIAN_POINT('',(-4.836711176196,5.E-02,13.641342948308));
#6023 = CARTESIAN_POINT('',(-5.109802862325,5.E-02,13.911229930793));
#6024 = CARTESIAN_POINT('',(-5.37129412282,5.E-02,14.19252343918));
#6025 = CARTESIAN_POINT('',(-5.621419729704,5.E-02,14.483918851769));
#6026 = CARTESIAN_POINT('',(-5.860472170646,5.E-02,14.784285390805));
#6027 = CARTESIAN_POINT('',(-6.088788718176,5.E-02,15.0926774261));
#6028 = CARTESIAN_POINT('',(-6.734684296942,5.E-02,16.028164718267));
#6029 = CARTESIAN_POINT('',(-7.122239048089,5.E-02,16.675425046131));
#6030 = CARTESIAN_POINT('',(-7.472470384233,5.E-02,17.344566387316));
#6031 = CARTESIAN_POINT('',(-7.787549522961,5.E-02,18.031191980487));
#6032 = CARTESIAN_POINT('',(-8.069421728064,5.E-02,18.731726339947));
#6033 = CARTESIAN_POINT('',(-8.319773153978,5.E-02,19.443428709215));
#6034 = CARTESIAN_POINT('',(-8.540102042217,5.E-02,20.164342542509));
#6035 = CARTESIAN_POINT('',(-8.831131916484,5.E-02,21.272099991264));
#6036 = CARTESIAN_POINT('',(-8.922829941867,5.E-02,21.652914303736));
#6037 = CARTESIAN_POINT('',(-9.006876261688,5.E-02,22.035541827322));
#6038 = CARTESIAN_POINT('',(-9.083409280696,5.E-02,22.419762313233));
#6039 = CARTESIAN_POINT('',(-9.152548345506,5.E-02,22.805371520057));
#6040 = CARTESIAN_POINT('',(-9.214395478465,5.E-02,23.192180769074));
#6041 = CARTESIAN_POINT('',(-9.269037111505,5.E-02,23.580016499578));
#6042 = CARTESIAN_POINT('',(-9.339800576037,5.E-02,24.158983909842));
#6043 = CARTESIAN_POINT('',(-9.361346116083,5.E-02,24.349454536338));
#6044 = CARTESIAN_POINT('',(-9.381190755093,5.E-02,24.540112405062));
#6045 = CARTESIAN_POINT('',(-9.399341961707,5.E-02,24.730938579437));
#6046 = CARTESIAN_POINT('',(-9.415806358259,5.E-02,24.921914484931));
#6047 = CARTESIAN_POINT('',(-9.430589720776,5.E-02,25.11302190906));
#6048 = CARTESIAN_POINT('',(-9.443696978973,5.E-02,25.304243001389));
#6049 = CARTESIAN_POINT('',(-9.460734161098,5.E-02,25.589283628603));
#6050 = CARTESIAN_POINT('',(-9.465934846401,5.E-02,25.683030037652));
#6051 = CARTESIAN_POINT('',(-9.470734755265,5.E-02,25.776797430768));
#6052 = CARTESIAN_POINT('',(-9.475134324213,5.E-02,25.87058374759));
#6053 = CARTESIAN_POINT('',(-9.479133943194,5.E-02,25.964386937302));
#6054 = CARTESIAN_POINT('',(-9.482733955588,5.E-02,26.058204958634));
#6055 = CARTESIAN_POINT('',(-9.4859346582,5.E-02,26.152035779862));
#6056 = CARTESIAN_POINT('',(-9.490186224601,5.E-02,26.294442853165));
#6057 = CARTESIAN_POINT('',(-9.491527427111,5.E-02,26.342949604561));
#6058 = CARTESIAN_POINT('',(-9.492760398158,5.E-02,26.391396662235));
#6059 = CARTESIAN_POINT('',(-9.493885630908,5.E-02,26.439783067258));
#6060 = CARTESIAN_POINT('',(-9.494903622329,5.E-02,26.488107872522));
#6061 = CARTESIAN_POINT('',(-9.495814873196,5.E-02,26.53637014275));
#6062 = CARTESIAN_POINT('',(-9.496619888082,5.E-02,26.584568954484));
#6063 = CARTESIAN_POINT('',(-9.498018435998,5.E-02,26.68083600303));
#6064 = CARTESIAN_POINT('',(-9.498612030802,5.E-02,26.728908025747));
#6065 = CARTESIAN_POINT('',(-9.499100385369,5.E-02,26.776914296682));
#6066 = CARTESIAN_POINT('',(-9.499483999112,5.E-02,26.82485357926));
#6067 = CARTESIAN_POINT('',(-9.499763417792,5.E-02,26.872721723789));
#6068 = CARTESIAN_POINT('',(-9.499939184481,5.E-02,26.920523767975));
#6069 = CARTESIAN_POINT('',(-9.500011822829,5.E-02,26.968258572936));
#6070 = CARTESIAN_POINT('',(-9.499598160538,5.E-02,27.624832683868));
#6071 = CARTESIAN_POINT('',(-9.482459391732,5.E-02,28.233745541222));
#6072 = CARTESIAN_POINT('',(-9.448562326711,5.E-02,28.842169373506));
#6073 = CARTESIAN_POINT('',(-9.397814540235,5.E-02,29.4495614317));
#6074 = CARTESIAN_POINT('',(-9.330045679516,5.E-02,30.055339137994));
#6075 = CARTESIAN_POINT('',(-9.245006115425,5.E-02,30.658879266279));
#6076 = CARTESIAN_POINT('',(-9.142352900426,5.E-02,31.259515712851));
#6077 = CARTESIAN_POINT('',(-8.888662716112,5.E-02,32.514036686272));
#6078 = CARTESIAN_POINT('',(-8.733818949151,5.E-02,33.166948089873));
#6079 = CARTESIAN_POINT('',(-8.55646527713,5.E-02,33.814464467469));
#6080 = CARTESIAN_POINT('',(-8.355825085061,5.E-02,34.455467723516));
#6081 = CARTESIAN_POINT('',(-8.130970945917,5.E-02,35.088522035117));
#6082 = CARTESIAN_POINT('',(-7.880831111255,5.E-02,35.711874594065));
#6083 = CARTESIAN_POINT('',(-7.604130668807,5.E-02,36.323432340986));
#6084 = CARTESIAN_POINT('',(-7.139296775213,5.E-02,37.233863861514));
#6085 = CARTESIAN_POINT('',(-6.971666476422,5.E-02,37.543047688486));
#6086 = CARTESIAN_POINT('',(-6.796072348379,5.E-02,37.84786801331));
#6087 = CARTESIAN_POINT('',(-6.612276379573,5.E-02,38.147879396969));
#6088 = CARTESIAN_POINT('',(-6.4200369339,5.E-02,38.442560846324));
#6089 = CARTESIAN_POINT('',(-6.219108648096,5.E-02,38.73131557118));
#6090 = CARTESIAN_POINT('',(-6.009239486066,5.E-02,39.013468790281));
#6091 = CARTESIAN_POINT('',(-5.539077902502,5.E-02,39.603213079096));
#6092 = CARTESIAN_POINT('',(-5.275966983634,5.E-02,39.908411256276));
#6093 = CARTESIAN_POINT('',(-5.000402509225,5.E-02,40.202777768643));
#6094 = CARTESIAN_POINT('',(-4.712043504261,5.E-02,40.484937506029));
#6095 = CARTESIAN_POINT('',(-4.410661711293,5.E-02,40.753244831567));
#6096 = CARTESIAN_POINT('',(-4.096174314814,5.E-02,41.00581884495));
#6097 = CARTESIAN_POINT('',(-3.768685381701,5.E-02,41.240589674597));
#6098 = CARTESIAN_POINT('',(-3.428536017696,5.E-02,41.455355798735));
#6099 = PCURVE('',#1093,#6100);
#6100 = DEFINITIONAL_REPRESENTATION('',(#6101),#6181);
#6101 = B_SPLINE_CURVE_WITH_KNOTS('',8,(#6102,#6103,#6104,#6105,#6106,
    #6107,#6108,#6109,#6110,#6111,#6112,#6113,#6114,#6115,#6116,#6117,
    #6118,#6119,#6120,#6121,#6122,#6123,#6124,#6125,#6126,#6127,#6128,
    #6129,#6130,#6131,#6132,#6133,#6134,#6135,#6136,#6137,#6138,#6139,
    #6140,#6141,#6142,#6143,#6144,#6145,#6146,#6147,#6148,#6149,#6150,
    #6151,#6152,#6153,#6154,#6155,#6156,#6157,#6158,#6159,#6160,#6161,
    #6162,#6163,#6164,#6165,#6166,#6167,#6168,#6169,#6170,#6171,#6172,
    #6173,#6174,#6175,#6176,#6177,#6178,#6179,#6180),.UNSPECIFIED.,.F.,
  .F.,(9,7,7,7,7,7,7,7,7,7,7,9),(0.,9.631641554347E-02,0.285434720863,
    0.383695303342,0.431792293246,0.455354260298,0.467548192622,
    0.479741660165,0.635476651135,0.806988260256,0.896923207734,1.),
  .UNSPECIFIED.);
#6102 = CARTESIAN_POINT('',(3.138218109712,-1.092334087549));
#6103 = CARTESIAN_POINT('',(3.138453408266,-1.058348875744));
#6104 = CARTESIAN_POINT('',(3.138641899689,-1.025260483128));
#6105 = CARTESIAN_POINT('',(3.138798901547,-0.992994415724));
#6106 = CARTESIAN_POINT('',(3.138932654615,-0.961483025451));
#6107 = CARTESIAN_POINT('',(3.13904798045,-0.930663169837));
#6108 = CARTESIAN_POINT('',(3.139148464541,-0.90047408913));
#6109 = CARTESIAN_POINT('',(3.139237165048,-0.870855500823));
#6110 = CARTESIAN_POINT('',(3.139470340194,-0.784588923782));
#6111 = CARTESIAN_POINT('',(3.139586297932,-0.729450696653));
#6112 = CARTESIAN_POINT('',(3.13967917967,-0.675840242366));
#6113 = CARTESIAN_POINT('',(3.139754501191,-0.623423737567));
#6114 = CARTESIAN_POINT('',(3.139816913975,-0.571915210126));
#6115 = CARTESIAN_POINT('',(3.139868763494,-0.521061875734));
#6116 = CARTESIAN_POINT('',(3.139912073634,-0.470613480375));
#6117 = CARTESIAN_POINT('',(3.13996688595,-0.394161859708));
#6118 = CARTESIAN_POINT('',(3.139983668709,-0.368067553758));
#6119 = CARTESIAN_POINT('',(3.139998677081,-0.341986891684));
#6120 = CARTESIAN_POINT('',(3.140012059979,-0.31588889649));
#6121 = CARTESIAN_POINT('',(3.140023936569,-0.289743393537));
#6122 = CARTESIAN_POINT('',(3.140034401892,-0.263520403396));
#6123 = CARTESIAN_POINT('',(3.140043532475,-0.2371895347));
#6124 = CARTESIAN_POINT('',(3.140055239052,-0.197762656458));
#6125 = CARTESIAN_POINT('',(3.140058781487,-0.184772641218));
#6126 = CARTESIAN_POINT('',(3.140062026399,-0.171745729978));
#6127 = CARTESIAN_POINT('',(3.140064980134,-0.158678268285));
#6128 = CARTESIAN_POINT('',(3.140067648248,-0.145566548533));
#6129 = CARTESIAN_POINT('',(3.14007003551,-0.132406809962));
#6130 = CARTESIAN_POINT('',(3.1400721459,-0.119195238662));
#6131 = CARTESIAN_POINT('',(3.140074882386,-9.942853787645E-02));
#6132 = CARTESIAN_POINT('',(3.140075716495,-9.291573859368E-02));
#6133 = CARTESIAN_POINT('',(3.14007648532,-8.638911322834E-02));
#6134 = CARTESIAN_POINT('',(3.140077189208,-7.984820021526E-02));
#6135 = CARTESIAN_POINT('',(3.140077828465,-7.329253291737E-02));
#6136 = CARTESIAN_POINT('',(3.140078403359,-6.67216396257E-02));
#6137 = CARTESIAN_POINT('',(3.140078914119,-6.013504355935E-02));
#6138 = CARTESIAN_POINT('',(3.14007959217,-5.011515168994E-02));
#6139 = CARTESIAN_POINT('',(3.140079805988,-4.669804051408E-02));
#6140 = CARTESIAN_POINT('',(3.140080002486,-4.328092933783E-02));
#6141 = CARTESIAN_POINT('',(3.14008018176,-3.986381816122E-02));
#6142 = CARTESIAN_POINT('',(3.140080343907,-3.644670698442E-02));
#6143 = CARTESIAN_POINT('',(3.140080489021,-3.302959580776E-02));
#6144 = CARTESIAN_POINT('',(3.140080617194,-2.96124846317E-02));
#6145 = CARTESIAN_POINT('',(3.140080839835,-2.277839252791E-02));
#6146 = CARTESIAN_POINT('',(3.140080934314,-1.936210117595E-02));
#6147 = CARTESIAN_POINT('',(3.140081012029,-1.593999272313E-02));
#6148 = CARTESIAN_POINT('',(3.14008107307,-1.253437108997E-02));
#6149 = CARTESIAN_POINT('',(3.140081117528,-9.101292763974E-03));
#6150 = CARTESIAN_POINT('',(3.140081145493,-5.698856129261E-03));
#6151 = CARTESIAN_POINT('',(3.14008115705,-2.273362946524E-03));
#6152 = CARTESIAN_POINT('',(3.140081091234,4.475635580624E-02));
#6153 = CARTESIAN_POINT('',(3.140078364056,8.756431327339E-02));
#6154 = CARTESIAN_POINT('',(3.140072970686,0.129709125027));
#6155 = CARTESIAN_POINT('',(3.140064840955,0.171318814516));
#6156 = CARTESIAN_POINT('',(3.140053841762,0.212511318383));
#6157 = CARTESIAN_POINT('',(3.140039766539,0.25339979482));
#6158 = CARTESIAN_POINT('',(3.140022307002,0.294097613855));
#6159 = CARTESIAN_POINT('',(3.139977549596,0.379463973014));
#6160 = CARTESIAN_POINT('',(3.139949443359,0.424103292968));
#6161 = CARTESIAN_POINT('',(3.139916062227,0.468809262362));
#6162 = CARTESIAN_POINT('',(3.139876608069,0.513740603453));
#6163 = CARTESIAN_POINT('',(3.139829893418,0.559058999001));
#6164 = CARTESIAN_POINT('',(3.139774333369,0.60493683522));
#6165 = CARTESIAN_POINT('',(3.13970760332,0.651571165855));
#6166 = CARTESIAN_POINT('',(3.139582324417,0.724197659458));
#6167 = CARTESIAN_POINT('',(3.139534984741,0.74945306403));
#6168 = CARTESIAN_POINT('',(3.139482797735,0.775016655913));
#6169 = CARTESIAN_POINT('',(3.13942497756,0.800924627522));
#6170 = CARTESIAN_POINT('',(3.139360564821,0.827214525222));
#6171 = CARTESIAN_POINT('',(3.139288327174,0.853926362602));
#6172 = CARTESIAN_POINT('',(3.139206550566,0.881104130061));
#6173 = CARTESIAN_POINT('',(3.13900518072,0.940538025372));
#6174 = CARTESIAN_POINT('',(3.138881498663,0.97294727566));
#6175 = CARTESIAN_POINT('',(3.138739271627,1.006105344095));
#6176 = CARTESIAN_POINT('',(3.138571235468,1.040087599882));
#6177 = CARTESIAN_POINT('',(3.138370061471,1.074967857766));
#6178 = CARTESIAN_POINT('',(3.138126379091,1.110820140067));
#6179 = CARTESIAN_POINT('',(3.137820025155,1.147719231912));
#6180 = CARTESIAN_POINT('',(3.137404519548,1.185740029676));
#6181 = ( GEOMETRIC_REPRESENTATION_CONTEXT(2) 
PARAMETRIC_REPRESENTATION_CONTEXT() REPRESENTATION_CONTEXT('2D SPACE',''
  ) );
#6182 = PCURVE('',#6183,#6188);
#6183 = PLANE('',#6184);
#6184 = AXIS2_PLACEMENT_3D('',#6185,#6186,#6187);
#6185 = CARTESIAN_POINT('',(-150.,5.E-02,-150.));
#6186 = DIRECTION('',(-0.,1.,0.));
#6187 = DIRECTION('',(0.,0.,1.));
#6188 = DEFINITIONAL_REPRESENTATION('',(#6189),#6269);
#6189 = B_SPLINE_CURVE_WITH_KNOTS('',8,(#6190,#6191,#6192,#6193,#6194,
    #6195,#6196,#6197,#6198,#6199,#6200,#6201,#6202,#6203,#6204,#6205,
    #6206,#6207,#6208,#6209,#6210,#6211,#6212,#6213,#6214,#6215,#6216,
    #6217,#6218,#6219,#6220,#6221,#6222,#6223,#6224,#6225,#6226,#6227,
    #6228,#6229,#6230,#6231,#6232,#6233,#6234,#6235,#6236,#6237,#6238,
    #6239,#6240,#6241,#6242,#6243,#6244,#6245,#6246,#6247,#6248,#6249,
    #6250,#6251,#6252,#6253,#6254,#6255,#6256,#6257,#6258,#6259,#6260,
    #6261,#6262,#6263,#6264,#6265,#6266,#6267,#6268),.UNSPECIFIED.,.F.,
  .F.,(9,7,7,7,7,7,7,7,7,7,7,9),(0.,9.631641554347E-02,0.285434720863,
    0.383695303342,0.431792293246,0.455354260298,0.467548192622,
    0.479741660165,0.635476651135,0.806988260256,0.896923207734,1.),
  .UNSPECIFIED.);
#6190 = CARTESIAN_POINT('',(163.14181027709,145.74484855295));
#6191 = CARTESIAN_POINT('',(163.38432991535,145.44814536899));
#6192 = CARTESIAN_POINT('',(163.6413429483,145.1632888238));
#6193 = CARTESIAN_POINT('',(163.91122993079,144.89019713767));
#6194 = CARTESIAN_POINT('',(164.19252343918,144.62870587718));
#6195 = CARTESIAN_POINT('',(164.48391885176,144.37858027029));
#6196 = CARTESIAN_POINT('',(164.7842853908,144.13952782935));
#6197 = CARTESIAN_POINT('',(165.0926774261,143.91121128182));
#6198 = CARTESIAN_POINT('',(166.02816471826,143.26531570305));
#6199 = CARTESIAN_POINT('',(166.67542504613,142.87776095191));
#6200 = CARTESIAN_POINT('',(167.34456638731,142.52752961576));
#6201 = CARTESIAN_POINT('',(168.03119198048,142.21245047703));
#6202 = CARTESIAN_POINT('',(168.73172633994,141.93057827193));
#6203 = CARTESIAN_POINT('',(169.44342870921,141.68022684602));
#6204 = CARTESIAN_POINT('',(170.1643425425,141.45989795778));
#6205 = CARTESIAN_POINT('',(171.27209999126,141.16886808351));
#6206 = CARTESIAN_POINT('',(171.65291430373,141.07717005813));
#6207 = CARTESIAN_POINT('',(172.03554182732,140.99312373831));
#6208 = CARTESIAN_POINT('',(172.41976231323,140.9165907193));
#6209 = CARTESIAN_POINT('',(172.80537152005,140.84745165449));
#6210 = CARTESIAN_POINT('',(173.19218076907,140.78560452153));
#6211 = CARTESIAN_POINT('',(173.58001649957,140.73096288849));
#6212 = CARTESIAN_POINT('',(174.15898390984,140.66019942396));
#6213 = CARTESIAN_POINT('',(174.34945453633,140.63865388391));
#6214 = CARTESIAN_POINT('',(174.54011240506,140.6188092449));
#6215 = CARTESIAN_POINT('',(174.73093857943,140.60065803829));
#6216 = CARTESIAN_POINT('',(174.92191448493,140.58419364174));
#6217 = CARTESIAN_POINT('',(175.11302190906,140.56941027922));
#6218 = CARTESIAN_POINT('',(175.30424300138,140.55630302102));
#6219 = CARTESIAN_POINT('',(175.5892836286,140.5392658389));
#6220 = CARTESIAN_POINT('',(175.68303003765,140.53406515359));
#6221 = CARTESIAN_POINT('',(175.77679743076,140.52926524473));
#6222 = CARTESIAN_POINT('',(175.87058374759,140.52486567578));
#6223 = CARTESIAN_POINT('',(175.9643869373,140.5208660568));
#6224 = CARTESIAN_POINT('',(176.05820495863,140.51726604441));
#6225 = CARTESIAN_POINT('',(176.15203577986,140.5140653418));
#6226 = CARTESIAN_POINT('',(176.29444285316,140.50981377539));
#6227 = CARTESIAN_POINT('',(176.34294960456,140.50847257288));
#6228 = CARTESIAN_POINT('',(176.39139666223,140.50723960184));
#6229 = CARTESIAN_POINT('',(176.43978306725,140.50611436909));
#6230 = CARTESIAN_POINT('',(176.48810787252,140.50509637767));
#6231 = CARTESIAN_POINT('',(176.53637014275,140.5041851268));
#6232 = CARTESIAN_POINT('',(176.58456895448,140.50338011191));
#6233 = CARTESIAN_POINT('',(176.68083600303,140.501981564));
#6234 = CARTESIAN_POINT('',(176.72890802574,140.50138796919));
#6235 = CARTESIAN_POINT('',(176.77691429668,140.50089961463));
#6236 = CARTESIAN_POINT('',(176.82485357926,140.50051600088));
#6237 = CARTESIAN_POINT('',(176.87272172378,140.5002365822));
#6238 = CARTESIAN_POINT('',(176.92052376797,140.50006081551));
#6239 = CARTESIAN_POINT('',(176.96825857293,140.49998817717));
#6240 = CARTESIAN_POINT('',(177.62483268386,140.50040183946));
#6241 = CARTESIAN_POINT('',(178.23374554122,140.51754060826));
#6242 = CARTESIAN_POINT('',(178.8421693735,140.55143767328));
#6243 = CARTESIAN_POINT('',(179.4495614317,140.60218545976));
#6244 = CARTESIAN_POINT('',(180.05533913799,140.66995432048));
#6245 = CARTESIAN_POINT('',(180.65887926627,140.75499388457));
#6246 = CARTESIAN_POINT('',(181.25951571285,140.85764709957));
#6247 = CARTESIAN_POINT('',(182.51403668627,141.11133728388));
#6248 = CARTESIAN_POINT('',(183.16694808987,141.26618105084));
#6249 = CARTESIAN_POINT('',(183.81446446746,141.44353472287));
#6250 = CARTESIAN_POINT('',(184.45546772351,141.64417491493));
#6251 = CARTESIAN_POINT('',(185.08852203511,141.86902905408));
#6252 = CARTESIAN_POINT('',(185.71187459406,142.11916888874));
#6253 = CARTESIAN_POINT('',(186.32343234098,142.39586933119));
#6254 = CARTESIAN_POINT('',(187.23386386151,142.86070322478));
#6255 = CARTESIAN_POINT('',(187.54304768848,143.02833352357));
#6256 = CARTESIAN_POINT('',(187.84786801331,143.20392765162));
#6257 = CARTESIAN_POINT('',(188.14787939696,143.38772362042));
#6258 = CARTESIAN_POINT('',(188.44256084632,143.5799630661));
#6259 = CARTESIAN_POINT('',(188.73131557118,143.7808913519));
#6260 = CARTESIAN_POINT('',(189.01346879028,143.99076051393));
#6261 = CARTESIAN_POINT('',(189.60321307909,144.46092209749));
#6262 = CARTESIAN_POINT('',(189.90841125627,144.72403301636));
#6263 = CARTESIAN_POINT('',(190.20277776864,144.99959749077));
#6264 = CARTESIAN_POINT('',(190.48493750602,145.28795649573));
#6265 = CARTESIAN_POINT('',(190.75324483156,145.5893382887));
#6266 = CARTESIAN_POINT('',(191.00581884495,145.90382568518));
#6267 = CARTESIAN_POINT('',(191.24058967459,146.23131461829));
#6268 = CARTESIAN_POINT('',(191.45535579873,146.5714639823));
#6269 = ( GEOMETRIC_REPRESENTATION_CONTEXT(2) 
PARAMETRIC_REPRESENTATION_CONTEXT() REPRESENTATION_CONTEXT('2D SPACE',''
  ) );
#6270 = FACE_BOUND('',#6271,.T.);
#6271 = EDGE_LOOP('',(#6272,#6273));
#6272 = ORIENTED_EDGE('',*,*,#1369,.T.);
#6273 = ORIENTED_EDGE('',*,*,#619,.T.);
#6274 = ADVANCED_FACE('',(#6275),#2190,.F.);
#6275 = FACE_BOUND('',#6276,.F.);
#6276 = EDGE_LOOP('',(#6277,#6278,#6301,#6555,#6783,#6784));
#6277 = ORIENTED_EDGE('',*,*,#2296,.T.);
#6278 = ORIENTED_EDGE('',*,*,#6279,.F.);
#6279 = EDGE_CURVE('',#6280,#1985,#6282,.T.);
#6280 = VERTEX_POINT('',#6281);
#6281 = CARTESIAN_POINT('',(-9.797174393179E-16,11.752871446795,38.1));
#6282 = SEAM_CURVE('',#6283,(#6287,#6294),.PCURVE_S1.);
#6283 = LINE('',#6284,#6285);
#6284 = CARTESIAN_POINT('',(-9.797174393179E-16,6.,38.1));
#6285 = VECTOR('',#6286,1.);
#6286 = DIRECTION('',(0.,1.,0.));
#6287 = PCURVE('',#2190,#6288);
#6288 = DEFINITIONAL_REPRESENTATION('',(#6289),#6293);
#6289 = LINE('',#6290,#6291);
#6290 = CARTESIAN_POINT('',(6.28318530718,-0.));
#6291 = VECTOR('',#6292,1.);
#6292 = DIRECTION('',(0.,1.));
#6293 = ( GEOMETRIC_REPRESENTATION_CONTEXT(2) 
PARAMETRIC_REPRESENTATION_CONTEXT() REPRESENTATION_CONTEXT('2D SPACE',''
  ) );
#6294 = PCURVE('',#2190,#6295);
#6295 = DEFINITIONAL_REPRESENTATION('',(#6296),#6300);
#6296 = LINE('',#6297,#6298);
#6297 = CARTESIAN_POINT('',(0.,-0.));
#6298 = VECTOR('',#6299,1.);
#6299 = DIRECTION('',(0.,1.));
#6300 = ( GEOMETRIC_REPRESENTATION_CONTEXT(2) 
PARAMETRIC_REPRESENTATION_CONTEXT() REPRESENTATION_CONTEXT('2D SPACE',''
  ) );
#6301 = ORIENTED_EDGE('',*,*,#6302,.F.);
#6302 = EDGE_CURVE('',#6303,#6280,#6305,.T.);
#6303 = VERTEX_POINT('',#6304);
#6304 = CARTESIAN_POINT('',(0.578266979852,9.233788762558,
    30.142019795399));
#6305 = SURFACE_CURVE('',#6306,(#6387,#6471),.PCURVE_S1.);
#6306 = B_SPLINE_CURVE_WITH_KNOTS('',7,(#6307,#6308,#6309,#6310,#6311,
    #6312,#6313,#6314,#6315,#6316,#6317,#6318,#6319,#6320,#6321,#6322,
    #6323,#6324,#6325,#6326,#6327,#6328,#6329,#6330,#6331,#6332,#6333,
    #6334,#6335,#6336,#6337,#6338,#6339,#6340,#6341,#6342,#6343,#6344,
    #6345,#6346,#6347,#6348,#6349,#6350,#6351,#6352,#6353,#6354,#6355,
    #6356,#6357,#6358,#6359,#6360,#6361,#6362,#6363,#6364,#6365,#6366,
    #6367,#6368,#6369,#6370,#6371,#6372,#6373,#6374,#6375,#6376,#6377,
    #6378,#6379,#6380,#6381,#6382,#6383,#6384,#6385,#6386),
  .UNSPECIFIED.,.F.,.F.,(8,6,6,6,6,6,6,6,6,6,6,6,6,8),(0.,0.116680593406
    ,0.179951009721,0.223505543877,0.340705284856,0.441877536944,
    0.490893042836,0.575931452685,0.670623616117,0.739989036047,
    0.792960319419,0.811315468981,0.829671715086,1.),.UNSPECIFIED.);
#6307 = CARTESIAN_POINT('',(0.578266979852,9.233788762558,
    30.142019795399));
#6308 = CARTESIAN_POINT('',(0.778528855458,9.249352069673,
    30.171278362648));
#6309 = CARTESIAN_POINT('',(0.976206351534,9.271063069391,
    30.212233439817));
#6310 = CARTESIAN_POINT('',(1.170070459354,9.298621284485,
    30.264517549129));
#6311 = CARTESIAN_POINT('',(1.359141832014,9.331570083271,
    30.327580201817));
#6312 = CARTESIAN_POINT('',(1.542640279241,9.369374634522,
    30.400784761098));
#6313 = CARTESIAN_POINT('',(1.719948324094,9.411477924998,
    30.483472386955));
#6314 = CARTESIAN_POINT('',(1.98311916443,9.482200894823,30.624620435102
    ));
#6315 = CARTESIAN_POINT('',(2.073697745002,9.508173063434,
    30.676849871248));
#6316 = CARTESIAN_POINT('',(2.162254937914,9.535166655207,
    30.731582624788));
#6317 = CARTESIAN_POINT('',(2.248731367152,9.563098592789,
    30.788722032398));
#6318 = CARTESIAN_POINT('',(2.333076546248,9.59188836809,30.848174712068
    ));
#6319 = CARTESIAN_POINT('',(2.415247518489,9.621458998662,
    30.909851761354));
#6320 = CARTESIAN_POINT('',(2.550250909568,9.672581645015,
    31.017601573043));
#6321 = CARTESIAN_POINT('',(2.604246147164,9.693760841594,
    31.062547541122));
#6322 = CARTESIAN_POINT('',(2.657181223421,9.715251770182,
    31.108480486242));
#6323 = CARTESIAN_POINT('',(2.709044848009,9.737031439913,
    31.155373904731));
#6324 = CARTESIAN_POINT('',(2.759826426769,9.759077672685,
    31.203202162881));
#6325 = CARTESIAN_POINT('',(2.809516061704,9.781369103164,
    31.251940496948));
#6326 = CARTESIAN_POINT('',(2.988850028318,9.864473089588,
    31.435098307844));
#6327 = CARTESIAN_POINT('',(3.111610573516,9.926682472821,
    31.575036824886));
#6328 = CARTESIAN_POINT('',(3.226223316274,9.990120911516,
    31.720931192572));
#6329 = CARTESIAN_POINT('',(3.332514190579,10.05442722226,31.87235254722
    ));
#6330 = CARTESIAN_POINT('',(3.430304478902,10.11927145392,
    32.028886675679));
#6331 = CARTESIAN_POINT('',(3.519411533508,10.184354793277,
    32.190132498654));
#6332 = CARTESIAN_POINT('',(3.66890378044,10.305567511941,
    32.498634666388));
#6333 = CARTESIAN_POINT('',(3.731544791337,10.361699603081,
    32.64477681505));
#6334 = CARTESIAN_POINT('',(3.787440999805,10.417630221253,
    32.793874724343));
#6335 = CARTESIAN_POINT('',(3.836455361036,10.473193208707,
    32.945659119983));
#6336 = CARTESIAN_POINT('',(3.878444488277,10.528232085112,
    33.099845882011));
#6337 = CARTESIAN_POINT('',(3.913263647925,10.582600452982,
    33.256133856945));
#6338 = CARTESIAN_POINT('',(3.954098766115,10.662111870757,
    33.490783181604));
#6339 = CARTESIAN_POINT('',(3.965709669506,10.687871761343,
    33.567780746896));
#6340 = CARTESIAN_POINT('',(3.975588107271,10.713426381645,
    33.645158348681));
#6341 = CARTESIAN_POINT('',(3.98371821119,10.738760544233,
    33.722877457361));
#6342 = CARTESIAN_POINT('',(3.990084602354,10.763859567472,
    33.800898030855));
#6343 = CARTESIAN_POINT('',(3.994672391167,10.78870927552,33.8791785146)
  );
#6344 = CARTESIAN_POINT('',(4.002315932195,10.85595221033,
    34.093863110036));
#6345 = CARTESIAN_POINT('',(4.001768087681,10.897817098544,
    34.230703629429));
#6346 = CARTESIAN_POINT('',(3.995749727845,10.938818992462,
    34.367971015954));
#6347 = CARTESIAN_POINT('',(3.984194226735,10.978891275736,
    34.505424267229));
#6348 = CARTESIAN_POINT('',(3.967045998792,11.017972849256,
    34.642807893628));
#6349 = CARTESIAN_POINT('',(3.944264249232,11.056008594232,
    34.779852049659));
#6350 = CARTESIAN_POINT('',(3.884160907195,11.134084729974,
    35.068180059374));
#6351 = CARTESIAN_POINT('',(3.845481497544,11.173863521752,
    35.219317903514));
#6352 = CARTESIAN_POINT('',(3.799758795765,11.212217431682,
    35.369289672566));
#6353 = CARTESIAN_POINT('',(3.746991147686,11.249089921222,
    35.517683991328));
#6354 = CARTESIAN_POINT('',(3.687210421845,11.284436379383,
    35.664077067145));
#6355 = CARTESIAN_POINT('',(3.620487486631,11.318223809895,
    35.808035122466));
#6356 = CARTESIAN_POINT('',(3.493059810728,11.374023092226,
    36.052464257166));
#6357 = CARTESIAN_POINT('',(3.435517609254,11.396767864497,
    36.154270190843));
#6358 = CARTESIAN_POINT('',(3.374356295989,11.41865625575,
    36.254361534039));
#6359 = CARTESIAN_POINT('',(3.309632237685,11.439683630948,
    36.352566447662));
#6360 = CARTESIAN_POINT('',(3.241413513008,11.459848865074,
    36.448714985754));
#6361 = CARTESIAN_POINT('',(3.169780470671,11.47915390875,36.54263973331
    ));
#6362 = CARTESIAN_POINT('',(3.037587114536,11.511692373812,
    36.704078955334));
#6363 = CARTESIAN_POINT('',(2.978410700495,11.525282465527,
    36.772589479543));
#6364 = CARTESIAN_POINT('',(2.917338333438,11.538375902463,
    36.839634943624));
#6365 = CARTESIAN_POINT('',(2.85441498027,11.550975760715,
    36.905144398837));
#6366 = CARTESIAN_POINT('',(2.789689286798,11.563085919021,36.9690490208
    ));
#6367 = CARTESIAN_POINT('',(2.723213577738,11.574711058763,
    37.031282109496));
#6368 = CARTESIAN_POINT('',(2.631422276385,11.589718742385,
    37.11274197785));
#6369 = CARTESIAN_POINT('',(2.607351633236,11.593563398912,
    37.133714434838));
#6370 = CARTESIAN_POINT('',(2.582807990855,11.597391744689,
    37.15470251942));
#6371 = CARTESIAN_POINT('',(2.557769323832,11.601204179933,
    37.175708599966));
#6372 = CARTESIAN_POINT('',(2.532212928347,11.605000868687,
    37.196733801838));
#6373 = CARTESIAN_POINT('',(2.506117931021,11.608781375649,
    37.217775917297));
#6374 = CARTESIAN_POINT('',(2.452808060433,11.616308767061,
    37.259887104185));
#6375 = CARTESIAN_POINT('',(2.425588787097,11.620056261815,
    37.280959605992));
#6376 = CARTESIAN_POINT('',(2.39778092274,11.623787274463,
    37.302047585911));
#6377 = CARTESIAN_POINT('',(2.369356177486,11.627501731992,
    37.323150777152));
#6378 = CARTESIAN_POINT('',(2.340282730149,11.631199589911,
    37.344269063541));
#6379 = CARTESIAN_POINT('',(2.310524937656,11.634880765051,
    37.365402095592));
#6380 = CARTESIAN_POINT('',(1.997200432875,11.672546274011,
    37.582770946047));
#6381 = CARTESIAN_POINT('',(1.693521463605,11.700104628643,
    37.751381317527));
#6382 = CARTESIAN_POINT('',(1.372613797198,11.721542851606,
    37.889272886006));
#6383 = CARTESIAN_POINT('',(1.038459556954,11.737289526054,
    37.994241433451));
#6384 = CARTESIAN_POINT('',(0.695294398909,11.747680030393,
    38.064764719663));
#6385 = CARTESIAN_POINT('',(0.347570005082,11.752871446795,38.1));
#6386 = CARTESIAN_POINT('',(-2.205775221264E-15,11.752871446795,38.1));
#6387 = PCURVE('',#2190,#6388);
#6388 = DEFINITIONAL_REPRESENTATION('',(#6389),#6470);
#6389 = B_SPLINE_CURVE_WITH_KNOTS('',7,(#6390,#6391,#6392,#6393,#6394,
    #6395,#6396,#6397,#6398,#6399,#6400,#6401,#6402,#6403,#6404,#6405,
    #6406,#6407,#6408,#6409,#6410,#6411,#6412,#6413,#6414,#6415,#6416,
    #6417,#6418,#6419,#6420,#6421,#6422,#6423,#6424,#6425,#6426,#6427,
    #6428,#6429,#6430,#6431,#6432,#6433,#6434,#6435,#6436,#6437,#6438,
    #6439,#6440,#6441,#6442,#6443,#6444,#6445,#6446,#6447,#6448,#6449,
    #6450,#6451,#6452,#6453,#6454,#6455,#6456,#6457,#6458,#6459,#6460,
    #6461,#6462,#6463,#6464,#6465,#6466,#6467,#6468,#6469),
  .UNSPECIFIED.,.F.,.F.,(8,6,6,6,6,6,6,6,6,6,6,6,6,8),(0.,0.116680593406
    ,0.179951009721,0.223505543877,0.340705284856,0.441877536944,
    0.490893042836,0.575931452685,0.670623616117,0.739989036047,
    0.792960319419,0.811315468981,0.829671715086,1.),.UNSPECIFIED.);
#6390 = CARTESIAN_POINT('',(2.996517549783,3.233788762558));
#6391 = CARTESIAN_POINT('',(2.945920562114,3.249352069673));
#6392 = CARTESIAN_POINT('',(2.895540204015,3.271063069391));
#6393 = CARTESIAN_POINT('',(2.845481907089,3.298621284485));
#6394 = CARTESIAN_POINT('',(2.795805204197,3.331570083271));
#6395 = CARTESIAN_POINT('',(2.746542639283,3.369374634522));
#6396 = CARTESIAN_POINT('',(2.697708928396,3.411477924998));
#6397 = CARTESIAN_POINT('',(2.623050680904,3.482200894823));
#6398 = CARTESIAN_POINT('',(2.596923531178,3.508173063434));
#6399 = CARTESIAN_POINT('',(2.570916359353,3.535166655207));
#6400 = CARTESIAN_POINT('',(2.545025402635,3.563098592789));
#6401 = CARTESIAN_POINT('',(2.519245737131,3.59188836809));
#6402 = CARTESIAN_POINT('',(2.493571316175,3.621458998662));
#6403 = CARTESIAN_POINT('',(2.450388610202,3.672581645015));
#6404 = CARTESIAN_POINT('',(2.432828820456,3.693760841594));
#6405 = CARTESIAN_POINT('',(2.415313363631,3.715251770182));
#6406 = CARTESIAN_POINT('',(2.39783987127,3.737031439913));
#6407 = CARTESIAN_POINT('',(2.380405882236,3.759077672685));
#6408 = CARTESIAN_POINT('',(2.363008842716,3.781369103164));
#6409 = CARTESIAN_POINT('',(2.298925179005,3.864473089588));
#6410 = CARTESIAN_POINT('',(2.252456645523,3.926682472821));
#6411 = CARTESIAN_POINT('',(2.206182765074,3.990120911516));
#6412 = CARTESIAN_POINT('',(2.16005193246,4.05442722226));
#6413 = CARTESIAN_POINT('',(2.114015392121,4.11927145392));
#6414 = CARTESIAN_POINT('',(2.068024346973,4.184354793277));
#6415 = CARTESIAN_POINT('',(1.982320817514,4.305567511941));
#6416 = CARTESIAN_POINT('',(1.94261302708,4.361699603081));
#6417 = CARTESIAN_POINT('',(1.902873420251,4.417630221253));
#6418 = CARTESIAN_POINT('',(1.863075052248,4.473193208707));
#6419 = CARTESIAN_POINT('',(1.823193899437,4.528232085112));
#6420 = CARTESIAN_POINT('',(1.783208054831,4.582600452982));
#6421 = CARTESIAN_POINT('',(1.723664051963,4.662111870757));
#6422 = CARTESIAN_POINT('',(1.704202012848,4.687871761343));
#6423 = CARTESIAN_POINT('',(1.684708649639,4.713426381645));
#6424 = CARTESIAN_POINT('',(1.665181978713,4.738760544233));
#6425 = CARTESIAN_POINT('',(1.645620189442,4.763859567472));
#6426 = CARTESIAN_POINT('',(1.626021644198,4.78870927552));
#6427 = CARTESIAN_POINT('',(1.57231648893,4.85595221033));
#6428 = CARTESIAN_POINT('',(1.538132872741,4.897817098544));
#6429 = CARTESIAN_POINT('',(1.503826744682,4.938818992462));
#6430 = CARTESIAN_POINT('',(1.469392262883,4.978891275736));
#6431 = CARTESIAN_POINT('',(1.434825155059,5.017972849256));
#6432 = CARTESIAN_POINT('',(1.40012284485,5.056008594232));
#6433 = CARTESIAN_POINT('',(1.326491392285,5.134084729974));
#6434 = CARTESIAN_POINT('',(1.287528692371,5.173863521752));
#6435 = CARTESIAN_POINT('',(1.248396804822,5.212217431682));
#6436 = CARTESIAN_POINT('',(1.209097051614,5.249089921222));
#6437 = CARTESIAN_POINT('',(1.16963240536,5.284436379383));
#6438 = CARTESIAN_POINT('',(1.130008144357,5.318223809895));
#6439 = CARTESIAN_POINT('',(1.061095421259,5.374023092226));
#6440 = CARTESIAN_POINT('',(1.031876569997,5.396767864497));
#6441 = CARTESIAN_POINT('',(1.002579163176,5.41865625575));
#6442 = CARTESIAN_POINT('',(0.973206369742,5.439683630948));
#6443 = CARTESIAN_POINT('',(0.943761518888,5.459848865074));
#6444 = CARTESIAN_POINT('',(0.914248300678,5.47915390875));
#6445 = CARTESIAN_POINT('',(0.862084073344,5.511692373812));
#6446 = CARTESIAN_POINT('',(0.83945963362,5.525282465527));
#6447 = CARTESIAN_POINT('',(0.816799408751,5.538375902463));
#6448 = CARTESIAN_POINT('',(0.79410516363,5.550975760715));
#6449 = CARTESIAN_POINT('',(0.771378666801,5.563085919021));
#6450 = CARTESIAN_POINT('',(0.748621690454,5.574711058763));
#6451 = CARTESIAN_POINT('',(0.717940514266,5.589718742385));
#6452 = CARTESIAN_POINT('',(0.709959461771,5.593563398912));
#6453 = CARTESIAN_POINT('',(0.701886567787,5.597391744689));
#6454 = CARTESIAN_POINT('',(0.693716438484,5.601204179933));
#6455 = CARTESIAN_POINT('',(0.685443661397,5.605000868687));
#6456 = CARTESIAN_POINT('',(0.677063602231,5.608781375649));
#6457 = CARTESIAN_POINT('',(0.660079612779,5.616308767061));
#6458 = CARTESIAN_POINT('',(0.65147428887,5.620056261815));
#6459 = CARTESIAN_POINT('',(0.642750094864,5.623787274463));
#6460 = CARTESIAN_POINT('',(0.633900407123,5.627501731992));
#6461 = CARTESIAN_POINT('',(0.624917736903,5.631199589911));
#6462 = CARTESIAN_POINT('',(0.61579369432,5.634880765051));
#6463 = CARTESIAN_POINT('',(0.52045827906,5.672546274011));
#6464 = CARTESIAN_POINT('',(0.434052988902,5.700104628643));
#6465 = CARTESIAN_POINT('',(0.34744224617,5.721542851606));
#6466 = CARTESIAN_POINT('',(0.260688222749,5.737289526054));
#6467 = CARTESIAN_POINT('',(0.173822878809,5.747680030393));
#6468 = CARTESIAN_POINT('',(8.689250127041E-02,5.752871446795));
#6469 = CARTESIAN_POINT('',(0.,5.752871446795));
#6470 = ( GEOMETRIC_REPRESENTATION_CONTEXT(2) 
PARAMETRIC_REPRESENTATION_CONTEXT() REPRESENTATION_CONTEXT('2D SPACE',''
  ) );
#6471 = PCURVE('',#3577,#6472);
#6472 = DEFINITIONAL_REPRESENTATION('',(#6473),#6554);
#6473 = B_SPLINE_CURVE_WITH_KNOTS('',7,(#6474,#6475,#6476,#6477,#6478,
    #6479,#6480,#6481,#6482,#6483,#6484,#6485,#6486,#6487,#6488,#6489,
    #6490,#6491,#6492,#6493,#6494,#6495,#6496,#6497,#6498,#6499,#6500,
    #6501,#6502,#6503,#6504,#6505,#6506,#6507,#6508,#6509,#6510,#6511,
    #6512,#6513,#6514,#6515,#6516,#6517,#6518,#6519,#6520,#6521,#6522,
    #6523,#6524,#6525,#6526,#6527,#6528,#6529,#6530,#6531,#6532,#6533,
    #6534,#6535,#6536,#6537,#6538,#6539,#6540,#6541,#6542,#6543,#6544,
    #6545,#6546,#6547,#6548,#6549,#6550,#6551,#6552,#6553),
  .UNSPECIFIED.,.F.,.F.,(8,6,6,6,6,6,6,6,6,6,6,6,6,8),(0.,0.116680593406
    ,0.179951009721,0.223505543877,0.340705284856,0.441877536944,
    0.490893042836,0.575931452685,0.670623616117,0.739989036047,
    0.792960319419,0.811315468981,0.829671715086,1.),.UNSPECIFIED.);
#6474 = CARTESIAN_POINT('',(1.482292387971,-0.676190565769));
#6475 = CARTESIAN_POINT('',(1.464894269828,-0.673019488831));
#6476 = CARTESIAN_POINT('',(1.447950950629,-0.668589820877));
#6477 = CARTESIAN_POINT('',(1.43161843132,-0.662954123454));
#6478 = CARTESIAN_POINT('',(1.416011411668,-0.656191723297));
#6479 = CARTESIAN_POINT('',(1.401205067261,-0.648393733167));
#6480 = CARTESIAN_POINT('',(1.387241091491,-0.639652721365));
#6481 = CARTESIAN_POINT('',(1.367032811588,-0.624853736246));
#6482 = CARTESIAN_POINT('',(1.360180070539,-0.619398631116));
#6483 = CARTESIAN_POINT('',(1.353582218778,-0.613705320411));
#6484 = CARTESIAN_POINT('',(1.34723982159,-0.607786912467));
#6485 = CARTESIAN_POINT('',(1.341151927597,-0.601655857595));
#6486 = CARTESIAN_POINT('',(1.335316426221,-0.59532378761));
#6487 = CARTESIAN_POINT('',(1.325885060662,-0.584311397574));
#6488 = CARTESIAN_POINT('',(1.322157980811,-0.579731262821));
#6489 = CARTESIAN_POINT('',(1.318548178805,-0.575064452063));
#6490 = CARTESIAN_POINT('',(1.315054568936,-0.570314293427));
#6491 = CARTESIAN_POINT('',(1.311675966567,-0.565483942197));
#6492 = CARTESIAN_POINT('',(1.308411088135,-0.560576380821));
#6493 = CARTESIAN_POINT('',(1.296775472959,-0.542188589693));
#6494 = CARTESIAN_POINT('',(1.289106688995,-0.528245192885));
#6495 = CARTESIAN_POINT('',(1.282224651235,-0.513817358324));
#6496 = CARTESIAN_POINT('',(1.276101815607,-0.498951856922));
#6497 = CARTESIAN_POINT('',(1.270712137704,-0.483689949302));
#6498 = CARTESIAN_POINT('',(1.266032224615,-0.468068006966));
#6499 = CARTESIAN_POINT('',(1.258597719265,-0.438349039069));
#6500 = CARTESIAN_POINT('',(1.255667632656,-0.424336756927));
#6501 = CARTESIAN_POINT('',(1.253239130275,-0.41010241403));
#6502 = CARTESIAN_POINT('',(1.251301669679,-0.395666863607));
#6503 = CARTESIAN_POINT('',(1.249846754192,-0.381050932191));
#6504 = CARTESIAN_POINT('',(1.248867768341,-0.366275894151));
#6505 = CARTESIAN_POINT('',(1.248113721362,-0.344139468615));
#6506 = CARTESIAN_POINT('',(1.247978187291,-0.336882950619));
#6507 = CARTESIAN_POINT('',(1.247952663829,-0.329596961766));
#6508 = CARTESIAN_POINT('',(1.248036681069,-0.32228418163));
#6509 = CARTESIAN_POINT('',(1.248229846447,-0.314947399838));
#6510 = CARTESIAN_POINT('',(1.248531844735,-0.307589516066));
#6511 = CARTESIAN_POINT('',(1.249654788186,-0.287416747275));
#6512 = CARTESIAN_POINT('',(1.250693999995,-0.274565458385));
#6513 = CARTESIAN_POINT('',(1.252058751617,-0.261675604986));
#6514 = CARTESIAN_POINT('',(1.253748300765,-0.24876432744));
#6515 = CARTESIAN_POINT('',(1.255762272273,-0.235850177618));
#6516 = CARTESIAN_POINT('',(1.258100445636,-0.222953321654));
#6517 = CARTESIAN_POINT('',(1.263726846782,-0.195778542155));
#6518 = CARTESIAN_POINT('',(1.267092874418,-0.181509710453));
#6519 = CARTESIAN_POINT('',(1.270860096389,-0.167319997717));
#6520 = CARTESIAN_POINT('',(1.275028014309,-0.153242346467));
#6521 = CARTESIAN_POINT('',(1.279595668523,-0.13931202213));
#6522 = CARTESIAN_POINT('',(1.284561146152,-0.12556674354));
#6523 = CARTESIAN_POINT('',(1.293847440397,-0.102142977759));
#6524 = CARTESIAN_POINT('',(1.297985532495,-9.235987571904E-02));
#6525 = CARTESIAN_POINT('',(1.302334035803,-8.271329226608E-02));
#6526 = CARTESIAN_POINT('',(1.306891312468,-7.321943094204E-02));
#6527 = CARTESIAN_POINT('',(1.311655304083,-6.38948685674E-02));
#6528 = CARTESIAN_POINT('',(1.316623419368,-5.475650991166E-02));
#6529 = CARTESIAN_POINT('',(1.325739758948,-3.899830539121E-02));
#6530 = CARTESIAN_POINT('',(1.329804266125,-3.229360885911E-02));
#6531 = CARTESIAN_POINT('',(1.333984543084,-2.571511035595E-02));
#6532 = CARTESIAN_POINT('',(1.338278978669,-1.927043626412E-02));
#6533 = CARTESIAN_POINT('',(1.342685750869,-1.296718176013E-02));
#6534 = CARTESIAN_POINT('',(1.347202826821,-6.812910814574E-03));
#6535 = CARTESIAN_POINT('',(1.3534306248,1.263133706069E-03));
#6536 = CARTESIAN_POINT('',(1.355062927693,3.344803864318E-03));
#6537 = CARTESIAN_POINT('',(1.356726528068,5.418769967998E-03));
#6538 = CARTESIAN_POINT('',(1.358422954553,7.500738857988E-03));
#6539 = CARTESIAN_POINT('',(1.360153785237,9.577170352935E-03));
#6540 = CARTESIAN_POINT('',(1.361920479036,1.16557256131E-02));
#6541 = CARTESIAN_POINT('',(1.365528586152,1.581107270778E-02));
#6542 = CARTESIAN_POINT('',(1.367370297147,1.788861635691E-02));
#6543 = CARTESIAN_POINT('',(1.369251359538,1.996590494051E-02));
#6544 = CARTESIAN_POINT('',(1.371173745892,2.204292816917E-02));
#6545 = CARTESIAN_POINT('',(1.373139674844,2.411969081263E-02));
#6546 = CARTESIAN_POINT('',(1.375151632441,2.619617493978E-02));
#6547 = CARTESIAN_POINT('',(1.396334271329,4.753676322616E-02));
#6548 = CARTESIAN_POINT('',(1.416851856462,6.394307262677E-02));
#6549 = CARTESIAN_POINT('',(1.438598038522,7.727801078182E-02));
#6550 = CARTESIAN_POINT('',(1.461370618106,8.739101706175E-02));
#6551 = CARTESIAN_POINT('',(1.484925000987,9.417371944136E-02));
#6552 = CARTESIAN_POINT('',(1.508975268785,9.756223395555E-02));
#6553 = CARTESIAN_POINT('',(1.533203626075,9.756223395555E-02));
#6554 = ( GEOMETRIC_REPRESENTATION_CONTEXT(2) 
PARAMETRIC_REPRESENTATION_CONTEXT() REPRESENTATION_CONTEXT('2D SPACE',''
  ) );
#6555 = ORIENTED_EDGE('',*,*,#6556,.F.);
#6556 = EDGE_CURVE('',#6280,#6303,#6557,.T.);
#6557 = SURFACE_CURVE('',#6558,(#6631,#6707),.PCURVE_S1.);
#6558 = B_SPLINE_CURVE_WITH_KNOTS('',6,(#6559,#6560,#6561,#6562,#6563,
    #6564,#6565,#6566,#6567,#6568,#6569,#6570,#6571,#6572,#6573,#6574,
    #6575,#6576,#6577,#6578,#6579,#6580,#6581,#6582,#6583,#6584,#6585,
    #6586,#6587,#6588,#6589,#6590,#6591,#6592,#6593,#6594,#6595,#6596,
    #6597,#6598,#6599,#6600,#6601,#6602,#6603,#6604,#6605,#6606,#6607,
    #6608,#6609,#6610,#6611,#6612,#6613,#6614,#6615,#6616,#6617,#6618,
    #6619,#6620,#6621,#6622,#6623,#6624,#6625,#6626,#6627,#6628,#6629,
    #6630),.UNSPECIFIED.,.F.,.F.,(7,5,5,5,5,5,5,5,5,5,5,5,5,5,7),(0.,
    0.169552016707,0.210409452767,0.222131853554,0.257711530457,
    0.319470516234,0.404730508107,0.480218952559,0.613637057858,
    0.690446490111,0.720473799619,0.760969014467,0.817953453047,
    0.869449825539,1.),.UNSPECIFIED.);
#6559 = CARTESIAN_POINT('',(-2.22044604925E-15,11.752871446795,38.1));
#6560 = CARTESIAN_POINT('',(-0.389241448858,11.752871446795,38.1));
#6561 = CARTESIAN_POINT('',(-0.778622644142,11.746174573737,
    38.054546848948));
#6562 = CARTESIAN_POINT('',(-1.160887831245,11.732772550222,
    37.963583646221));
#6563 = CARTESIAN_POINT('',(-1.529276446857,11.712357738042,
    37.828802197156));
#6564 = CARTESIAN_POINT('',(-1.877406507703,11.684243767584,
    37.653046665551));
#6565 = CARTESIAN_POINT('',(-2.27722683766,11.639158841426,
    37.389814309837));
#6566 = CARTESIAN_POINT('',(-2.353363350763,11.629926534271,
    37.336584371519));
#6567 = CARTESIAN_POINT('',(-2.427922219061,11.620208636609,
    37.281301047055));
#6568 = CARTESIAN_POINT('',(-2.500830643484,11.609997784229,
    37.224030258666));
#6569 = CARTESIAN_POINT('',(-2.572019827909,11.599287150565,
    37.164841918237));
#6570 = CARTESIAN_POINT('',(-2.661338000588,11.584852263883,
    37.086299248056));
#6571 = CARTESIAN_POINT('',(-2.681104262638,11.581592412819,
    37.068636719147));
#6572 = CARTESIAN_POINT('',(-2.700722276453,11.578290741199,
    37.05082404297));
#6573 = CARTESIAN_POINT('',(-2.720190566834,11.574947105226,
    37.032862959488));
#6574 = CARTESIAN_POINT('',(-2.73950767224,11.571561369611,
    37.014755246246));
#6575 = CARTESIAN_POINT('',(-2.816839900155,11.557728902195,
    36.941102885525));
#6576 = CARTESIAN_POINT('',(-2.873601678617,11.546935398367,
    36.88436881993));
#6577 = CARTESIAN_POINT('',(-2.928917430877,11.535749209083,
    36.826350977048));
#6578 = CARTESIAN_POINT('',(-2.982749952639,11.524167288465,
    36.767101359968));
#6579 = CARTESIAN_POINT('',(-3.035064884617,11.512187231754,
    36.706673519415));
#6580 = CARTESIAN_POINT('',(-3.173949726441,11.478318222568,
    36.538282763625));
#6581 = CARTESIAN_POINT('',(-3.257402219904,11.455624139047,
    36.428057789516));
#6582 = CARTESIAN_POINT('',(-3.336022118133,11.43171647743,
    36.31473687658));
#6583 = CARTESIAN_POINT('',(-3.409673491537,11.406592881457,
    36.198617001599));
#6584 = CARTESIAN_POINT('',(-3.478248644926,11.380258756963,
    36.080000634958));
#6585 = CARTESIAN_POINT('',(-3.629215908756,11.314723033393,
    35.792415907562));
#6586 = CARTESIAN_POINT('',(-3.706938676875,11.274437037296,
    35.6214575355));
#6587 = CARTESIAN_POINT('',(-3.774619686127,11.231909435491,
    35.447124840013));
#6588 = CARTESIAN_POINT('',(-3.832154251073,11.187206760806,
    35.270206268933));
#6589 = CARTESIAN_POINT('',(-3.879527432132,11.140424746104,
    35.09146310958));
#6590 = CARTESIAN_POINT('',(-3.949788815234,11.048539879587,
    34.752389127475));
#6591 = CARTESIAN_POINT('',(-3.974861927576,11.003857869131,
    34.592291627814));
#6592 = CARTESIAN_POINT('',(-3.992052068701,10.957729045541,
    34.431825327329));
#6593 = CARTESIAN_POINT('',(-4.001441636664,10.910253990856,
    34.271454539677));
#6594 = CARTESIAN_POINT('',(-4.003143220451,10.861546747286,
    34.111609950446));
#6595 = CARTESIAN_POINT('',(-3.986935297457,10.723692849325,
    33.671810169894));
#6596 = CARTESIAN_POINT('',(-3.952975393783,10.632207448886,
    33.393849074974));
#6597 = CARTESIAN_POINT('',(-3.896133653938,10.537950228833,
    33.120921141369));
#6598 = CARTESIAN_POINT('',(-3.817262830724,10.441720510723,
    32.854876085233));
#6599 = CARTESIAN_POINT('',(-3.717230872418,10.344425266795,
    32.59733202978));
#6600 = CARTESIAN_POINT('',(-3.527386274919,10.191015644173,
    32.207204622371));
#6601 = CARTESIAN_POINT('',(-3.451250332926,10.134947625539,
    32.067974580046));
#6602 = CARTESIAN_POINT('',(-3.368478260045,10.079053974109,
    31.932332297812));
#6603 = CARTESIAN_POINT('',(-3.27920275125,10.023546377238,
    31.800561424774));
#6604 = CARTESIAN_POINT('',(-3.183549695599,9.96865632384,
    31.672951604349));
#6605 = CARTESIAN_POINT('',(-3.041794940071,9.893516797644,
    31.50165654708));
#6606 = CARTESIAN_POINT('',(-3.00099730576,9.872531289063,
    31.454194648411));
#6607 = CARTESIAN_POINT('',(-2.959250599612,9.851694013863,
    31.407432808836));
#6608 = CARTESIAN_POINT('',(-2.916562272155,9.831020782253,
    31.36138970942));
#6609 = CARTESIAN_POINT('',(-2.872939954846,9.810528029592,
    31.316084582368));
#6610 = CARTESIAN_POINT('',(-2.768312788471,9.762862431462,
    31.211460054508));
#6611 = CARTESIAN_POINT('',(-2.706549953508,9.735851375525,
    31.152761225332));
#6612 = CARTESIAN_POINT('',(-2.643121765231,9.709241521363,
    31.095489235217));
#6613 = CARTESIAN_POINT('',(-2.578049190496,9.683077020171,
    31.039695074299));
#6614 = CARTESIAN_POINT('',(-2.511355352962,9.657404301543,
    30.985432211137));
#6615 = CARTESIAN_POINT('',(-2.346968819928,9.596906267613,
    30.858632018883));
#6616 = CARTESIAN_POINT('',(-2.247713190547,9.562611142024,30.7876513487
    ));
#6617 = CARTESIAN_POINT('',(-2.14536947855,9.529521529556,30.71996925545
    ));
#6618 = CARTESIAN_POINT('',(-2.040024988724,9.497783228136,
    30.655754435213));
#6619 = CARTESIAN_POINT('',(-1.931788895372,9.467549013391,
    30.595184674979));
#6620 = CARTESIAN_POINT('',(-1.720495748746,9.413152233225,
    30.487163956435));
#6621 = CARTESIAN_POINT('',(-1.617944743288,9.388685584613,
    30.439011838764));
#6622 = CARTESIAN_POINT('',(-1.513248098519,9.365689909235,
    30.39412073137));
#6623 = CARTESIAN_POINT('',(-1.406530787424,9.344283023929,
    30.352629835143));
#6624 = CARTESIAN_POINT('',(-1.297943848564,9.324579950614,
    30.314675965959));
#6625 = CARTESIAN_POINT('',(-0.908107380615,9.261327780097,
    30.193460364862));
#6626 = CARTESIAN_POINT('',(-0.617284255771,9.227537831034,
    30.129959075288));
#6627 = CARTESIAN_POINT('',(-0.318892058922,9.207244827128,
    30.092344525925));
#6628 = CARTESIAN_POINT('',(-1.705838589292E-02,9.201654412029,
    30.081918229028));
#6629 = CARTESIAN_POINT('',(0.283662538609,9.210893643941,
    30.098977634579));
#6630 = CARTESIAN_POINT('',(0.578266979852,9.233788762558,
    30.142019795399));
#6631 = PCURVE('',#2190,#6632);
#6632 = DEFINITIONAL_REPRESENTATION('',(#6633),#6706);
#6633 = B_SPLINE_CURVE_WITH_KNOTS('',6,(#6634,#6635,#6636,#6637,#6638,
    #6639,#6640,#6641,#6642,#6643,#6644,#6645,#6646,#6647,#6648,#6649,
    #6650,#6651,#6652,#6653,#6654,#6655,#6656,#6657,#6658,#6659,#6660,
    #6661,#6662,#6663,#6664,#6665,#6666,#6667,#6668,#6669,#6670,#6671,
    #6672,#6673,#6674,#6675,#6676,#6677,#6678,#6679,#6680,#6681,#6682,
    #6683,#6684,#6685,#6686,#6687,#6688,#6689,#6690,#6691,#6692,#6693,
    #6694,#6695,#6696,#6697,#6698,#6699,#6700,#6701,#6702,#6703,#6704,
    #6705),.UNSPECIFIED.,.F.,.F.,(7,5,5,5,5,5,5,5,5,5,5,5,5,5,7),(0.,
    0.169552016707,0.210409452767,0.222131853554,0.257711530457,
    0.319470516234,0.404730508107,0.480218952559,0.613637057858,
    0.690446490111,0.720473799619,0.760969014467,0.817953453047,
    0.869449825539,1.),.UNSPECIFIED.);
#6634 = CARTESIAN_POINT('',(6.28318530718,5.752871446795));
#6635 = CARTESIAN_POINT('',(6.185874944965,5.752871446795));
#6636 = CARTESIAN_POINT('',(6.08853039916,5.746174573737));
#6637 = CARTESIAN_POINT('',(5.991301843591,5.732772550222));
#6638 = CARTESIAN_POINT('',(5.894232666792,5.712357738042));
#6639 = CARTESIAN_POINT('',(5.797379097247,5.684243767584));
#6640 = CARTESIAN_POINT('',(5.677705695508,5.639158841426));
#6641 = CARTESIAN_POINT('',(5.654490054163,5.629926534271));
#6642 = CARTESIAN_POINT('',(5.631298908179,5.620208636609));
#6643 = CARTESIAN_POINT('',(5.608134205857,5.609997784229));
#6644 = CARTESIAN_POINT('',(5.584997961339,5.599287150565));
#6645 = CARTESIAN_POINT('',(5.555262999794,5.584852263883));
#6646 = CARTESIAN_POINT('',(5.548636228643,5.581592412819));
#6647 = CARTESIAN_POINT('',(5.542011977161,5.578290741199));
#6648 = CARTESIAN_POINT('',(5.535390287201,5.574947105226));
#6649 = CARTESIAN_POINT('',(5.528771206472,5.571561369611));
#6650 = CARTESIAN_POINT('',(5.502072723704,5.557728902195));
#6651 = CARTESIAN_POINT('',(5.482015153272,5.546935398367));
#6652 = CARTESIAN_POINT('',(5.461983410275,5.535749209083));
#6653 = CARTESIAN_POINT('',(5.441978822037,5.524167288465));
#6654 = CARTESIAN_POINT('',(5.422002710165,5.512187231754));
#6655 = CARTESIAN_POINT('',(5.367433690838,5.478318222568));
#6656 = CARTESIAN_POINT('',(5.332900418469,5.455624139047));
#6657 = CARTESIAN_POINT('',(5.298464046345,5.43171647743));
#6658 = CARTESIAN_POINT('',(5.264130748731,5.406592881457));
#6659 = CARTESIAN_POINT('',(5.229906114612,5.380258756963));
#6660 = CARTESIAN_POINT('',(5.148705710449,5.314723033393));
#6661 = CARTESIAN_POINT('',(5.10183206786,5.274437037296));
#6662 = CARTESIAN_POINT('',(5.055190178963,5.231909435491));
#6663 = CARTESIAN_POINT('',(5.008787987788,5.187206760806));
#6664 = CARTESIAN_POINT('',(4.962628607592,5.140424746104));
#6665 = CARTESIAN_POINT('',(4.876059333563,5.048539879587));
#6666 = CARTESIAN_POINT('',(4.835595692185,5.003857869131));
#6667 = CARTESIAN_POINT('',(4.795320593837,4.957729045541));
#6668 = CARTESIAN_POINT('',(4.755228510849,4.910253990856));
#6669 = CARTESIAN_POINT('',(4.715310108571,4.861546747286));
#6670 = CARTESIAN_POINT('',(4.605285525027,4.723692849325));
#6671 = CARTESIAN_POINT('',(4.535529679738,4.632207448886));
#6672 = CARTESIAN_POINT('',(4.466196344801,4.537950228833));
#6673 = CARTESIAN_POINT('',(4.397175546295,4.441720510723));
#6674 = CARTESIAN_POINT('',(4.328337836518,4.344425266795));
#6675 = CARTESIAN_POINT('',(4.219871146582,4.191015644173));
#6676 = CARTESIAN_POINT('',(4.180244100535,4.134947625539));
#6677 = CARTESIAN_POINT('',(4.140585566985,4.079053974109));
#6678 = CARTESIAN_POINT('',(4.100861950569,4.023546377238));
#6679 = CARTESIAN_POINT('',(4.061038101834,3.96865632384));
#6680 = CARTESIAN_POINT('',(4.005452353121,3.893516797644));
#6681 = CARTESIAN_POINT('',(3.989808447492,3.872531289063));
#6682 = CARTESIAN_POINT('',(3.974141250106,3.851694013863));
#6683 = CARTESIAN_POINT('',(3.958448581141,3.831020782253));
#6684 = CARTESIAN_POINT('',(3.942728280478,3.810528029592));
#6685 = CARTESIAN_POINT('',(3.905737457482,3.762862431462));
#6686 = CARTESIAN_POINT('',(3.884442618029,3.735851375525));
#6687 = CARTESIAN_POINT('',(3.863088394741,3.709241521363));
#6688 = CARTESIAN_POINT('',(3.841669779322,3.683077020171));
#6689 = CARTESIAN_POINT('',(3.820182049782,3.657404301543));
#6690 = CARTESIAN_POINT('',(3.768279965889,3.596906267613));
#6691 = CARTESIAN_POINT('',(3.737793880447,3.562611142024));
#6692 = CARTESIAN_POINT('',(3.707149937807,3.529521529556));
#6693 = CARTESIAN_POINT('',(3.676338381196,3.497783228136));
#6694 = CARTESIAN_POINT('',(3.645352492807,3.467549013391));
#6695 = CARTESIAN_POINT('',(3.586026450124,3.413152233225));
#6696 = CARTESIAN_POINT('',(3.557719147055,3.388685584613));
#6697 = CARTESIAN_POINT('',(3.529265180797,3.365689909235));
#6698 = CARTESIAN_POINT('',(3.500665809691,3.344283023929));
#6699 = CARTESIAN_POINT('',(3.471926029632,3.324579950614));
#6700 = CARTESIAN_POINT('',(3.369864254928,3.261327780097));
#6701 = CARTESIAN_POINT('',(3.295724027423,3.227537831034));
#6702 = CARTESIAN_POINT('',(3.220990285936,3.207244827128));
#6703 = CARTESIAN_POINT('',(3.145957222133,3.201654412029));
#6704 = CARTESIAN_POINT('',(3.070950575219,3.210893643941));
#6705 = CARTESIAN_POINT('',(2.996517549783,3.233788762558));
#6706 = ( GEOMETRIC_REPRESENTATION_CONTEXT(2) 
PARAMETRIC_REPRESENTATION_CONTEXT() REPRESENTATION_CONTEXT('2D SPACE',''
  ) );
#6707 = PCURVE('',#3577,#6708);
#6708 = DEFINITIONAL_REPRESENTATION('',(#6709),#6782);
#6709 = B_SPLINE_CURVE_WITH_KNOTS('',6,(#6710,#6711,#6712,#6713,#6714,
    #6715,#6716,#6717,#6718,#6719,#6720,#6721,#6722,#6723,#6724,#6725,
    #6726,#6727,#6728,#6729,#6730,#6731,#6732,#6733,#6734,#6735,#6736,
    #6737,#6738,#6739,#6740,#6741,#6742,#6743,#6744,#6745,#6746,#6747,
    #6748,#6749,#6750,#6751,#6752,#6753,#6754,#6755,#6756,#6757,#6758,
    #6759,#6760,#6761,#6762,#6763,#6764,#6765,#6766,#6767,#6768,#6769,
    #6770,#6771,#6772,#6773,#6774,#6775,#6776,#6777,#6778,#6779,#6780,
    #6781),.UNSPECIFIED.,.F.,.F.,(7,5,5,5,5,5,5,5,5,5,5,5,5,5,7),(0.,
    0.169552016707,0.210409452767,0.222131853554,0.257711530457,
    0.319470516234,0.404730508107,0.480218952559,0.613637057858,
    0.690446490111,0.720473799619,0.760969014467,0.817953453047,
    0.869449825539,1.),.UNSPECIFIED.);
#6710 = CARTESIAN_POINT('',(1.533203626075,9.756223395555E-02));
#6711 = CARTESIAN_POINT('',(1.560336810059,9.756223395555E-02));
#6712 = CARTESIAN_POINT('',(1.587723147298,9.319105249824E-02));
#6713 = CARTESIAN_POINT('',(1.614874637349,8.444245408794E-02));
#6714 = CARTESIAN_POINT('',(1.641304464004,7.144503508668E-02));
#6715 = CARTESIAN_POINT('',(1.666567684331,5.439402227815E-02));
#6716 = CARTESIAN_POINT('',(1.695987483906,2.85970873295E-02));
#6717 = CARTESIAN_POINT('',(1.70161029667,2.337047611006E-02));
#6718 = CARTESIAN_POINT('',(1.707137927576,1.793070231909E-02));
#6719 = CARTESIAN_POINT('',(1.712565429186,1.228218758148E-02));
#6720 = CARTESIAN_POINT('',(1.717888146597,6.429591084608E-03));
#6721 = CARTESIAN_POINT('',(1.724597542259,-1.358506136302E-03));
#6722 = CARTESIAN_POINT('',(1.726084389449,-3.109315145106E-03));
#6723 = CARTESIAN_POINT('',(1.727562158914,-4.873672617996E-03));
#6724 = CARTESIAN_POINT('',(1.729030751364,-6.651034041888E-03));
#6725 = CARTESIAN_POINT('',(1.730490068319,-8.441255220663E-03));
#6726 = CARTESIAN_POINT('',(1.736340862459,-1.57180572172E-02));
#6727 = CARTESIAN_POINT('',(1.740655371239,-2.131036373844E-02));
#6728 = CARTESIAN_POINT('',(1.744880846678,-2.701576632609E-02));
#6729 = CARTESIAN_POINT('',(1.749014776634,-3.282850657428E-02));
#6730 = CARTESIAN_POINT('',(1.753054828592,-3.874281318402E-02));
#6731 = CARTESIAN_POINT('',(1.76384485735,-5.518517734481E-02));
#6732 = CARTESIAN_POINT('',(1.770401588221,-6.590617271397E-02));
#6733 = CARTESIAN_POINT('',(1.776657647722,-7.688554326356E-02));
#6734 = CARTESIAN_POINT('',(1.782603485125,-8.809358506373E-02));
#6735 = CARTESIAN_POINT('',(1.788231063811,-9.950139829169E-02));
#6736 = CARTESIAN_POINT('',(1.80085373525,-0.127067081279));
#6737 = CARTESIAN_POINT('',(1.807554542419,-0.143381141246));
#6738 = CARTESIAN_POINT('',(1.813617920926,-0.159949440942));
#6739 = CARTESIAN_POINT('',(1.819031254468,-0.176704540771));
#6740 = CARTESIAN_POINT('',(1.823785450025,-0.193584864544));
#6741 = CARTESIAN_POINT('',(1.83149216612,-0.225541016648));
#6742 = CARTESIAN_POINT('',(1.834588835035,-0.240602325329));
#6743 = CARTESIAN_POINT('',(1.837158072109,-0.255679657245));
#6744 = CARTESIAN_POINT('',(1.839196080457,-0.270738764238));
#6745 = CARTESIAN_POINT('',(1.840699406337,-0.285748920159));
#6746 = CARTESIAN_POINT('',(1.843369095223,-0.327075270331));
#6747 = CARTESIAN_POINT('',(1.843391362113,-0.353225004871));
#6748 = CARTESIAN_POINT('',(1.841710611899,-0.378984266103));
#6749 = CARTESIAN_POINT('',(1.838298832496,-0.404227544053));
#6750 = CARTESIAN_POINT('',(1.833115362417,-0.42883716742));
#6751 = CARTESIAN_POINT('',(1.822066731962,-0.466425805459));
#6752 = CARTESIAN_POINT('',(1.817424210375,-0.479908398288));
#6753 = CARTESIAN_POINT('',(1.812165312242,-0.493116803968));
#6754 = CARTESIAN_POINT('',(1.806278256976,-0.506025226006));
#6755 = CARTESIAN_POINT('',(1.799751106353,-0.518604786481));
#6756 = CARTESIAN_POINT('',(1.78976652185,-0.535599457294));
#6757 = CARTESIAN_POINT('',(1.78686079125,-0.540320662463));
#6758 = CARTESIAN_POINT('',(1.783854925865,-0.544984610894));
#6759 = CARTESIAN_POINT('',(1.780748346223,-0.549589203188));
#6760 = CARTESIAN_POINT('',(1.777540543842,-0.554132216089));
#6761 = CARTESIAN_POINT('',(1.769767897491,-0.564651855867));
#6762 = CARTESIAN_POINT('',(1.765119873749,-0.570576125272));
#6763 = CARTESIAN_POINT('',(1.760285870421,-0.576378354014));
#6764 = CARTESIAN_POINT('',(1.755265279888,-0.582052295938));
#6765 = CARTESIAN_POINT('',(1.75005802649,-0.587591215418));
#6766 = CARTESIAN_POINT('',(1.737074946645,-0.600582027104));
#6767 = CARTESIAN_POINT('',(1.729116765249,-0.607894396177));
#6768 = CARTESIAN_POINT('',(1.720791527609,-0.614905008923));
#6769 = CARTESIAN_POINT('',(1.712103947846,-0.621591460446));
#6770 = CARTESIAN_POINT('',(1.703063178074,-0.627929604457));
#6771 = CARTESIAN_POINT('',(1.685208184709,-0.639284415611));
#6772 = CARTESIAN_POINT('',(1.676456081628,-0.644369513695));
#6773 = CARTESIAN_POINT('',(1.667438852132,-0.649130861412));
#6774 = CARTESIAN_POINT('',(1.658171772304,-0.653548952992));
#6775 = CARTESIAN_POINT('',(1.648674820386,-0.657604432383));
#6776 = CARTESIAN_POINT('',(1.614378392409,-0.670594818812));
#6777 = CARTESIAN_POINT('',(1.58843230307,-0.677476751863));
#6778 = CARTESIAN_POINT('',(1.56160518966,-0.681589544316));
#6779 = CARTESIAN_POINT('',(1.534524649399,-0.682724741244));
#6780 = CARTESIAN_POINT('',(1.507886689726,-0.680855524321));
#6781 = CARTESIAN_POINT('',(1.482292387971,-0.676190565769));
#6782 = ( GEOMETRIC_REPRESENTATION_CONTEXT(2) 
PARAMETRIC_REPRESENTATION_CONTEXT() REPRESENTATION_CONTEXT('2D SPACE',''
  ) );
#6783 = ORIENTED_EDGE('',*,*,#6279,.T.);
#6784 = ORIENTED_EDGE('',*,*,#1984,.T.);
#6785 = ADVANCED_FACE('',(#6786,#7549),#3577,.F.);
#6786 = FACE_BOUND('',#6787,.F.);
#6787 = EDGE_LOOP('',(#6788,#7332,#7440,#7441));
#6788 = ORIENTED_EDGE('',*,*,#6789,.F.);
#6789 = EDGE_CURVE('',#6790,#6792,#6794,.T.);
#6790 = VERTEX_POINT('',#6791);
#6791 = CARTESIAN_POINT('',(-8.860131685449,5.E-02,28.428407626365));
#6792 = VERTEX_POINT('',#6793);
#6793 = CARTESIAN_POINT('',(8.860131357198,5.E-02,28.428407637164));
#6794 = SURFACE_CURVE('',#6795,(#6972,#7152),.PCURVE_S1.);
#6795 = B_SPLINE_CURVE_WITH_KNOTS('',7,(#6796,#6797,#6798,#6799,#6800,
    #6801,#6802,#6803,#6804,#6805,#6806,#6807,#6808,#6809,#6810,#6811,
    #6812,#6813,#6814,#6815,#6816,#6817,#6818,#6819,#6820,#6821,#6822,
    #6823,#6824,#6825,#6826,#6827,#6828,#6829,#6830,#6831,#6832,#6833,
    #6834,#6835,#6836,#6837,#6838,#6839,#6840,#6841,#6842,#6843,#6844,
    #6845,#6846,#6847,#6848,#6849,#6850,#6851,#6852,#6853,#6854,#6855,
    #6856,#6857,#6858,#6859,#6860,#6861,#6862,#6863,#6864,#6865,#6866,
    #6867,#6868,#6869,#6870,#6871,#6872,#6873,#6874,#6875,#6876,#6877,
    #6878,#6879,#6880,#6881,#6882,#6883,#6884,#6885,#6886,#6887,#6888,
    #6889,#6890,#6891,#6892,#6893,#6894,#6895,#6896,#6897,#6898,#6899,
    #6900,#6901,#6902,#6903,#6904,#6905,#6906,#6907,#6908,#6909,#6910,
    #6911,#6912,#6913,#6914,#6915,#6916,#6917,#6918,#6919,#6920,#6921,
    #6922,#6923,#6924,#6925,#6926,#6927,#6928,#6929,#6930,#6931,#6932,
    #6933,#6934,#6935,#6936,#6937,#6938,#6939,#6940,#6941,#6942,#6943,
    #6944,#6945,#6946,#6947,#6948,#6949,#6950,#6951,#6952,#6953,#6954,
    #6955,#6956,#6957,#6958,#6959,#6960,#6961,#6962,#6963,#6964,#6965,
    #6966,#6967,#6968,#6969,#6970,#6971),.UNSPECIFIED.,.T.,.F.,(8,6,6,6,
    6,6,6,6,6,6,6,6,6,6,6,6,6,6,6,6,6,6,6,6,6,6,6,6,6,8),(0.,
    4.857185920781E-03,6.44436395986E-02,9.978785690898E-02,
    0.142390880596,0.173243929528,0.195251859792,0.251006359434,
    0.312310424281,0.337281904563,0.340407899652,0.343863613104,
    0.415709673885,0.44510951702,0.462409661546,0.498421242045,
    0.534768293261,0.551693310459,0.581088479389,0.652953024067,
    0.656064967635,0.659527741456,0.684711338657,0.746969545111,
    0.802770429432,0.82543456566,0.85610632602,0.899106785777,
    0.935164061073,1.),.UNSPECIFIED.);
#6796 = CARTESIAN_POINT('',(8.860346356262,5.329070518201E-15,
    28.428418369978));
#6797 = CARTESIAN_POINT('',(8.860346356273,-3.458245036041E-02,
    28.428418369979));
#6798 = CARTESIAN_POINT('',(8.860106369946,-6.917100900836E-02,
    28.428406389949));
#6799 = CARTESIAN_POINT('',(8.859626244751,-0.103763617257,
    28.428382422272));
#6800 = CARTESIAN_POINT('',(8.858905872649,-0.138358216878,
    28.428346463621));
#6801 = CARTESIAN_POINT('',(8.857945190086,-0.172952750099,
    28.42829851496));
#6802 = CARTESIAN_POINT('',(8.856744177998,-0.207545159604,
    28.428238581543));
#6803 = CARTESIAN_POINT('',(8.837621668597,-0.66645109454,
    28.427284504624));
#6804 = CARTESIAN_POINT('',(8.783763595943,-1.090365652385,
    28.424599735709));
#6805 = CARTESIAN_POINT('',(8.693734152088,-1.509643311905,
    28.420127074434));
#6806 = CARTESIAN_POINT('',(8.568712978741,-1.920680774971,
    28.413989260548));
#6807 = CARTESIAN_POINT('',(8.410614124558,-2.320414703519,
    28.406387014799));
#6808 = CARTESIAN_POINT('',(8.221832943895,-2.706264815587,
    28.397569749885));
#6809 = CARTESIAN_POINT('',(7.87666977973,-3.295487723853,
    28.382016239145));
#6810 = CARTESIAN_POINT('',(7.738318820428,-3.509290317488,
    28.375891243666));
#6811 = CARTESIAN_POINT('',(7.590674373911,-3.717121835056,
    28.369486955202));
#6812 = CARTESIAN_POINT('',(7.434297621414,-3.918664785128,
    28.362859239224));
#6813 = CARTESIAN_POINT('',(7.269749589413,-4.113670289219,
    28.356063495925));
#6814 = CARTESIAN_POINT('',(7.097577444602,-4.301947670927,
    28.349153228263));
#6815 = CARTESIAN_POINT('',(6.702205426172,-4.702016864409,
    28.333771634099));
#6816 = CARTESIAN_POINT('',(6.475795192364,-4.910689624597,
    28.325271418721));
#6817 = CARTESIAN_POINT('',(6.239976326414,-5.109133374973,
    28.316766262546));
#6818 = CARTESIAN_POINT('',(5.995614251802,-5.297191853818,
    28.308338187022));
#6819 = CARTESIAN_POINT('',(5.743522154475,-5.474776230237,
    28.300062191715));
#6820 = CARTESIAN_POINT('',(5.484449560801,-5.641849846042,
    28.29200550966));
#6821 = CARTESIAN_POINT('',(5.026884097503,-5.911795771244,
    28.278593600773));
#6822 = CARTESIAN_POINT('',(4.831395769217,-6.019662985735,
    28.273106384217));
#6823 = CARTESIAN_POINT('',(4.632865533707,-6.122013613694,
    28.267787734579));
#6824 = CARTESIAN_POINT('',(4.431540586063,-6.218853099486,
    28.262658175313));
#6825 = CARTESIAN_POINT('',(4.227655187855,-6.310192058691,
    28.257736273804));
#6826 = CARTESIAN_POINT('',(4.021430141581,-6.396045017544,
    28.253038683403));
#6827 = CARTESIAN_POINT('',(3.664447556806,-6.533768347603,
    28.245399872337));
#6828 = CARTESIAN_POINT('',(3.514738609073,-6.588324429917,
    28.242341247051));
#6829 = CARTESIAN_POINT('',(3.364021061035,-6.640103583849,
    28.239409676446));
#6830 = CARTESIAN_POINT('',(3.21236816725,-6.689112080562,28.23661009098
    ));
#6831 = CARTESIAN_POINT('',(3.059850797704,-6.735356277846,
    28.233946984711));
#6832 = CARTESIAN_POINT('',(2.90653743781,-6.778842620121,
    28.231424415305));
#6833 = CARTESIAN_POINT('',(2.362243637439,-6.922774561654,
    28.223020598147));
#6834 = CARTESIAN_POINT('',(1.967330144593,-7.008308905869,
    28.217920738583));
#6835 = CARTESIAN_POINT('',(1.568799734911,-7.076290789633,
    28.213805085684));
#6836 = CARTESIAN_POINT('',(1.16765890882,-7.12681102925,28.210716189646
    ));
#6837 = CARTESIAN_POINT('',(0.764875957651,-7.159939087248,
    28.20868110522));
#6838 = CARTESIAN_POINT('',(0.361382279165,-7.175721020844,
    28.207712006425));
#6839 = CARTESIAN_POINT('',(-0.485378508675,-7.172479772264,
    28.207911044405));
#6840 = CARTESIAN_POINT('',(-0.928551961297,-7.149834260076,
    28.209301562709));
#6841 = CARTESIAN_POINT('',(-1.370266440286,-7.106271571074,
    28.211975175332));
#6842 = CARTESIAN_POINT('',(-1.80927407885,-7.041771707309,
    28.215908388903));
#6843 = CARTESIAN_POINT('',(-2.244261338742,-6.956294370087,
    28.221055467077));
#6844 = CARTESIAN_POINT('',(-2.673847061383,-6.84979186812,
    28.227347289324));
#6845 = CARTESIAN_POINT('',(-3.268770404494,-6.670233275377,
    28.237682376307));
#6846 = CARTESIAN_POINT('',(-3.439821142356,-6.614765540622,
    28.240848176698));
#6847 = CARTESIAN_POINT('',(-3.60962754418,-6.555798003558,
    28.244182079965));
#6848 = CARTESIAN_POINT('',(-3.778083935361,-6.493328874984,
    28.247677016511));
#6849 = CARTESIAN_POINT('',(-3.945080235366,-6.42735792808,
    28.251325167302));
#6850 = CARTESIAN_POINT('',(-4.110501957731,-6.357886498411,
    28.255117963866));
#6851 = CARTESIAN_POINT('',(-4.294726145235,-6.275783043707,
    28.25953782079));
#6852 = CARTESIAN_POINT('',(-4.315194750181,-6.266594162071,
    28.260031654374));
#6853 = CARTESIAN_POINT('',(-4.335638518874,-6.257349614596,
    28.260527636815));
#6854 = CARTESIAN_POINT('',(-4.356057460579,-6.248049282553,
    28.261025756171));
#6855 = CARTESIAN_POINT('',(-4.376450504361,-6.238693528009,
    28.26152597444));
#6856 = CARTESIAN_POINT('',(-4.396816903595,-6.229282568936,
    28.262028261212));
#6857 = CARTESIAN_POINT('',(-4.439643838637,-6.209350616817,
    28.263090192051));
#6858 = CARTESIAN_POINT('',(-4.462565368669,-6.198600061849,
    28.263661870686));
#6859 = CARTESIAN_POINT('',(-4.48555195535,-6.1877300331,28.264238714535
    ));
#6860 = CARTESIAN_POINT('',(-4.508387308288,-6.176842978592,
    28.264815264755));
#6861 = CARTESIAN_POINT('',(-4.531006931209,-6.165973317712,
    28.265389722493));
#6862 = CARTESIAN_POINT('',(-4.553495931261,-6.155082808225,
    28.265964119032));
#6863 = CARTESIAN_POINT('',(-5.045763018049,-5.914800715708,
    28.278610583476));
#6864 = CARTESIAN_POINT('',(-5.501049085693,-5.655115583508,
    28.291755666331));
#6865 = CARTESIAN_POINT('',(-5.939010426459,-5.364674943591,
    28.305745780546));
#6866 = CARTESIAN_POINT('',(-6.356028519277,-5.043369554007,
    28.320283474475));
#6867 = CARTESIAN_POINT('',(-6.747908421428,-4.691477815526,
    28.334994389857));
#6868 = CARTESIAN_POINT('',(-7.110030628985,-4.309872003101,
    28.349437980425));
#6869 = CARTESIAN_POINT('',(-7.571569303845,-3.732643622821,
    28.368750291107));
#6870 = CARTESIAN_POINT('',(-7.699782904219,-3.560355587484,
    28.374233862793));
#6871 = CARTESIAN_POINT('',(-7.821849622689,-3.383526825321,
    28.379560506901));
#6872 = CARTESIAN_POINT('',(-7.937423081259,-3.202319008234,
    28.384696598601));
#6873 = CARTESIAN_POINT('',(-8.046156295692,-3.016928525201,
    28.389608254316));
#6874 = CARTESIAN_POINT('',(-8.147708965756,-2.827591041523,
    28.394262131603));
#6875 = CARTESIAN_POINT('',(-8.297095281585,-2.521013486465,
    28.401194239548));
#6876 = CARTESIAN_POINT('',(-8.349837287645,-2.406170625157,
    28.40366198868));
#6877 = CARTESIAN_POINT('',(-8.399913593018,-2.290114145193,
    28.406022876212));
#6878 = CARTESIAN_POINT('',(-8.447260188211,-2.172905568436,
    28.408270608905));
#6879 = CARTESIAN_POINT('',(-8.491816244871,-2.054611267593,
    28.410399200513));
#6880 = CARTESIAN_POINT('',(-8.533524115781,-1.93530246621,
    28.412402971784));
#6881 = CARTESIAN_POINT('',(-8.653106035717,-1.564751604274,
    28.418176576899));
#6882 = CARTESIAN_POINT('',(-8.721313925634,-1.310359481644,
    28.421513132214));
#6883 = CARTESIAN_POINT('',(-8.776459118271,-1.052598477836,
    28.424237871282));
#6884 = CARTESIAN_POINT('',(-8.81814692049,-0.792237161985,
    28.426311804983));
#6885 = CARTESIAN_POINT('',(-8.846097928813,-0.5300946557,
    28.427707161077));
#6886 = CARTESIAN_POINT('',(-8.860164125883,-0.267042223462,
    28.428409245076));
#6887 = CARTESIAN_POINT('',(-8.860528212331,0.261482856817,
    28.428427418528));
#6888 = CARTESIAN_POINT('',(-8.846566173325,0.527006171718,
    28.42773053954));
#6889 = CARTESIAN_POINT('',(-8.818456792272,0.791613114785,
    28.426327149106));
#6890 = CARTESIAN_POINT('',(-8.776351259822,1.054407517303,
    28.42423225879));
#6891 = CARTESIAN_POINT('',(-8.720537157907,1.314547347268,
    28.421474457043));
#6892 = CARTESIAN_POINT('',(-8.651421592763,1.571243047919,
    28.418093959472));
#6893 = CARTESIAN_POINT('',(-8.531374480993,1.941338661117,
    28.412299814968));
#6894 = CARTESIAN_POINT('',(-8.490459179976,2.058019519745,
    28.410334627737));
#6895 = CARTESIAN_POINT('',(-8.446819552157,2.173727405552,
    28.408250140089));
#6896 = CARTESIAN_POINT('',(-8.400509639732,2.288395716151,
    28.406051676008));
#6897 = CARTESIAN_POINT('',(-8.351586399822,2.401962293357,
    28.403744840794));
#6898 = CARTESIAN_POINT('',(-8.300109704471,2.514369423191,
    28.401335521065));
#6899 = CARTESIAN_POINT('',(-8.152412287276,2.818684885498,28.3944781042
    ));
#6900 = CARTESIAN_POINT('',(-8.051166912173,3.008148905661,
    28.389835572552));
#6901 = CARTESIAN_POINT('',(-7.942731953151,3.193675394077,
    28.384934234588));
#6902 = CARTESIAN_POINT('',(-7.827447309502,3.375027729121,
    28.379807396635));
#6903 = CARTESIAN_POINT('',(-7.705659731962,3.552008614293,
    28.374488924092));
#6904 = CARTESIAN_POINT('',(-7.577715512678,3.724455522688,
    28.369012438957));
#6905 = CARTESIAN_POINT('',(-7.116934970829,4.302422220175,
    28.349715131114));
#6906 = CARTESIAN_POINT('',(-6.755223994668,4.684613849093,
    28.335273479126));
#6907 = CARTESIAN_POINT('',(-6.363675168456,5.037090060864,
    28.32055819806));
#6908 = CARTESIAN_POINT('',(-5.946917160317,5.358970118567,
    28.306010882352));
#6909 = CARTESIAN_POINT('',(-5.509154132869,5.64997058109,
    28.292006948495));
#6910 = CARTESIAN_POINT('',(-5.054012573218,5.910197946134,
    28.278844772824));
#6911 = CARTESIAN_POINT('',(-4.564099046285,6.149926950207,
    28.266235757204));
#6912 = CARTESIAN_POINT('',(-4.543737266518,6.159820200543,
    28.265714415816));
#6913 = CARTESIAN_POINT('',(-4.523347397376,6.169656979324,
    28.265195079998));
#6914 = CARTESIAN_POINT('',(-4.502929647294,6.179437312979,
    28.264677768362));
#6915 = CARTESIAN_POINT('',(-4.482484510351,6.189161088205,
    28.264162506698));
#6916 = CARTESIAN_POINT('',(-4.462012375345,6.198828243269,
    28.263649317905));
#6917 = CARTESIAN_POINT('',(-4.418702877811,6.219133156086,
    28.262569485542));
#6918 = CARTESIAN_POINT('',(-4.396110046795,6.229639787996,
    28.26200959641));
#6919 = CARTESIAN_POINT('',(-4.373522344616,6.240061964551,
    28.261453133121));
#6920 = CARTESIAN_POINT('',(-4.35083398818,6.250447937355,
    28.260897533785));
#6921 = CARTESIAN_POINT('',(-4.328052633339,6.26079220759,
    28.260343090388));
#6922 = CARTESIAN_POINT('',(-4.305300137937,6.271039268564,
    28.259792801157));
#6923 = CARTESIAN_POINT('',(-4.11922331294,6.354185567805,
    28.255319517734));
#6924 = CARTESIAN_POINT('',(-3.953942932806,6.423786627092,
    28.25152182923));
#6925 = CARTESIAN_POINT('',(-3.787084919586,6.489890188575,
    28.247868335454));
#6926 = CARTESIAN_POINT('',(-3.618763760914,6.552494855053,
    28.24436761757));
#6927 = CARTESIAN_POINT('',(-3.449089535139,6.611600804748,
    28.241027507878));
#6928 = CARTESIAN_POINT('',(-3.278167911334,6.667209791302,
    28.237855089815));
#6929 = CARTESIAN_POINT('',(-2.680718805562,6.848163022691,
    28.22744416657));
#6930 = CARTESIAN_POINT('',(-2.248366627645,6.955636437286,
    28.221095908344));
#6931 = CARTESIAN_POINT('',(-1.810528275133,7.041806288822,
    28.215906943749));
#6932 = CARTESIAN_POINT('',(-1.368612905985,7.106721202277,
    28.211947920348));
#6933 = CARTESIAN_POINT('',(-0.923960271447,7.150422345964,
    28.209265471058));
#6934 = CARTESIAN_POINT('',(-0.477842735355,7.172930087699,
    28.207883393238));
#6935 = CARTESIAN_POINT('',(0.36861852733,7.175361509164,28.207734082309
    ));
#6936 = CARTESIAN_POINT('',(0.768865917949,7.159461117397,
    28.208710468533));
#6937 = CARTESIAN_POINT('',(1.168404013116,7.126490837511,
    28.210735642024));
#6938 = CARTESIAN_POINT('',(1.56632342647,7.076405562705,28.213797617079
    ));
#6939 = CARTESIAN_POINT('',(1.961679065441,7.009137520588,
    28.217869997371));
#6940 = CARTESIAN_POINT('',(2.353488870492,6.924598239669,
    28.222911385781));
#6941 = CARTESIAN_POINT('',(2.898015742622,6.781285346276,
    28.231282843596));
#6942 = CARTESIAN_POINT('',(3.054542245935,6.737024039446,28.23385129164
    ));
#6943 = CARTESIAN_POINT('',(3.210241876428,6.689889648204,
    28.236566307383));
#6944 = CARTESIAN_POINT('',(3.36504185838,6.639875319208,28.239423586161
    ));
#6945 = CARTESIAN_POINT('',(3.51886682822,6.586974292937,28.242418349639
    ));
#6946 = CARTESIAN_POINT('',(3.671638834523,6.53117990369,28.245545345813
    ));
#6947 = CARTESIAN_POINT('',(4.028492310438,6.39305358268,28.253201867705
    ));
#6948 = CARTESIAN_POINT('',(4.231629471783,6.308311359515,28.25783651628
    ));
#6949 = CARTESIAN_POINT('',(4.432490600928,6.218242547837,28.26268860408
    ));
#6950 = CARTESIAN_POINT('',(4.63086430646,6.122833307055,28.267742175059
    ));
#6951 = CARTESIAN_POINT('',(4.826526514579,6.022073488488,
    28.272979468691));
#6952 = CARTESIAN_POINT('',(5.019240956991,5.915957805618,
    28.278380880893));
#6953 = CARTESIAN_POINT('',(5.47445657259,5.648209884509,28.291697462648
    ));
#6954 = CARTESIAN_POINT('',(5.733861385736,5.481413461763,
    28.299749912186));
#6955 = CARTESIAN_POINT('',(5.986300060488,5.304096804318,
    28.308023643707));
#6956 = CARTESIAN_POINT('',(6.231023452826,5.116295687565,
    28.316451511053));
#6957 = CARTESIAN_POINT('',(6.467218668501,4.918097813224,
    28.324958587328));
#6958 = CARTESIAN_POINT('',(6.694020419052,4.709658028487,
    28.333462900457));
#6959 = CARTESIAN_POINT('',(7.092066417948,4.308040936343,
    28.348931010816));
#6960 = CARTESIAN_POINT('',(7.26636297348,4.117838583277,28.355921649401
    ));
#6961 = CARTESIAN_POINT('',(7.432875516103,3.920752996466,
    28.362796293528));
#6962 = CARTESIAN_POINT('',(7.591038463276,3.716980444121,
    28.369499646836));
#6963 = CARTESIAN_POINT('',(7.740271657727,3.50677795272,28.375974420419
    ));
#6964 = CARTESIAN_POINT('',(7.879994846927,3.29047430756,28.382162845671
    ));
#6965 = CARTESIAN_POINT('',(8.242766150206,2.66930682638,28.398518948869
    ));
#6966 = CARTESIAN_POINT('',(8.443459111832,2.251488255275,
    28.407927276081));
#6967 = CARTESIAN_POINT('',(8.608149221349,1.817759968859,
    28.415892190353));
#6968 = CARTESIAN_POINT('',(8.733853750749,1.371448206244,
    28.422103837394));
#6969 = CARTESIAN_POINT('',(8.818337466567,0.916500280048,
    28.426321322646));
#6970 = CARTESIAN_POINT('',(8.860346402079,0.457542843202,
    28.428418368617));
#6971 = CARTESIAN_POINT('',(8.860346356262,0.,28.428418369978));
#6972 = PCURVE('',#3577,#6973);
#6973 = DEFINITIONAL_REPRESENTATION('',(#6974),#7151);
#6974 = B_SPLINE_CURVE_WITH_KNOTS('',7,(#6975,#6976,#6977,#6978,#6979,
    #6980,#6981,#6982,#6983,#6984,#6985,#6986,#6987,#6988,#6989,#6990,
    #6991,#6992,#6993,#6994,#6995,#6996,#6997,#6998,#6999,#7000,#7001,
    #7002,#7003,#7004,#7005,#7006,#7007,#7008,#7009,#7010,#7011,#7012,
    #7013,#7014,#7015,#7016,#7017,#7018,#7019,#7020,#7021,#7022,#7023,
    #7024,#7025,#7026,#7027,#7028,#7029,#7030,#7031,#7032,#7033,#7034,
    #7035,#7036,#7037,#7038,#7039,#7040,#7041,#7042,#7043,#7044,#7045,
    #7046,#7047,#7048,#7049,#7050,#7051,#7052,#7053,#7054,#7055,#7056,
    #7057,#7058,#7059,#7060,#7061,#7062,#7063,#7064,#7065,#7066,#7067,
    #7068,#7069,#7070,#7071,#7072,#7073,#7074,#7075,#7076,#7077,#7078,
    #7079,#7080,#7081,#7082,#7083,#7084,#7085,#7086,#7087,#7088,#7089,
    #7090,#7091,#7092,#7093,#7094,#7095,#7096,#7097,#7098,#7099,#7100,
    #7101,#7102,#7103,#7104,#7105,#7106,#7107,#7108,#7109,#7110,#7111,
    #7112,#7113,#7114,#7115,#7116,#7117,#7118,#7119,#7120,#7121,#7122,
    #7123,#7124,#7125,#7126,#7127,#7128,#7129,#7130,#7131,#7132,#7133,
    #7134,#7135,#7136,#7137,#7138,#7139,#7140,#7141,#7142,#7143,#7144,
    #7145,#7146,#7147,#7148,#7149,#7150),.UNSPECIFIED.,.F.,.F.,(8,6,6,6,
    6,6,6,6,6,6,6,6,6,6,6,6,6,6,6,6,6,6,6,6,6,6,6,6,6,8),(0.,
    4.857185920781E-03,6.44436395986E-02,9.978785690898E-02,
    0.142390880596,0.173243929528,0.195251859792,0.251006359434,
    0.312310424281,0.337281904563,0.340407899652,0.343863613104,
    0.415709673885,0.44510951702,0.462409661546,0.498421242045,
    0.534768293261,0.551693310459,0.581088479389,0.652953024067,
    0.656064967635,0.659527741456,0.684711338657,0.746969545111,
    0.802770429432,0.82543456566,0.85610632602,0.899106785777,
    0.935164061073,1.),.UNSPECIFIED.);
#6975 = CARTESIAN_POINT('',(6.283185307014,-0.880405247809));
#6976 = CARTESIAN_POINT('',(6.27758580945,-0.880405247809));
#6977 = CARTESIAN_POINT('',(6.272002788389,-0.880406854165));
#6978 = CARTESIAN_POINT('',(6.266436147406,-0.880410067898));
#6979 = CARTESIAN_POINT('',(6.260885790568,-0.880414889477));
#6980 = CARTESIAN_POINT('',(6.255351622436,-0.880421318814));
#6981 = CARTESIAN_POINT('',(6.249833548062,-0.880429355273));
#6982 = CARTESIAN_POINT('',(6.176833540195,-0.880557288479));
#6983 = CARTESIAN_POINT('',(6.11170861644,-0.880917322193));
#6984 = CARTESIAN_POINT('',(6.048852659641,-0.881517263928));
#6985 = CARTESIAN_POINT('',(5.988077280333,-0.882341352194));
#6986 = CARTESIAN_POINT('',(5.929189097038,-0.883363715567));
#6987 = CARTESIAN_POINT('',(5.872024431198,-0.884551986887));
#6988 = CARTESIAN_POINT('',(5.783468650455,-0.886652926853));
#6989 = CARTESIAN_POINT('',(5.75104562758,-0.887481248517));
#6990 = CARTESIAN_POINT('',(5.719133501283,-0.888348474875));
#6991 = CARTESIAN_POINT('',(5.687695455158,-0.889247228269));
#6992 = CARTESIAN_POINT('',(5.656694938767,-0.890170144236));
#6993 = CARTESIAN_POINT('',(5.626095978189,-0.891110057251));
#6994 = CARTESIAN_POINT('',(5.55942195648,-0.893205441967));
#6995 = CARTESIAN_POINT('',(5.523513981623,-0.894365505865));
#6996 = CARTESIAN_POINT('',(5.488076052709,-0.895528457012));
#6997 = CARTESIAN_POINT('',(5.45304885505,-0.896683088087));
#6998 = CARTESIAN_POINT('',(5.418375904761,-0.897819029789));
#6999 = CARTESIAN_POINT('',(5.384002184956,-0.898926875024));
#7000 = CARTESIAN_POINT('',(5.325156304531,-0.900774226924));
#7001 = CARTESIAN_POINT('',(5.300568655713,-0.901531021154));
#7002 = CARTESIAN_POINT('',(5.276089282836,-0.902265497192));
#7003 = CARTESIAN_POINT('',(5.251698546634,-0.902974720244));
#7004 = CARTESIAN_POINT('',(5.227377388726,-0.903656009922));
#7005 = CARTESIAN_POINT('',(5.203106999125,-0.904306940871));
#7006 = CARTESIAN_POINT('',(5.161578812116,-0.905366458871));
#7007 = CARTESIAN_POINT('',(5.144305431107,-0.90579101945));
#7008 = CARTESIAN_POINT('',(5.127041622276,-0.90619823598));
#7009 = CARTESIAN_POINT('',(5.109780701378,-0.906587380355));
#7010 = CARTESIAN_POINT('',(5.092516018354,-0.906957785501));
#7011 = CARTESIAN_POINT('',(5.075240957335,-0.907308845383));
#7012 = CARTESIAN_POINT('',(5.014141579344,-0.908478990759));
#7013 = CARTESIAN_POINT('',(4.970227549912,-0.909190274502));
#7014 = CARTESIAN_POINT('',(4.926095310696,-0.909765039904));
#7015 = CARTESIAN_POINT('',(4.881638051887,-0.910196805413));
#7016 = CARTESIAN_POINT('',(4.83674758319,-0.910481395693));
#7017 = CARTESIAN_POINT('',(4.791308225511,-0.910616903082));
#7018 = CARTESIAN_POINT('',(4.694482829637,-0.910589072281));
#7019 = CARTESIAN_POINT('',(4.642961087768,-0.910394631663));
#7020 = CARTESIAN_POINT('',(4.590452700491,-0.910020786675));
#7021 = CARTESIAN_POINT('',(4.536776415273,-0.90947113373));
#7022 = CARTESIAN_POINT('',(4.481734103581,-0.908752665363));
#7023 = CARTESIAN_POINT('',(4.425096886095,-0.907875837889));
#7024 = CARTESIAN_POINT('',(4.342752032723,-0.906438396191));
#7025 = CARTESIAN_POINT('',(4.318607934136,-0.905998372314));
#7026 = CARTESIAN_POINT('',(4.294135333046,-0.905535317178));
#7027 = CARTESIAN_POINT('',(4.269314740933,-0.905050274533));
#7028 = CARTESIAN_POINT('',(4.244125335108,-0.904544390572));
#7029 = CARTESIAN_POINT('',(4.218544958719,-0.904018913932));
#7030 = CARTESIAN_POINT('',(4.189296550715,-0.903407131616));
#7031 = CARTESIAN_POINT('',(4.186030401706,-0.903338784365));
#7032 = CARTESIAN_POINT('',(4.182772649373,-0.903270147447));
#7033 = CARTESIAN_POINT('',(4.179525165602,-0.903201222631));
#7034 = CARTESIAN_POINT('',(4.176281528371,-0.903132015293));
#7035 = CARTESIAN_POINT('',(4.173037831602,-0.903062529755));
#7036 = CARTESIAN_POINT('',(4.166226654539,-0.90291564095));
#7037 = CARTESIAN_POINT('',(4.162581477193,-0.902836574804));
#7038 = CARTESIAN_POINT('',(4.158926810409,-0.902756804926));
#7039 = CARTESIAN_POINT('',(4.155296933499,-0.902677086321));
#7040 = CARTESIAN_POINT('',(4.151701957786,-0.902597667415));
#7041 = CARTESIAN_POINT('',(4.148128226731,-0.902518267205));
#7042 = CARTESIAN_POINT('',(4.06991095265,-0.900770347865));
#7043 = CARTESIAN_POINT('',(3.997744164626,-0.898958106526));
#7044 = CARTESIAN_POINT('',(3.927554475525,-0.897035049349));
#7045 = CARTESIAN_POINT('',(3.858970524045,-0.895043394243));
#7046 = CARTESIAN_POINT('',(3.791673368104,-0.893034996818));
#7047 = CARTESIAN_POINT('',(3.725367766528,-0.89106956616));
#7048 = CARTESIAN_POINT('',(3.632947899352,-0.888448989928));
#7049 = CARTESIAN_POINT('',(3.606234658913,-0.887705823529));
#7050 = CARTESIAN_POINT('',(3.579628624958,-0.886984798039));
#7051 = CARTESIAN_POINT('',(3.553114522326,-0.886290367131));
#7052 = CARTESIAN_POINT('',(3.526678475754,-0.885626994873));
#7053 = CARTESIAN_POINT('',(3.500308192837,-0.884999054088));
#7054 = CARTESIAN_POINT('',(3.458508225193,-0.884064527914));
#7055 = CARTESIAN_POINT('',(3.44304239488,-0.883732037234));
#7056 = CARTESIAN_POINT('',(3.427593483899,-0.883414114384));
#7057 = CARTESIAN_POINT('',(3.412159498567,-0.883111579673));
#7058 = CARTESIAN_POINT('',(3.396738623669,-0.882825212002));
#7059 = CARTESIAN_POINT('',(3.381329222453,-0.882555748873));
#7060 = CARTESIAN_POINT('',(3.33387488013,-0.881779611353));
#7061 = CARTESIAN_POINT('',(3.30186043769,-0.881331516489));
#7062 = CARTESIAN_POINT('',(3.269878133248,-0.880965869664));
#7063 = CARTESIAN_POINT('',(3.237917242964,-0.880687708721));
#7064 = CARTESIAN_POINT('',(3.205967475897,-0.880500612325));
#7065 = CARTESIAN_POINT('',(3.174021754672,-0.880406470812));
#7066 = CARTESIAN_POINT('',(3.109838669559,-0.880404033974));
#7067 = CARTESIAN_POINT('',(3.077595377613,-0.880497477669));
#7068 = CARTESIAN_POINT('',(3.045348105081,-0.880685649948));
#7069 = CARTESIAN_POINT('',(3.013089576837,-0.880966619801));
#7070 = CARTESIAN_POINT('',(2.980809168729,-0.881336703486));
#7071 = CARTESIAN_POINT('',(2.948495818438,-0.881790704618));
#7072 = CARTESIAN_POINT('',(2.901074851413,-0.882569622375));
#7073 = CARTESIAN_POINT('',(2.88599910818,-0.882833901805));
#7074 = CARTESIAN_POINT('',(2.870912334388,-0.88311433911));
#7075 = CARTESIAN_POINT('',(2.855812994267,-0.883410242897));
#7076 = CARTESIAN_POINT('',(2.840699388525,-0.883720883836));
#7077 = CARTESIAN_POINT('',(2.825569654355,-0.884045494658));
#7078 = CARTESIAN_POINT('',(2.784113100161,-0.88496991728));
#7079 = CARTESIAN_POINT('',(2.757749568717,-0.885596302145));
#7080 = CARTESIAN_POINT('',(2.731320695777,-0.886258252629));
#7081 = CARTESIAN_POINT('',(2.704814235461,-0.886951401173));
#7082 = CARTESIAN_POINT('',(2.678216357366,-0.887671286722));
#7083 = CARTESIAN_POINT('',(2.651511832604,-0.888413456662));
#7084 = CARTESIAN_POINT('',(2.559096788092,-0.891031866692));
#7085 = CARTESIAN_POINT('',(2.492789695424,-0.892996928412));
#7086 = CARTESIAN_POINT('',(2.425494463354,-0.895005811425));
#7087 = CARTESIAN_POINT('',(2.356916068284,-0.896998677547));
#7088 = CARTESIAN_POINT('',(2.286735790405,-0.898923536887));
#7089 = CARTESIAN_POINT('',(2.214582551305,-0.900738050251));
#7090 = CARTESIAN_POINT('',(2.136741916869,-0.902480720609));
#7091 = CARTESIAN_POINT('',(2.133506399714,-0.902552782863));
#7092 = CARTESIAN_POINT('',(2.130266037139,-0.90262457644));
#7093 = CARTESIAN_POINT('',(2.127020784894,-0.902696098653));
#7094 = CARTESIAN_POINT('',(2.123770644058,-0.902767345822));
#7095 = CARTESIAN_POINT('',(2.120515598911,-0.902838314664));
#7096 = CARTESIAN_POINT('',(2.113627286366,-0.902987661955));
#7097 = CARTESIAN_POINT('',(2.110036249755,-0.903065108191));
#7098 = CARTESIAN_POINT('',(2.106437884957,-0.903142090256));
#7099 = CARTESIAN_POINT('',(2.102828769923,-0.903218962506));
#7100 = CARTESIAN_POINT('',(2.099206066104,-0.903295684636));
#7101 = CARTESIAN_POINT('',(2.09557405153,-0.903371841626));
#7102 = CARTESIAN_POINT('',(2.06599510953,-0.903990994069));
#7103 = CARTESIAN_POINT('',(2.040407480342,-0.904517127637));
#7104 = CARTESIAN_POINT('',(2.015211345472,-0.905023732949));
#7105 = CARTESIAN_POINT('',(1.990384531877,-0.905509559777));
#7106 = CARTESIAN_POINT('',(1.96590620188,-0.90597346021));
#7107 = CARTESIAN_POINT('',(1.941756853173,-0.906414388659));
#7108 = CARTESIAN_POINT('',(1.858985217347,-0.907862330301));
#7109 = CARTESIAN_POINT('',(1.801955296847,-0.90874701054));
#7110 = CARTESIAN_POINT('',(1.746543382564,-0.909471327377));
#7111 = CARTESIAN_POINT('',(1.692515925575,-0.910024593392));
#7112 = CARTESIAN_POINT('',(1.639670970081,-0.910399678258));
#7113 = CARTESIAN_POINT('',(1.587823815318,-0.910592938838));
#7114 = CARTESIAN_POINT('',(1.491065212584,-0.910613816204));
#7115 = CARTESIAN_POINT('',(1.445997056157,-0.910477289364));
#7116 = CARTESIAN_POINT('',(1.401467902524,-0.910194088037));
#7117 = CARTESIAN_POINT('',(1.357364848866,-0.909766089641));
#7118 = CARTESIAN_POINT('',(1.313582222344,-0.909197367515));
#7119 = CARTESIAN_POINT('',(1.270015712613,-0.90849422793));
#7120 = CARTESIAN_POINT('',(1.208905098927,-0.907328546148));
#7121 = CARTESIAN_POINT('',(1.191271737651,-0.906971091342));
#7122 = CARTESIAN_POINT('',(1.173649422545,-0.90659345944));
#7123 = CARTESIAN_POINT('',(1.156031118565,-0.906196293461));
#7124 = CARTESIAN_POINT('',(1.138409753599,-0.905780302671));
#7125 = CARTESIAN_POINT('',(1.120778218461,-0.905346262585));
#7126 = CARTESIAN_POINT('',(1.07924485351,-0.904284333863));
#7127 = CARTESIAN_POINT('',(1.055328754531,-0.903642144996));
#7128 = CARTESIAN_POINT('',(1.031362996033,-0.902970530856));
#7129 = CARTESIAN_POINT('',(1.007329576547,-0.902271814896));
#7130 = CARTESIAN_POINT('',(0.98321025823,-0.901548560962));
#7131 = CARTESIAN_POINT('',(0.958986258008,-0.900803572728));
#7132 = CARTESIAN_POINT('',(0.900502682466,-0.898969243991));
#7133 = CARTESIAN_POINT('',(0.866124389345,-0.897861914402));
#7134 = CARTESIAN_POINT('',(0.831448117948,-0.896726214351));
#7135 = CARTESIAN_POINT('',(0.796418831752,-0.895571541397));
#7136 = CARTESIAN_POINT('',(0.760980027253,-0.894408257523));
#7137 = CARTESIAN_POINT('',(0.725072362091,-0.893247565998));
#7138 = CARTESIAN_POINT('',(0.658076143552,-0.891140275831));
#7139 = CARTESIAN_POINT('',(0.627146420168,-0.890189393885));
#7140 = CARTESIAN_POINT('',(0.595806860857,-0.889255743416));
#7141 = CARTESIAN_POINT('',(0.56402028082,-0.888346730862));
#7142 = CARTESIAN_POINT('',(0.53174889023,-0.887469971841));
#7143 = CARTESIAN_POINT('',(0.498954621846,-0.886633094901));
#7144 = CARTESIAN_POINT('',(0.405622373205,-0.884423822485));
#7145 = CARTESIAN_POINT('',(0.343794502658,-0.883156201843));
#7146 = CARTESIAN_POINT('',(0.279950547768,-0.88208550132));
#7147 = CARTESIAN_POINT('',(0.213876910504,-0.881251939231));
#7148 = CARTESIAN_POINT('',(0.145339789592,-0.880686432762));
#7149 = CARTESIAN_POINT('',(7.408414279661E-02,-0.880405247991));
#7150 = CARTESIAN_POINT('',(5.451428478268E-11,-0.880405247809));
#7151 = ( GEOMETRIC_REPRESENTATION_CONTEXT(2) 
PARAMETRIC_REPRESENTATION_CONTEXT() REPRESENTATION_CONTEXT('2D SPACE',''
  ) );
#7152 = PCURVE('',#5457,#7153);
#7153 = DEFINITIONAL_REPRESENTATION('',(#7154),#7331);
#7154 = B_SPLINE_CURVE_WITH_KNOTS('',7,(#7155,#7156,#7157,#7158,#7159,
    #7160,#7161,#7162,#7163,#7164,#7165,#7166,#7167,#7168,#7169,#7170,
    #7171,#7172,#7173,#7174,#7175,#7176,#7177,#7178,#7179,#7180,#7181,
    #7182,#7183,#7184,#7185,#7186,#7187,#7188,#7189,#7190,#7191,#7192,
    #7193,#7194,#7195,#7196,#7197,#7198,#7199,#7200,#7201,#7202,#7203,
    #7204,#7205,#7206,#7207,#7208,#7209,#7210,#7211,#7212,#7213,#7214,
    #7215,#7216,#7217,#7218,#7219,#7220,#7221,#7222,#7223,#7224,#7225,
    #7226,#7227,#7228,#7229,#7230,#7231,#7232,#7233,#7234,#7235,#7236,
    #7237,#7238,#7239,#7240,#7241,#7242,#7243,#7244,#7245,#7246,#7247,
    #7248,#7249,#7250,#7251,#7252,#7253,#7254,#7255,#7256,#7257,#7258,
    #7259,#7260,#7261,#7262,#7263,#7264,#7265,#7266,#7267,#7268,#7269,
    #7270,#7271,#7272,#7273,#7274,#7275,#7276,#7277,#7278,#7279,#7280,
    #7281,#7282,#7283,#7284,#7285,#7286,#7287,#7288,#7289,#7290,#7291,
    #7292,#7293,#7294,#7295,#7296,#7297,#7298,#7299,#7300,#7301,#7302,
    #7303,#7304,#7305,#7306,#7307,#7308,#7309,#7310,#7311,#7312,#7313,
    #7314,#7315,#7316,#7317,#7318,#7319,#7320,#7321,#7322,#7323,#7324,
    #7325,#7326,#7327,#7328,#7329,#7330),.UNSPECIFIED.,.F.,.F.,(8,6,6,6,
    6,6,6,6,6,6,6,6,6,6,6,6,6,6,6,6,6,6,6,6,6,6,6,6,6,8),(0.,
    4.857185920781E-03,6.44436395986E-02,9.978785690898E-02,
    0.142390880596,0.173243929528,0.195251859792,0.251006359434,
    0.312310424281,0.337281904563,0.340407899652,0.343863613104,
    0.415709673885,0.44510951702,0.462409661546,0.498421242045,
    0.534768293261,0.551693310459,0.581088479389,0.652953024067,
    0.656064967635,0.659527741456,0.684711338657,0.746969545111,
    0.802770429432,0.82543456566,0.85610632602,0.899106785777,
    0.935164061073,1.),.UNSPECIFIED.);
#7155 = CARTESIAN_POINT('',(6.28318530718,1.02473908695));
#7156 = CARTESIAN_POINT('',(6.277102297151,1.02473908695));
#7157 = CARTESIAN_POINT('',(6.27103882506,1.024737696775));
#7158 = CARTESIAN_POINT('',(6.264994825341,1.02473491554));
#7159 = CARTESIAN_POINT('',(6.258970232243,1.024730742884));
#7160 = CARTESIAN_POINT('',(6.252964979836,1.024725178962));
#7161 = CARTESIAN_POINT('',(6.246979002002,1.024718224455));
#7162 = CARTESIAN_POINT('',(6.16781356636,1.024607517116));
#7163 = CARTESIAN_POINT('',(6.097467815753,1.024296020591));
#7164 = CARTESIAN_POINT('',(6.029929305273,1.023777237362));
#7165 = CARTESIAN_POINT('',(5.965039632912,1.023066152715));
#7166 = CARTESIAN_POINT('',(5.90261572115,1.022187136778));
#7167 = CARTESIAN_POINT('',(5.842490075383,1.021170198365));
#7168 = CARTESIAN_POINT('',(5.750107947523,1.019381162902));
#7169 = CARTESIAN_POINT('',(5.71645673404,1.018677602643));
#7170 = CARTESIAN_POINT('',(5.683509432154,1.017943079917));
#7171 = CARTESIAN_POINT('',(5.651224550364,1.017184171371));
#7172 = CARTESIAN_POINT('',(5.619559942146,1.016407346751));
#7173 = CARTESIAN_POINT('',(5.588473465406,1.015618799356));
#7174 = CARTESIAN_POINT('',(5.521099600502,1.013866585476));
#7175 = CARTESIAN_POINT('',(5.485056385531,1.012900242675));
#7176 = CARTESIAN_POINT('',(5.449719145062,1.011935373674));
#7177 = CARTESIAN_POINT('',(5.415016776595,1.010981255899));
#7178 = CARTESIAN_POINT('',(5.38088087232,1.010046260763));
#7179 = CARTESIAN_POINT('',(5.347244664346,1.009137795837));
#7180 = CARTESIAN_POINT('',(5.289996611569,1.007628178615));
#7181 = CARTESIAN_POINT('',(5.266179282455,1.007011399674));
#7182 = CARTESIAN_POINT('',(5.242565117781,1.006414361068));
#7183 = CARTESIAN_POINT('',(5.219130248259,1.005839272869));
#7184 = CARTESIAN_POINT('',(5.195851476333,1.00528811464));
#7185 = CARTESIAN_POINT('',(5.172705952383,1.004762645716));
#7186 = CARTESIAN_POINT('',(5.133239592359,1.003909020235));
#7187 = CARTESIAN_POINT('',(5.116864584416,1.003567488773));
#7188 = CARTESIAN_POINT('',(5.100537679538,1.003240382573));
#7189 = CARTESIAN_POINT('',(5.084250782281,1.002928215219));
#7190 = CARTESIAN_POINT('',(5.067995849332,1.002631452415));
#7191 = CARTESIAN_POINT('',(5.051764889506,1.00235051198));
#7192 = CARTESIAN_POINT('',(4.994471299928,1.001415057225));
#7193 = CARTESIAN_POINT('',(4.953497559508,1.000848318481));
#7194 = CARTESIAN_POINT('',(4.912495281934,1.000391541786));
#7195 = CARTESIAN_POINT('',(4.871336036558,1.00004902223));
#7196 = CARTESIAN_POINT('',(4.82988995161,0.999823454291));
#7197 = CARTESIAN_POINT('',(4.788019243184,0.999716030297));
#7198 = CARTESIAN_POINT('',(4.698899194823,0.999738093793));
#7199 = CARTESIAN_POINT('',(4.651534816859,0.999892227094));
#7200 = CARTESIAN_POINT('',(4.603275469429,1.000188598524));
#7201 = CARTESIAN_POINT('',(4.553907137416,1.000624843714));
#7202 = CARTESIAN_POINT('',(4.503195774278,1.001196357761));
#7203 = CARTESIAN_POINT('',(4.450871989391,1.001896108315));
#7204 = CARTESIAN_POINT('',(4.374506491042,1.003047832336));
#7205 = CARTESIAN_POINT('',(4.352082230812,1.003400854812));
#7206 = CARTESIAN_POINT('',(4.329315460731,1.003772892689));
#7207 = CARTESIAN_POINT('',(4.306183250075,1.00416320893));
#7208 = CARTESIAN_POINT('',(4.282661075921,1.004570982384));
#7209 = CARTESIAN_POINT('',(4.258722823149,1.004995307785));
#7210 = CARTESIAN_POINT('',(4.231288568208,1.005490261989));
#7211 = CARTESIAN_POINT('',(4.228229514011,1.005545569883));
#7212 = CARTESIAN_POINT('',(4.225163158106,1.005601124893));
#7213 = CARTESIAN_POINT('',(4.222089405775,1.005656925783));
#7214 = CARTESIAN_POINT('',(4.219008322332,1.005712968401));
#7215 = CARTESIAN_POINT('',(4.215919924125,1.005769249442));
#7216 = CARTESIAN_POINT('',(4.209401491677,1.005888252599));
#7217 = CARTESIAN_POINT('',(4.205898651006,1.005952324826));
#7218 = CARTESIAN_POINT('',(4.202370806257,1.006016984874));
#7219 = CARTESIAN_POINT('',(4.198850992517,1.006081620953));
#7220 = CARTESIAN_POINT('',(4.195349524226,1.006146031157));
#7221 = CARTESIAN_POINT('',(4.191853598174,1.006210443102));
#7222 = CARTESIAN_POINT('',(4.115032885502,1.007628792783));
#7223 = CARTESIAN_POINT('',(4.043393662842,1.009106932023));
#7224 = CARTESIAN_POINT('',(3.972956879546,1.010684961268));
#7225 = CARTESIAN_POINT('',(3.903377826175,1.012330625311));
#7226 = CARTESIAN_POINT('',(3.834367392131,1.014002253601));
#7227 = CARTESIAN_POINT('',(3.765669968452,1.015649599212));
#7228 = CARTESIAN_POINT('',(3.669000297227,1.017859332823));
#7229 = CARTESIAN_POINT('',(3.640948660847,1.0184876584));
#7230 = CARTESIAN_POINT('',(3.612903773805,1.019098852938));
#7231 = CARTESIAN_POINT('',(3.584854760099,1.019688971655));
#7232 = CARTESIAN_POINT('',(3.556792745003,1.02025401341));
#7233 = CARTESIAN_POINT('',(3.528711121192,1.020790018389));
#7234 = CARTESIAN_POINT('',(3.484067425323,1.021589237829));
#7235 = CARTESIAN_POINT('',(3.46752079572,1.02187394241));
#7236 = CARTESIAN_POINT('',(3.450965064958,1.022146491096));
#7237 = CARTESIAN_POINT('',(3.434399637103,1.022406130536));
#7238 = CARTESIAN_POINT('',(3.417824181389,1.022652142459));
#7239 = CARTESIAN_POINT('',(3.401238632211,1.022883843671));
#7240 = CARTESIAN_POINT('',(3.350098547524,1.023551755201));
#7241 = CARTESIAN_POINT('',(3.315507935697,1.023938188143));
#7242 = CARTESIAN_POINT('',(3.280878219413,1.024254056478));
#7243 = CARTESIAN_POINT('',(3.246215161361,1.024494638582));
#7244 = CARTESIAN_POINT('',(3.211525991351,1.024656558946));
#7245 = CARTESIAN_POINT('',(3.176821976503,1.024738027503));
#7246 = CARTESIAN_POINT('',(3.107096743783,1.024740136335));
#7247 = CARTESIAN_POINT('',(3.072069045246,1.02465927189));
#7248 = CARTESIAN_POINT('',(3.037056383063,1.024496417714));
#7249 = CARTESIAN_POINT('',(3.002070350841,1.024253402648));
#7250 = CARTESIAN_POINT('',(2.967118339027,1.023933701521));
#7251 = CARTESIAN_POINT('',(2.932206225372,1.023542184408));
#7252 = CARTESIAN_POINT('',(2.88110606872,1.022871916604));
#7253 = CARTESIAN_POINT('',(2.864880550881,1.022644682118));
#7254 = CARTESIAN_POINT('',(2.848664688623,1.022403770692));
#7255 = CARTESIAN_POINT('',(2.832458415746,1.02214982275));
#7256 = CARTESIAN_POINT('',(2.816261423103,1.021883510864));
#7257 = CARTESIAN_POINT('',(2.800073158596,1.021605539749));
#7258 = CARTESIAN_POINT('',(2.755791029201,1.020814896879));
#7259 = CARTESIAN_POINT('',(2.727713044506,1.020280173422));
#7260 = CARTESIAN_POINT('',(2.699654867313,1.019716290441));
#7261 = CARTESIAN_POINT('',(2.671609952967,1.019127204067));
#7262 = CARTESIAN_POINT('',(2.643569486794,1.018516913981));
#7263 = CARTESIAN_POINT('',(2.615522652971,1.017889365373));
#7264 = CARTESIAN_POINT('',(2.518842497736,1.015681222886));
#7265 = CARTESIAN_POINT('',(2.450131884813,1.014033999127));
#7266 = CARTESIAN_POINT('',(2.38111145148,1.01236177318));
#7267 = CARTESIAN_POINT('',(2.311525956549,1.010714924069));
#7268 = CARTESIAN_POINT('',(2.241086590692,1.009135251027));
#7269 = CARTESIAN_POINT('',(2.169448955525,1.007655117475));
#7270 = CARTESIAN_POINT('',(2.092985083325,1.006240906376));
#7271 = CARTESIAN_POINT('',(2.089812427149,1.006182440577));
#7272 = CARTESIAN_POINT('',(2.086648824285,1.006124206876));
#7273 = CARTESIAN_POINT('',(2.083494591925,1.006066207255));
#7274 = CARTESIAN_POINT('',(2.080347716586,1.006008444503));
#7275 = CARTESIAN_POINT('',(2.0772070372,1.005950921082));
#7276 = CARTESIAN_POINT('',(2.07059033161,1.005829897015));
#7277 = CARTESIAN_POINT('',(2.067153035133,1.005767155029));
#7278 = CARTESIAN_POINT('',(2.063730385391,1.005704805067));
#7279 = CARTESIAN_POINT('',(2.0603063518,1.005642560019));
#7280 = CARTESIAN_POINT('',(2.056882319324,1.005580452665));
#7281 = CARTESIAN_POINT('',(2.05347652042,1.005518818738));
#7282 = CARTESIAN_POINT('',(2.025730779777,1.005017860792));
#7283 = CARTESIAN_POINT('',(2.001783415737,1.004592970868));
#7284 = CARTESIAN_POINT('',(1.97825278515,1.004184584129));
#7285 = CARTESIAN_POINT('',(1.955112752951,1.003793607375));
#7286 = CARTESIAN_POINT('',(1.932338777916,1.003420863314));
#7287 = CARTESIAN_POINT('',(1.909907912661,1.003067090574));
#7288 = CARTESIAN_POINT('',(1.833141123725,1.001906877138));
#7289 = CARTESIAN_POINT('',(1.780452993756,1.001200840566));
#7290 = CARTESIAN_POINT('',(1.729400986246,1.000624676974));
#7291 = CARTESIAN_POINT('',(1.679710211647,1.000185573989));
#7292 = CARTESIAN_POINT('',(1.631142091428,0.999888226301));
#7293 = CARTESIAN_POINT('',(1.58347853388,0.999735028776));
#7294 = CARTESIAN_POINT('',(1.494417737188,0.999718477365));
#7295 = CARTESIAN_POINT('',(1.452887788951,0.999826708836));
#7296 = CARTESIAN_POINT('',(1.411774334517,1.000051180538));
#7297 = CARTESIAN_POINT('',(1.370942895202,1.000390718083));
#7298 = CARTESIAN_POINT('',(1.330266631169,1.000842692314));
#7299 = CARTESIAN_POINT('',(1.289620125527,1.001402924783));
#7300 = CARTESIAN_POINT('',(1.232323373252,1.002334743896));
#7301 = CARTESIAN_POINT('',(1.215757324437,1.002620785763));
#7302 = CARTESIAN_POINT('',(1.199166581296,1.002923327607));
#7303 = CARTESIAN_POINT('',(1.18254264661,1.003241926234));
#7304 = CARTESIAN_POINT('',(1.165876966624,1.003576086484));
#7305 = CARTESIAN_POINT('',(1.149160931049,1.003925261222));
#7306 = CARTESIAN_POINT('',(1.109683878872,1.004780903454));
#7307 = CARTESIAN_POINT('',(1.086873903202,1.005299348666));
#7308 = CARTESIAN_POINT('',(1.063934108286,1.005842699132));
#7309 = CARTESIAN_POINT('',(1.040842626963,1.006409268909));
#7310 = CARTESIAN_POINT('',(1.017577261899,1.006997164405));
#7311 = CARTESIAN_POINT('',(0.994115184806,1.007604274817));
#7312 = CARTESIAN_POINT('',(0.937230762612,1.009103069815));
#7313 = CARTESIAN_POINT('',(0.903596816179,1.010010999603));
#7314 = CARTESIAN_POINT('',(0.869464578989,1.010945677931));
#7315 = CARTESIAN_POINT('',(0.834767254593,1.011899709033));
#7316 = CARTESIAN_POINT('',(0.799436402785,1.012864732036));
#7317 = CARTESIAN_POINT('',(0.763400874905,1.013831477604));
#7318 = CARTESIAN_POINT('',(0.695715127122,1.01559343529));
#7319 = CARTESIAN_POINT('',(0.664297120291,1.016391118719));
#7320 = CARTESIAN_POINT('',(0.632288862508,1.017176943933));
#7321 = CARTESIAN_POINT('',(0.599646781997,1.017944510801));
#7322 = CARTESIAN_POINT('',(0.566327297575,1.018687129122));
#7323 = CARTESIAN_POINT('',(0.532287514877,1.019397997751));
#7324 = CARTESIAN_POINT('',(0.434907966361,1.021279430702));
#7325 = CARTESIAN_POINT('',(0.369828039351,1.022364846532));
#7326 = CARTESIAN_POINT('',(0.302061817249,1.023286238157));
#7327 = CARTESIAN_POINT('',(0.231392503081,1.024006342071));
#7328 = CARTESIAN_POINT('',(0.15760298823,1.02449574339));
#7329 = CARTESIAN_POINT('',(8.048124743129E-02,1.024739086782));
#7330 = CARTESIAN_POINT('',(0.,1.02473908695));
#7331 = ( GEOMETRIC_REPRESENTATION_CONTEXT(2) 
PARAMETRIC_REPRESENTATION_CONTEXT() REPRESENTATION_CONTEXT('2D SPACE',''
  ) );
#7332 = ORIENTED_EDGE('',*,*,#7333,.T.);
#7333 = EDGE_CURVE('',#6790,#2500,#7334,.T.);
#7334 = SURFACE_CURVE('',#7335,(#7368,#7404),.PCURVE_S1.);
#7335 = B_SPLINE_CURVE_WITH_KNOTS('',7,(#7336,#7337,#7338,#7339,#7340,
    #7341,#7342,#7343,#7344,#7345,#7346,#7347,#7348,#7349,#7350,#7351,
    #7352,#7353,#7354,#7355,#7356,#7357,#7358,#7359,#7360,#7361,#7362,
    #7363,#7364,#7365,#7366,#7367),.UNSPECIFIED.,.F.,.F.,(8,6,6,6,6,8),(
    0.,0.310754385067,0.448045537988,0.702943277495,0.710388100028,1.),
  .UNSPECIFIED.);
#7336 = CARTESIAN_POINT('',(-8.511440392554,5.E-02,28.207689133989));
#7337 = CARTESIAN_POINT('',(-9.097247375801,5.E-02,28.566547391255));
#7338 = CARTESIAN_POINT('',(-9.66262939272,5.E-02,28.958604580769));
#7339 = CARTESIAN_POINT('',(-10.20452775552,5.E-02,29.383996669223));
#7340 = CARTESIAN_POINT('',(-10.71928818278,5.E-02,29.842602789291));
#7341 = CARTESIAN_POINT('',(-11.20280325453,5.E-02,30.333885841233));
#7342 = CARTESIAN_POINT('',(-11.65061679773,5.E-02,30.85677421751));
#7343 = CARTESIAN_POINT('',(-12.23818258653,5.E-02,31.653595915938));
#7344 = CARTESIAN_POINT('',(-12.41034553429,5.E-02,31.903548926533));
#7345 = CARTESIAN_POINT('',(-12.57422384006,5.E-02,32.159114779335));
#7346 = CARTESIAN_POINT('',(-12.72940750331,5.E-02,32.420082435182));
#7347 = CARTESIAN_POINT('',(-12.87548877594,5.E-02,32.686201487938));
#7348 = CARTESIAN_POINT('',(-13.01207009732,5.E-02,32.957177621233));
#7349 = CARTESIAN_POINT('',(-13.37400959087,5.E-02,33.744149613189));
#7350 = CARTESIAN_POINT('',(-13.57527951634,5.E-02,34.271378716261));
#7351 = CARTESIAN_POINT('',(-13.73998767868,5.E-02,34.81191557152));
#7352 = CARTESIAN_POINT('',(-13.86601910943,5.E-02,35.362981268053));
#7353 = CARTESIAN_POINT('',(-13.95177608635,5.E-02,35.92144952537));
#7354 = CARTESIAN_POINT('',(-13.99633365398,5.E-02,36.48381866141));
#7355 = CARTESIAN_POINT('',(-13.99981126572,5.E-02,37.062588257798));
#7356 = CARTESIAN_POINT('',(-13.99987482754,5.E-02,37.079012864949));
#7357 = CARTESIAN_POINT('',(-13.99990326342,5.E-02,37.095437349659));
#7358 = CARTESIAN_POINT('',(-13.99989657349,5.E-02,37.111861766415));
#7359 = CARTESIAN_POINT('',(-13.99985475752,5.E-02,37.128286267536));
#7360 = CARTESIAN_POINT('',(-13.99977781521,5.E-02,37.144710884621));
#7361 = CARTESIAN_POINT('',(-13.99530614571,5.E-02,37.800063775279));
#7362 = CARTESIAN_POINT('',(-13.93778839236,5.E-02,38.439028699602));
#7363 = CARTESIAN_POINT('',(-13.827073109,5.E-02,39.072185431038));
#7364 = CARTESIAN_POINT('',(-13.66475563385,5.E-02,39.694479647391));
#7365 = CARTESIAN_POINT('',(-13.45343323296,5.E-02,40.301516768916));
#7366 = CARTESIAN_POINT('',(-13.19649804041,5.E-02,40.889516294689));
#7367 = CARTESIAN_POINT('',(-12.89799060067,5.E-02,41.455286947052));
#7368 = PCURVE('',#3577,#7369);
#7369 = DEFINITIONAL_REPRESENTATION('',(#7370),#7403);
#7370 = B_SPLINE_CURVE_WITH_KNOTS('',7,(#7371,#7372,#7373,#7374,#7375,
    #7376,#7377,#7378,#7379,#7380,#7381,#7382,#7383,#7384,#7385,#7386,
    #7387,#7388,#7389,#7390,#7391,#7392,#7393,#7394,#7395,#7396,#7397,
    #7398,#7399,#7400,#7401,#7402),.UNSPECIFIED.,.F.,.F.,(8,6,6,6,6,8),(
    0.,0.310754385067,0.448045537988,0.702943277495,0.710388100028,1.),
  .UNSPECIFIED.);
#7371 = CARTESIAN_POINT('',(3.135271927852,-0.910620103082));
#7372 = CARTESIAN_POINT('',(3.135706946506,-0.860438451859));
#7373 = CARTESIAN_POINT('',(3.136056952424,-0.809847351614));
#7374 = CARTESIAN_POINT('',(3.136348530067,-0.758671080701));
#7375 = CARTESIAN_POINT('',(3.136594024837,-0.706745880193));
#7376 = CARTESIAN_POINT('',(3.136802676753,-0.653907636501));
#7377 = CARTESIAN_POINT('',(3.136980250764,-0.599983393425));
#7378 = CARTESIAN_POINT('',(3.137197652649,-0.520411736795));
#7379 = CARTESIAN_POINT('',(3.137259033253,-0.495784456137));
#7380 = CARTESIAN_POINT('',(3.137315537613,-0.470898732442));
#7381 = CARTESIAN_POINT('',(3.137367462237,-0.445741022579));
#7382 = CARTESIAN_POINT('',(3.137415050586,-0.420298211985));
#7383 = CARTESIAN_POINT('',(3.13745850346,-0.394557892421));
#7384 = CARTESIAN_POINT('',(3.137571299815,-0.320145030782));
#7385 = CARTESIAN_POINT('',(3.137630962,-0.270699057644));
#7386 = CARTESIAN_POINT('',(3.137677989053,-0.220121073998));
#7387 = CARTESIAN_POINT('',(3.13771307507,-0.168352355625));
#7388 = CARTESIAN_POINT('',(3.137736637663,-0.115327705254));
#7389 = CARTESIAN_POINT('',(3.137748869191,-6.099243671267E-02));
#7390 = CARTESIAN_POINT('',(3.137749823771,-3.708109431129E-03));
#7391 = CARTESIAN_POINT('',(3.137749841218,-2.081750721384E-03));
#7392 = CARTESIAN_POINT('',(3.137749849023,-4.529393473824E-04));
#7393 = CARTESIAN_POINT('',(3.137749847186,1.17686287917E-03));
#7394 = CARTESIAN_POINT('',(3.137749835709,2.805211967037E-03));
#7395 = CARTESIAN_POINT('',(3.137749814589,4.430884232251E-03));
#7396 = CARTESIAN_POINT('',(3.137748587139,6.927795950485E-02));
#7397 = CARTESIAN_POINT('',(3.137732797837,0.13079689106));
#7398 = CARTESIAN_POINT('',(3.137702367793,0.190621512868));
#7399 = CARTESIAN_POINT('',(3.137656995066,0.248843950878));
#7400 = CARTESIAN_POINT('',(3.137595961064,0.305561444078));
#7401 = CARTESIAN_POINT('',(3.137518084252,0.360867563176));
#7402 = CARTESIAN_POINT('',(3.137421550444,0.414835738623));
#7403 = ( GEOMETRIC_REPRESENTATION_CONTEXT(2) 
PARAMETRIC_REPRESENTATION_CONTEXT() REPRESENTATION_CONTEXT('2D SPACE',''
  ) );
#7404 = PCURVE('',#6183,#7405);
#7405 = DEFINITIONAL_REPRESENTATION('',(#7406),#7439);
#7406 = B_SPLINE_CURVE_WITH_KNOTS('',7,(#7407,#7408,#7409,#7410,#7411,
    #7412,#7413,#7414,#7415,#7416,#7417,#7418,#7419,#7420,#7421,#7422,
    #7423,#7424,#7425,#7426,#7427,#7428,#7429,#7430,#7431,#7432,#7433,
    #7434,#7435,#7436,#7437,#7438),.UNSPECIFIED.,.F.,.F.,(8,6,6,6,6,8),(
    0.,0.310754385067,0.448045537988,0.702943277495,0.710388100028,1.),
  .UNSPECIFIED.);
#7407 = CARTESIAN_POINT('',(178.20768913398,141.48855960744));
#7408 = CARTESIAN_POINT('',(178.56654739125,140.90275262419));
#7409 = CARTESIAN_POINT('',(178.95860458076,140.33737060728));
#7410 = CARTESIAN_POINT('',(179.38399666922,139.79547224447));
#7411 = CARTESIAN_POINT('',(179.84260278929,139.28071181721));
#7412 = CARTESIAN_POINT('',(180.33388584123,138.79719674546));
#7413 = CARTESIAN_POINT('',(180.85677421751,138.34938320226));
#7414 = CARTESIAN_POINT('',(181.65359591593,137.76181741346));
#7415 = CARTESIAN_POINT('',(181.90354892653,137.58965446571));
#7416 = CARTESIAN_POINT('',(182.15911477933,137.42577615993));
#7417 = CARTESIAN_POINT('',(182.42008243518,137.27059249668));
#7418 = CARTESIAN_POINT('',(182.68620148793,137.12451122405));
#7419 = CARTESIAN_POINT('',(182.95717762123,136.98792990268));
#7420 = CARTESIAN_POINT('',(183.74414961318,136.62599040912));
#7421 = CARTESIAN_POINT('',(184.27137871626,136.42472048365));
#7422 = CARTESIAN_POINT('',(184.81191557152,136.26001232131));
#7423 = CARTESIAN_POINT('',(185.36298126805,136.13398089056));
#7424 = CARTESIAN_POINT('',(185.92144952537,136.04822391364));
#7425 = CARTESIAN_POINT('',(186.48381866141,136.00366634601));
#7426 = CARTESIAN_POINT('',(187.06258825779,136.00018873427));
#7427 = CARTESIAN_POINT('',(187.07901286494,136.00012517245));
#7428 = CARTESIAN_POINT('',(187.09543734965,136.00009673657));
#7429 = CARTESIAN_POINT('',(187.11186176641,136.0001034265));
#7430 = CARTESIAN_POINT('',(187.12828626753,136.00014524247));
#7431 = CARTESIAN_POINT('',(187.14471088462,136.00022218478));
#7432 = CARTESIAN_POINT('',(187.80006377527,136.00469385428));
#7433 = CARTESIAN_POINT('',(188.4390286996,136.06221160763));
#7434 = CARTESIAN_POINT('',(189.07218543103,136.17292689099));
#7435 = CARTESIAN_POINT('',(189.69447964739,136.33524436614));
#7436 = CARTESIAN_POINT('',(190.30151676891,136.54656676703));
#7437 = CARTESIAN_POINT('',(190.88951629468,136.80350195958));
#7438 = CARTESIAN_POINT('',(191.45528694705,137.10200939932));
#7439 = ( GEOMETRIC_REPRESENTATION_CONTEXT(2) 
PARAMETRIC_REPRESENTATION_CONTEXT() REPRESENTATION_CONTEXT('2D SPACE',''
  ) );
#7440 = ORIENTED_EDGE('',*,*,#2497,.F.);
#7441 = ORIENTED_EDGE('',*,*,#7442,.F.);
#7442 = EDGE_CURVE('',#6792,#2498,#7443,.T.);
#7443 = SURFACE_CURVE('',#7444,(#7477,#7513),.PCURVE_S1.);
#7444 = B_SPLINE_CURVE_WITH_KNOTS('',7,(#7445,#7446,#7447,#7448,#7449,
    #7450,#7451,#7452,#7453,#7454,#7455,#7456,#7457,#7458,#7459,#7460,
    #7461,#7462,#7463,#7464,#7465,#7466,#7467,#7468,#7469,#7470,#7471,
    #7472,#7473,#7474,#7475,#7476),.UNSPECIFIED.,.F.,.F.,(8,6,6,6,6,8),(
    0.,0.310754411374,0.448045562914,0.702943295784,0.71038813932,1.),
  .UNSPECIFIED.);
#7445 = CARTESIAN_POINT('',(8.511440392554,5.E-02,28.207689133989));
#7446 = CARTESIAN_POINT('',(9.097247349392,5.E-02,28.566547375077));
#7447 = CARTESIAN_POINT('',(9.662629374469,5.E-02,28.958604565469));
#7448 = CARTESIAN_POINT('',(10.204527761981,5.E-02,29.383996669724));
#7449 = CARTESIAN_POINT('',(10.719288220976,5.E-02,29.842602817958));
#7450 = CARTESIAN_POINT('',(11.202803325222,5.E-02,30.333885908234));
#7451 = CARTESIAN_POINT('',(11.650616898482,5.E-02,30.856774331729));
#7452 = CARTESIAN_POINT('',(12.238182706924,5.E-02,31.653596089101));
#7453 = CARTESIAN_POINT('',(12.410345649282,5.E-02,31.903549102266));
#7454 = CARTESIAN_POINT('',(12.574223949911,5.E-02,32.159114958123));
#7455 = CARTESIAN_POINT('',(12.729407608139,5.E-02,32.420082617446));
#7456 = CARTESIAN_POINT('',(12.875488875761,5.E-02,32.686201674038));
#7457 = CARTESIAN_POINT('',(13.012070192052,5.E-02,32.957177811469));
#7458 = CARTESIAN_POINT('',(13.374009666919,5.E-02,33.744149807756));
#7459 = CARTESIAN_POINT('',(13.575279579516,5.E-02,34.271378911109));
#7460 = CARTESIAN_POINT('',(13.739987729234,5.E-02,34.811915766687));
#7461 = CARTESIAN_POINT('',(13.866019147458,5.E-02,35.362981463309));
#7462 = CARTESIAN_POINT('',(13.951776111904,5.E-02,35.921449720237));
#7463 = CARTESIAN_POINT('',(13.996333667188,5.E-02,36.48381885519));
#7464 = CARTESIAN_POINT('',(13.999811266804,5.E-02,37.062588496317));
#7465 = CARTESIAN_POINT('',(13.999874828355,5.E-02,37.079013150171));
#7466 = CARTESIAN_POINT('',(13.999903263763,5.E-02,37.095437681584));
#7467 = CARTESIAN_POINT('',(13.999896573162,5.E-02,37.111862145044));
#7468 = CARTESIAN_POINT('',(13.999854756326,5.E-02,37.12828669287));
#7469 = CARTESIAN_POINT('',(13.999777812943,5.E-02,37.144711356658));
#7470 = CARTESIAN_POINT('',(13.995306105676,5.E-02,37.800064221563));
#7471 = CARTESIAN_POINT('',(13.937788327867,5.E-02,38.439029070236));
#7472 = CARTESIAN_POINT('',(13.827073032805,5.E-02,39.072185724592));
#7473 = CARTESIAN_POINT('',(13.664755558708,5.E-02,39.694479864157));
#7474 = CARTESIAN_POINT('',(13.453433171309,5.E-02,40.301516910372));
#7475 = CARTESIAN_POINT('',(13.196498004056,5.E-02,40.889516363598));
#7476 = CARTESIAN_POINT('',(12.897990600675,5.E-02,41.455286947052));
#7477 = PCURVE('',#3577,#7478);
#7478 = DEFINITIONAL_REPRESENTATION('',(#7479),#7512);
#7479 = B_SPLINE_CURVE_WITH_KNOTS('',7,(#7480,#7481,#7482,#7483,#7484,
    #7485,#7486,#7487,#7488,#7489,#7490,#7491,#7492,#7493,#7494,#7495,
    #7496,#7497,#7498,#7499,#7500,#7501,#7502,#7503,#7504,#7505,#7506,
    #7507,#7508,#7509,#7510,#7511),.UNSPECIFIED.,.F.,.F.,(8,6,6,6,6,8),(
    0.,0.310754411374,0.448045562914,0.702943295784,0.71038813932,1.),
  .UNSPECIFIED.);
#7480 = CARTESIAN_POINT('',(8.410712389006E-03,-0.910620103082));
#7481 = CARTESIAN_POINT('',(7.833014479041E-03,-0.860438454121));
#7482 = CARTESIAN_POINT('',(7.368026000424E-03,-0.809847353372));
#7483 = CARTESIAN_POINT('',(6.980572830356E-03,-0.758671080357));
#7484 = CARTESIAN_POINT('',(6.654290361069E-03,-0.706745876694));
#7485 = CARTESIAN_POINT('',(6.376936151309E-03,-0.653907629126));
#7486 = CARTESIAN_POINT('',(6.140864148948E-03,-0.599983381565));
#7487 = CARTESIAN_POINT('',(5.851816545738E-03,-0.520411719703));
#7488 = CARTESIAN_POINT('',(5.770203334126E-03,-0.495784438969));
#7489 = CARTESIAN_POINT('',(5.695070206904E-03,-0.470898715133));
#7490 = CARTESIAN_POINT('',(5.626023904508E-03,-0.44574100507));
#7491 = CARTESIAN_POINT('',(5.562741489828E-03,-0.420298194225));
#7492 = CARTESIAN_POINT('',(5.504956595079E-03,-0.394557874362));
#7493 = CARTESIAN_POINT('',(5.354952742568E-03,-0.320145012517));
#7494 = CARTESIAN_POINT('',(5.275604828662E-03,-0.270699039401));
#7495 = CARTESIAN_POINT('',(5.213058171706E-03,-0.220121055692));
#7496 = CARTESIAN_POINT('',(5.166391861066E-03,-0.168352337193));
#7497 = CARTESIAN_POINT('',(5.135051826725E-03,-0.115327686654));
#7498 = CARTESIAN_POINT('',(5.118782955194E-03,-6.099241792074E-02));
#7499 = CARTESIAN_POINT('',(5.11751329447E-03,-3.708085812132E-03));
#7500 = CARTESIAN_POINT('',(5.117490088939E-03,-2.081722447174E-03));
#7501 = CARTESIAN_POINT('',(5.117479707686E-03,-4.52906424823E-04));
#7502 = CARTESIAN_POINT('',(5.117482150308E-03,1.176900428382E-03));
#7503 = CARTESIAN_POINT('',(5.117497416941E-03,2.805254118665E-03));
#7504 = CARTESIAN_POINT('',(5.117525508153E-03,4.430930970792E-03));
#7505 = CARTESIAN_POINT('',(5.119158125377E-03,6.927800247694E-02));
#7506 = CARTESIAN_POINT('',(5.14015912687E-03,0.130796926086));
#7507 = CARTESIAN_POINT('',(5.180633378311E-03,0.190621540336));
#7508 = CARTESIAN_POINT('',(5.240981295442E-03,0.24884397113));
#7509 = CARTESIAN_POINT('',(5.322156288884E-03,0.305561457381));
#7510 = CARTESIAN_POINT('',(5.425726042565E-03,0.360867569749));
#7511 = CARTESIAN_POINT('',(5.554096668753E-03,0.414835738623));
#7512 = ( GEOMETRIC_REPRESENTATION_CONTEXT(2) 
PARAMETRIC_REPRESENTATION_CONTEXT() REPRESENTATION_CONTEXT('2D SPACE',''
  ) );
#7513 = PCURVE('',#4319,#7514);
#7514 = DEFINITIONAL_REPRESENTATION('',(#7515),#7548);
#7515 = B_SPLINE_CURVE_WITH_KNOTS('',7,(#7516,#7517,#7518,#7519,#7520,
    #7521,#7522,#7523,#7524,#7525,#7526,#7527,#7528,#7529,#7530,#7531,
    #7532,#7533,#7534,#7535,#7536,#7537,#7538,#7539,#7540,#7541,#7542,
    #7543,#7544,#7545,#7546,#7547),.UNSPECIFIED.,.F.,.F.,(8,6,6,6,6,8),(
    0.,0.310754411374,0.448045562914,0.702943295784,0.71038813932,1.),
  .UNSPECIFIED.);
#7516 = CARTESIAN_POINT('',(178.20768913398,158.51144039255));
#7517 = CARTESIAN_POINT('',(178.56654737507,159.09724734939));
#7518 = CARTESIAN_POINT('',(178.95860456546,159.66262937446));
#7519 = CARTESIAN_POINT('',(179.38399666972,160.20452776198));
#7520 = CARTESIAN_POINT('',(179.84260281795,160.71928822097));
#7521 = CARTESIAN_POINT('',(180.33388590823,161.20280332522));
#7522 = CARTESIAN_POINT('',(180.85677433172,161.65061689848));
#7523 = CARTESIAN_POINT('',(181.6535960891,162.23818270692));
#7524 = CARTESIAN_POINT('',(181.90354910226,162.41034564928));
#7525 = CARTESIAN_POINT('',(182.15911495812,162.57422394991));
#7526 = CARTESIAN_POINT('',(182.42008261744,162.72940760813));
#7527 = CARTESIAN_POINT('',(182.68620167403,162.87548887576));
#7528 = CARTESIAN_POINT('',(182.95717781146,163.01207019205));
#7529 = CARTESIAN_POINT('',(183.74414980775,163.37400966691));
#7530 = CARTESIAN_POINT('',(184.2713789111,163.57527957951));
#7531 = CARTESIAN_POINT('',(184.81191576668,163.73998772923));
#7532 = CARTESIAN_POINT('',(185.3629814633,163.86601914745));
#7533 = CARTESIAN_POINT('',(185.92144972023,163.9517761119));
#7534 = CARTESIAN_POINT('',(186.48381885519,163.99633366718));
#7535 = CARTESIAN_POINT('',(187.06258849631,163.9998112668));
#7536 = CARTESIAN_POINT('',(187.07901315017,163.99987482835));
#7537 = CARTESIAN_POINT('',(187.09543768158,163.99990326376));
#7538 = CARTESIAN_POINT('',(187.11186214504,163.99989657316));
#7539 = CARTESIAN_POINT('',(187.12828669287,163.99985475632));
#7540 = CARTESIAN_POINT('',(187.14471135665,163.99977781294));
#7541 = CARTESIAN_POINT('',(187.80006422156,163.99530610567));
#7542 = CARTESIAN_POINT('',(188.43902907023,163.93778832786));
#7543 = CARTESIAN_POINT('',(189.07218572459,163.8270730328));
#7544 = CARTESIAN_POINT('',(189.69447986415,163.6647555587));
#7545 = CARTESIAN_POINT('',(190.30151691037,163.4534331713));
#7546 = CARTESIAN_POINT('',(190.88951636359,163.19649800405));
#7547 = CARTESIAN_POINT('',(191.45528694705,162.89799060067));
#7548 = ( GEOMETRIC_REPRESENTATION_CONTEXT(2) 
PARAMETRIC_REPRESENTATION_CONTEXT() REPRESENTATION_CONTEXT('2D SPACE',''
  ) );
#7549 = FACE_BOUND('',#7550,.F.);
#7550 = EDGE_LOOP('',(#7551,#7552));
#7551 = ORIENTED_EDGE('',*,*,#6556,.T.);
#7552 = ORIENTED_EDGE('',*,*,#6302,.T.);
#7553 = ADVANCED_FACE('',(#7554),#6183,.F.);
#7554 = FACE_BOUND('',#7555,.F.);
#7555 = EDGE_LOOP('',(#7556,#7679,#7680));
#7556 = ORIENTED_EDGE('',*,*,#7557,.F.);
#7557 = EDGE_CURVE('',#4408,#6790,#7558,.T.);
#7558 = SURFACE_CURVE('',#7559,(#7597,#7638),.PCURVE_S1.);
#7559 = B_SPLINE_CURVE_WITH_KNOTS('',8,(#7560,#7561,#7562,#7563,#7564,
    #7565,#7566,#7567,#7568,#7569,#7570,#7571,#7572,#7573,#7574,#7575,
    #7576,#7577,#7578,#7579,#7580,#7581,#7582,#7583,#7584,#7585,#7586,
    #7587,#7588,#7589,#7590,#7591,#7592,#7593,#7594,#7595,#7596),
  .UNSPECIFIED.,.F.,.F.,(9,7,7,7,7,9),(0.,8.575001989021E-02,
    9.811737952965E-02,0.461989396416,0.641587569396,1.),.UNSPECIFIED.);
#7560 = CARTESIAN_POINT('',(-17.34796788426,5.E-02,13.141829688145));
#7561 = CARTESIAN_POINT('',(-17.35989867071,5.E-02,13.286192376402));
#7562 = CARTESIAN_POINT('',(-17.37026605542,5.E-02,13.430681852412));
#7563 = CARTESIAN_POINT('',(-17.37906789303,5.E-02,13.575278324732));
#7564 = CARTESIAN_POINT('',(-17.38630245194,5.E-02,13.719961970245));
#7565 = CARTESIAN_POINT('',(-17.39196841429,5.E-02,13.864712934161));
#7566 = CARTESIAN_POINT('',(-17.39606487599,5.E-02,14.009511330019));
#7567 = CARTESIAN_POINT('',(-17.39859134668,5.E-02,14.154337239682));
#7568 = CARTESIAN_POINT('',(-17.3996856877,5.E-02,14.320059427528));
#7569 = CARTESIAN_POINT('',(-17.39984241215,5.E-02,14.348740449536));
#7570 = CARTESIAN_POINT('',(-17.39992273827,5.E-02,14.377245037537));
#7571 = CARTESIAN_POINT('',(-17.39990134098,5.E-02,14.401048215321));
#7572 = CARTESIAN_POINT('',(-17.39989118977,5.E-02,14.419090833878));
#7573 = CARTESIAN_POINT('',(-17.39985004066,5.E-02,14.43380061523));
#7574 = CARTESIAN_POINT('',(-17.39982337677,5.E-02,14.451112829041));
#7575 = CARTESIAN_POINT('',(-17.39511161441,5.E-02,15.344917424573));
#7576 = CARTESIAN_POINT('',(-17.33462540209,5.E-02,16.209267622088));
#7577 = CARTESIAN_POINT('',(-17.21819388246,5.E-02,17.069109610048));
#7578 = CARTESIAN_POINT('',(-17.04639237624,5.E-02,17.920220706601));
#7579 = CARTESIAN_POINT('',(-16.82028423018,5.E-02,18.758570985293));
#7580 = CARTESIAN_POINT('',(-16.54136324189,5.E-02,19.580314055775));
#7581 = CARTESIAN_POINT('',(-16.21154178157,5.E-02,20.3817872387));
#7582 = CARTESIAN_POINT('',(-15.64643692566,5.E-02,21.543391232882));
#7583 = CARTESIAN_POINT('',(-15.44784752707,5.E-02,21.921513853956));
#7584 = CARTESIAN_POINT('',(-15.23768740909,5.E-02,22.293490015174));
#7585 = CARTESIAN_POINT('',(-15.01624429366,5.E-02,22.658942510165));
#7586 = CARTESIAN_POINT('',(-14.78382104279,5.E-02,23.01751496874));
#7587 = CARTESIAN_POINT('',(-14.5407340711,5.E-02,23.368870916587));
#7588 = CARTESIAN_POINT('',(-14.28731175841,5.E-02,23.712692834965));
#7589 = CARTESIAN_POINT('',(-13.49820484859,5.E-02,24.719191459336));
#7590 = CARTESIAN_POINT('',(-12.93270031059,5.E-02,25.358509930889));
#7591 = CARTESIAN_POINT('',(-12.33006921027,5.E-02,25.964264588339));
#7592 = CARTESIAN_POINT('',(-11.6931175399,5.E-02,26.534431671622));
#7593 = CARTESIAN_POINT('',(-11.02472159975,5.E-02,27.067285801222));
#7594 = CARTESIAN_POINT('',(-10.32779333761,5.E-02,27.561361375523));
#7595 = CARTESIAN_POINT('',(-9.60525675017,5.E-02,28.015425271599));
#7596 = CARTESIAN_POINT('',(-8.860035346165,5.E-02,28.428460849447));
#7597 = PCURVE('',#6183,#7598);
#7598 = DEFINITIONAL_REPRESENTATION('',(#7599),#7637);
#7599 = B_SPLINE_CURVE_WITH_KNOTS('',8,(#7600,#7601,#7602,#7603,#7604,
    #7605,#7606,#7607,#7608,#7609,#7610,#7611,#7612,#7613,#7614,#7615,
    #7616,#7617,#7618,#7619,#7620,#7621,#7622,#7623,#7624,#7625,#7626,
    #7627,#7628,#7629,#7630,#7631,#7632,#7633,#7634,#7635,#7636),
  .UNSPECIFIED.,.F.,.F.,(9,7,7,7,7,9),(0.,8.575001989021E-02,
    9.811737952965E-02,0.461989396416,0.641587569396,1.),.UNSPECIFIED.);
#7600 = CARTESIAN_POINT('',(163.14182968814,132.65203211573));
#7601 = CARTESIAN_POINT('',(163.2861923764,132.64010132928));
#7602 = CARTESIAN_POINT('',(163.43068185241,132.62973394457));
#7603 = CARTESIAN_POINT('',(163.57527832473,132.62093210696));
#7604 = CARTESIAN_POINT('',(163.71996197024,132.61369754805));
#7605 = CARTESIAN_POINT('',(163.86471293416,132.6080315857));
#7606 = CARTESIAN_POINT('',(164.00951133001,132.603935124));
#7607 = CARTESIAN_POINT('',(164.15433723968,132.60140865331));
#7608 = CARTESIAN_POINT('',(164.32005942752,132.60031431229));
#7609 = CARTESIAN_POINT('',(164.34874044953,132.60015758784));
#7610 = CARTESIAN_POINT('',(164.37724503753,132.60007726172));
#7611 = CARTESIAN_POINT('',(164.40104821532,132.60009865901));
#7612 = CARTESIAN_POINT('',(164.41909083387,132.60010881022));
#7613 = CARTESIAN_POINT('',(164.43380061523,132.60014995933));
#7614 = CARTESIAN_POINT('',(164.45111282904,132.60017662322));
#7615 = CARTESIAN_POINT('',(165.34491742457,132.60488838558));
#7616 = CARTESIAN_POINT('',(166.20926762208,132.6653745979));
#7617 = CARTESIAN_POINT('',(167.06910961004,132.78180611754));
#7618 = CARTESIAN_POINT('',(167.9202207066,132.95360762375));
#7619 = CARTESIAN_POINT('',(168.75857098529,133.17971576981));
#7620 = CARTESIAN_POINT('',(169.58031405577,133.4586367581));
#7621 = CARTESIAN_POINT('',(170.3817872387,133.78845821842));
#7622 = CARTESIAN_POINT('',(171.54339123288,134.35356307433));
#7623 = CARTESIAN_POINT('',(171.92151385395,134.55215247292));
#7624 = CARTESIAN_POINT('',(172.29349001517,134.76231259091));
#7625 = CARTESIAN_POINT('',(172.65894251016,134.98375570633));
#7626 = CARTESIAN_POINT('',(173.01751496874,135.2161789572));
#7627 = CARTESIAN_POINT('',(173.36887091658,135.45926592889));
#7628 = CARTESIAN_POINT('',(173.71269283496,135.71268824158));
#7629 = CARTESIAN_POINT('',(174.71919145933,136.5017951514));
#7630 = CARTESIAN_POINT('',(175.35850993088,137.0672996894));
#7631 = CARTESIAN_POINT('',(175.96426458833,137.66993078972));
#7632 = CARTESIAN_POINT('',(176.53443167162,138.30688246009));
#7633 = CARTESIAN_POINT('',(177.06728580122,138.97527840024));
#7634 = CARTESIAN_POINT('',(177.56136137552,139.67220666238));
#7635 = CARTESIAN_POINT('',(178.01542527159,140.39474324983));
#7636 = CARTESIAN_POINT('',(178.42846084944,141.13996465383));
#7637 = ( GEOMETRIC_REPRESENTATION_CONTEXT(2) 
PARAMETRIC_REPRESENTATION_CONTEXT() REPRESENTATION_CONTEXT('2D SPACE',''
  ) );
#7638 = PCURVE('',#5457,#7639);
#7639 = DEFINITIONAL_REPRESENTATION('',(#7640),#7678);
#7640 = B_SPLINE_CURVE_WITH_KNOTS('',8,(#7641,#7642,#7643,#7644,#7645,
    #7646,#7647,#7648,#7649,#7650,#7651,#7652,#7653,#7654,#7655,#7656,
    #7657,#7658,#7659,#7660,#7661,#7662,#7663,#7664,#7665,#7666,#7667,
    #7668,#7669,#7670,#7671,#7672,#7673,#7674,#7675,#7676,#7677),
  .UNSPECIFIED.,.F.,.F.,(9,7,7,7,7,9),(0.,8.575001989021E-02,
    9.811737952965E-02,0.461989396416,0.641587569396,1.),.UNSPECIFIED.);
#7641 = CARTESIAN_POINT('',(3.13822370312,-8.450978801701E-02));
#7642 = CARTESIAN_POINT('',(3.138226020046,-7.493735910395E-02));
#7643 = CARTESIAN_POINT('',(3.138228029723,-6.532812495973E-02));
#7644 = CARTESIAN_POINT('',(3.138229733411,-5.568142563303E-02));
#7645 = CARTESIAN_POINT('',(3.138231132142,-4.599658929725E-02));
#7646 = CARTESIAN_POINT('',(3.138232226716,-3.627293225051E-02));
#7647 = CARTESIAN_POINT('',(3.138233017708,-2.650975891563E-02));
#7648 = CARTESIAN_POINT('',(3.138233505462,-1.670636184017E-02));
#7649 = CARTESIAN_POINT('',(3.138233716722,-5.442214504188E-03));
#7650 = CARTESIAN_POINT('',(3.138233746977,-3.491570882114E-03));
#7651 = CARTESIAN_POINT('',(3.138233762482,-1.552647406121E-03));
#7652 = CARTESIAN_POINT('',(3.138233758352,7.120055074081E-05));
#7653 = CARTESIAN_POINT('',(3.138233756393,1.302774640489E-03));
#7654 = CARTESIAN_POINT('',(3.138233748449,2.301899191622E-03));
#7655 = CARTESIAN_POINT('',(3.138233743302,3.481431358418E-03));
#7656 = CARTESIAN_POINT('',(3.13823283372,6.426412035875E-02));
#7657 = CARTESIAN_POINT('',(3.138221155282,0.121595749262));
#7658 = CARTESIAN_POINT('',(3.138198658462,0.177614134453));
#7659 = CARTESIAN_POINT('',(3.138165033302,0.232457211195));
#7660 = CARTESIAN_POINT('',(3.13811968541,0.286255846816));
#7661 = CARTESIAN_POINT('',(3.138061676667,0.339130320658));
#7662 = CARTESIAN_POINT('',(3.13798960074,0.391188457785));
#7663 = CARTESIAN_POINT('',(3.137857856443,0.467864061754));
#7664 = CARTESIAN_POINT('',(3.137810386356,0.493029349488));
#7665 = CARTESIAN_POINT('',(3.137758726529,0.518033936603));
#7666 = CARTESIAN_POINT('',(3.137702583585,0.542890403169));
#7667 = CARTESIAN_POINT('',(3.137641612098,0.56761121435));
#7668 = CARTESIAN_POINT('',(3.137575399304,0.59220868239));
#7669 = CARTESIAN_POINT('',(3.137503449831,0.616694928604));
#7670 = CARTESIAN_POINT('',(3.137268953241,0.68974923417));
#7671 = CARTESIAN_POINT('',(3.137087312878,0.73802145632));
#7672 = CARTESIAN_POINT('',(3.136876385388,0.785993736984));
#7673 = CARTESIAN_POINT('',(3.136628401497,0.833762345109));
#7674 = CARTESIAN_POINT('',(3.136334494485,0.881423806747));
#7675 = CARTESIAN_POINT('',(3.135982695017,0.929075050764));
#7676 = CARTESIAN_POINT('',(3.135551112932,0.976814486922));
#7677 = CARTESIAN_POINT('',(3.134996305956,1.024744016335));
#7678 = ( GEOMETRIC_REPRESENTATION_CONTEXT(2) 
PARAMETRIC_REPRESENTATION_CONTEXT() REPRESENTATION_CONTEXT('2D SPACE',''
  ) );
#7679 = ORIENTED_EDGE('',*,*,#6017,.T.);
#7680 = ORIENTED_EDGE('',*,*,#7333,.F.);
#7681 = ADVANCED_FACE('',(#7682),#5457,.F.);
#7682 = FACE_BOUND('',#7683,.F.);
#7683 = EDGE_LOOP('',(#7684,#7685,#7686,#7687));
#7684 = ORIENTED_EDGE('',*,*,#4407,.F.);
#7685 = ORIENTED_EDGE('',*,*,#7557,.T.);
#7686 = ORIENTED_EDGE('',*,*,#6789,.T.);
#7687 = ORIENTED_EDGE('',*,*,#7688,.F.);
#7688 = EDGE_CURVE('',#4152,#6792,#7689,.T.);
#7689 = SURFACE_CURVE('',#7690,(#7728,#7769),.PCURVE_S1.);
#7690 = B_SPLINE_CURVE_WITH_KNOTS('',8,(#7691,#7692,#7693,#7694,#7695,
    #7696,#7697,#7698,#7699,#7700,#7701,#7702,#7703,#7704,#7705,#7706,
    #7707,#7708,#7709,#7710,#7711,#7712,#7713,#7714,#7715,#7716,#7717,
    #7718,#7719,#7720,#7721,#7722,#7723,#7724,#7725,#7726,#7727),
  .UNSPECIFIED.,.F.,.F.,(9,7,7,7,7,9),(0.,8.575001132159E-02,
    9.811737035069E-02,0.461989381975,0.641587552321,1.),.UNSPECIFIED.);
#7691 = CARTESIAN_POINT('',(17.347967884266,5.E-02,13.141829688145));
#7692 = CARTESIAN_POINT('',(17.359898670714,5.E-02,13.286192376415));
#7693 = CARTESIAN_POINT('',(17.370266055424,5.E-02,13.430681852443));
#7694 = CARTESIAN_POINT('',(17.379067893037,5.E-02,13.575278324783));
#7695 = CARTESIAN_POINT('',(17.386302451948,5.E-02,13.719961970319));
#7696 = CARTESIAN_POINT('',(17.391968414302,5.E-02,13.864712934261));
#7697 = CARTESIAN_POINT('',(17.396064875998,5.E-02,14.009511330144));
#7698 = CARTESIAN_POINT('',(17.398591346686,5.E-02,14.154337239836));
#7699 = CARTESIAN_POINT('',(17.399685687716,5.E-02,14.320059428769));
#7700 = CARTESIAN_POINT('',(17.399842412156,5.E-02,14.348740449637));
#7701 = CARTESIAN_POINT('',(17.399922738271,5.E-02,14.37724503646));
#7702 = CARTESIAN_POINT('',(17.399901340988,5.E-02,14.40104821426));
#7703 = CARTESIAN_POINT('',(17.399891189779,5.E-02,14.419090834402));
#7704 = CARTESIAN_POINT('',(17.399850040665,5.E-02,14.433800618296));
#7705 = CARTESIAN_POINT('',(17.399823376759,5.E-02,14.451112834104));
#7706 = CARTESIAN_POINT('',(17.395111614162,5.E-02,15.344917428391));
#7707 = CARTESIAN_POINT('',(17.334625401649,5.E-02,16.209267625654));
#7708 = CARTESIAN_POINT('',(17.218193881847,5.E-02,17.06910961323));
#7709 = CARTESIAN_POINT('',(17.046392375546,5.E-02,17.920220709151));
#7710 = CARTESIAN_POINT('',(16.820284229564,5.E-02,18.758570986829));
#7711 = CARTESIAN_POINT('',(16.541363241677,5.E-02,19.58031405576));
#7712 = CARTESIAN_POINT('',(16.21154178231,5.E-02,20.38178723643));
#7713 = CARTESIAN_POINT('',(15.646436929272,5.E-02,21.543391225842));
#7714 = CARTESIAN_POINT('',(15.447847531893,5.E-02,21.921513845062));
#7715 = CARTESIAN_POINT('',(15.237687415403,5.E-02,22.293490004179));
#7716 = CARTESIAN_POINT('',(15.016244301818,5.E-02,22.658942496792));
#7717 = CARTESIAN_POINT('',(14.783821053209,5.E-02,23.017514952674));
#7718 = CARTESIAN_POINT('',(14.540734084291,5.E-02,23.368870897468));
#7719 = CARTESIAN_POINT('',(14.287311775004,5.E-02,23.712692812381));
#7720 = CARTESIAN_POINT('',(13.498204845005,5.E-02,24.719191466751));
#7721 = CARTESIAN_POINT('',(12.932700283317,5.E-02,25.358509963421));
#7722 = CARTESIAN_POINT('',(12.330069159166,5.E-02,25.964264640303));
#7723 = CARTESIAN_POINT('',(11.693117466415,5.E-02,26.53443173707));
#7724 = CARTESIAN_POINT('',(11.02472150897,5.E-02,27.067285871767));
#7725 = CARTESIAN_POINT('',(10.327793241814,5.E-02,27.561361439229));
#7726 = CARTESIAN_POINT('',(9.605256675801,5.E-02,28.015425312817));
#7727 = CARTESIAN_POINT('',(8.860035346165,5.E-02,28.428460849447));
#7728 = PCURVE('',#5457,#7729);
#7729 = DEFINITIONAL_REPRESENTATION('',(#7730),#7768);
#7730 = B_SPLINE_CURVE_WITH_KNOTS('',8,(#7731,#7732,#7733,#7734,#7735,
    #7736,#7737,#7738,#7739,#7740,#7741,#7742,#7743,#7744,#7745,#7746,
    #7747,#7748,#7749,#7750,#7751,#7752,#7753,#7754,#7755,#7756,#7757,
    #7758,#7759,#7760,#7761,#7762,#7763,#7764,#7765,#7766,#7767),
  .UNSPECIFIED.,.F.,.F.,(9,7,7,7,7,9),(0.,8.575001132159E-02,
    9.811737035069E-02,0.461989381975,0.641587552321,1.),.UNSPECIFIED.);
#7731 = CARTESIAN_POINT('',(4.487122103289E-03,-8.450978801701E-02));
#7732 = CARTESIAN_POINT('',(4.48403948409E-03,-7.493735910306E-02));
#7733 = CARTESIAN_POINT('',(4.481365647034E-03,-6.532812495769E-02));
#7734 = CARTESIAN_POINT('',(4.47909891862E-03,-5.568142562962E-02));
#7735 = CARTESIAN_POINT('',(4.4772379293E-03,-4.599658929229E-02));
#7736 = CARTESIAN_POINT('',(4.475781613472E-03,-3.627293224384E-02));
#7737 = CARTESIAN_POINT('',(4.47472920948E-03,-2.650975890715E-02));
#7738 = CARTESIAN_POINT('',(4.474080259621E-03,-1.67063618298E-02));
#7739 = CARTESIAN_POINT('',(4.473799181156E-03,-5.442214419815E-03));
#7740 = CARTESIAN_POINT('',(4.473758927546E-03,-3.491570875077E-03));
#7741 = CARTESIAN_POINT('',(4.47373829775E-03,-1.552647479433E-03));
#7742 = CARTESIAN_POINT('',(4.47374379312E-03,7.120047821438E-05));
#7743 = CARTESIAN_POINT('',(4.473746399982E-03,1.30277467649E-03));
#7744 = CARTESIAN_POINT('',(4.473756969169E-03,2.301899400484E-03));
#7745 = CARTESIAN_POINT('',(4.473763816873E-03,3.48143170296E-03));
#7746 = CARTESIAN_POINT('',(4.474974003276E-03,6.426412061248E-02));
#7747 = CARTESIAN_POINT('',(4.490512000362E-03,0.121595749495));
#7748 = CARTESIAN_POINT('',(4.520443709507E-03,0.177614134658));
#7749 = CARTESIAN_POINT('',(4.565180880931E-03,0.232457211358));
#7750 = CARTESIAN_POINT('',(4.625513211714E-03,0.286255846915));
#7751 = CARTESIAN_POINT('',(4.702687029329E-03,0.339130320659));
#7752 = CARTESIAN_POINT('',(4.79857034069E-03,0.39118845764));
#7753 = CARTESIAN_POINT('',(4.973817343002E-03,0.467864061287));
#7754 = CARTESIAN_POINT('',(5.036960494624E-03,0.493029348894));
#7755 = CARTESIAN_POINT('',(5.105674432908E-03,0.518033935862));
#7756 = CARTESIAN_POINT('',(5.180348712916E-03,0.542890402258));
#7757 = CARTESIAN_POINT('',(5.261441957094E-03,0.567611213242));
#7758 = CARTESIAN_POINT('',(5.349502098906E-03,0.592208681052));
#7759 = CARTESIAN_POINT('',(5.44518662647E-03,0.616694926997));
#7760 = CARTESIAN_POINT('',(5.757020876469E-03,0.689749234644));
#7761 = CARTESIAN_POINT('',(5.998540607084E-03,0.738021458721));
#7762 = CARTESIAN_POINT('',(6.278978013564E-03,0.785993741078));
#7763 = CARTESIAN_POINT('',(6.608628623691E-03,0.833762350604));
#7764 = CARTESIAN_POINT('',(6.999252773674E-03,0.881423813144));
#7765 = CARTESIAN_POINT('',(7.466729067852E-03,0.929075057178));
#7766 = CARTESIAN_POINT('',(8.040056021923E-03,0.976814491705));
#7767 = CARTESIAN_POINT('',(8.776701889713E-03,1.024744016335));
#7768 = ( GEOMETRIC_REPRESENTATION_CONTEXT(2) 
PARAMETRIC_REPRESENTATION_CONTEXT() REPRESENTATION_CONTEXT('2D SPACE',''
  ) );
#7769 = PCURVE('',#4319,#7770);
#7770 = DEFINITIONAL_REPRESENTATION('',(#7771),#7809);
#7771 = B_SPLINE_CURVE_WITH_KNOTS('',8,(#7772,#7773,#7774,#7775,#7776,
    #7777,#7778,#7779,#7780,#7781,#7782,#7783,#7784,#7785,#7786,#7787,
    #7788,#7789,#7790,#7791,#7792,#7793,#7794,#7795,#7796,#7797,#7798,
    #7799,#7800,#7801,#7802,#7803,#7804,#7805,#7806,#7807,#7808),
  .UNSPECIFIED.,.F.,.F.,(9,7,7,7,7,9),(0.,8.575001132159E-02,
    9.811737035069E-02,0.461989381975,0.641587552321,1.),.UNSPECIFIED.);
#7772 = CARTESIAN_POINT('',(163.14182968814,167.34796788426));
#7773 = CARTESIAN_POINT('',(163.28619237641,167.35989867071));
#7774 = CARTESIAN_POINT('',(163.43068185244,167.37026605542));
#7775 = CARTESIAN_POINT('',(163.57527832478,167.37906789303));
#7776 = CARTESIAN_POINT('',(163.71996197031,167.38630245194));
#7777 = CARTESIAN_POINT('',(163.86471293426,167.3919684143));
#7778 = CARTESIAN_POINT('',(164.00951133014,167.39606487599));
#7779 = CARTESIAN_POINT('',(164.15433723983,167.39859134668));
#7780 = CARTESIAN_POINT('',(164.32005942876,167.39968568771));
#7781 = CARTESIAN_POINT('',(164.34874044963,167.39984241215));
#7782 = CARTESIAN_POINT('',(164.37724503646,167.39992273827));
#7783 = CARTESIAN_POINT('',(164.40104821426,167.39990134098));
#7784 = CARTESIAN_POINT('',(164.4190908344,167.39989118977));
#7785 = CARTESIAN_POINT('',(164.43380061829,167.39985004066));
#7786 = CARTESIAN_POINT('',(164.4511128341,167.39982337675));
#7787 = CARTESIAN_POINT('',(165.34491742839,167.39511161416));
#7788 = CARTESIAN_POINT('',(166.20926762565,167.33462540164));
#7789 = CARTESIAN_POINT('',(167.06910961323,167.21819388184));
#7790 = CARTESIAN_POINT('',(167.92022070915,167.04639237554));
#7791 = CARTESIAN_POINT('',(168.75857098682,166.82028422956));
#7792 = CARTESIAN_POINT('',(169.58031405576,166.54136324167));
#7793 = CARTESIAN_POINT('',(170.38178723643,166.21154178231));
#7794 = CARTESIAN_POINT('',(171.54339122584,165.64643692927));
#7795 = CARTESIAN_POINT('',(171.92151384506,165.44784753189));
#7796 = CARTESIAN_POINT('',(172.29349000417,165.2376874154));
#7797 = CARTESIAN_POINT('',(172.65894249679,165.01624430181));
#7798 = CARTESIAN_POINT('',(173.01751495267,164.7838210532));
#7799 = CARTESIAN_POINT('',(173.36887089746,164.54073408429));
#7800 = CARTESIAN_POINT('',(173.71269281238,164.287311775));
#7801 = CARTESIAN_POINT('',(174.71919146675,163.498204845));
#7802 = CARTESIAN_POINT('',(175.35850996342,162.93270028331));
#7803 = CARTESIAN_POINT('',(175.9642646403,162.33006915916));
#7804 = CARTESIAN_POINT('',(176.53443173707,161.69311746641));
#7805 = CARTESIAN_POINT('',(177.06728587176,161.02472150897));
#7806 = CARTESIAN_POINT('',(177.56136143922,160.32779324181));
#7807 = CARTESIAN_POINT('',(178.01542531281,159.6052566758));
#7808 = CARTESIAN_POINT('',(178.42846084944,158.86003534616));
#7809 = ( GEOMETRIC_REPRESENTATION_CONTEXT(2) 
PARAMETRIC_REPRESENTATION_CONTEXT() REPRESENTATION_CONTEXT('2D SPACE',''
  ) );
#7810 = ADVANCED_FACE('',(#7811),#4319,.F.);
#7811 = FACE_BOUND('',#7812,.F.);
#7812 = EDGE_LOOP('',(#7813,#7814,#7815));
#7813 = ORIENTED_EDGE('',*,*,#4151,.F.);
#7814 = ORIENTED_EDGE('',*,*,#7688,.T.);
#7815 = ORIENTED_EDGE('',*,*,#7442,.T.);
#7816 = ( GEOMETRIC_REPRESENTATION_CONTEXT(3) 
GLOBAL_UNCERTAINTY_ASSIGNED_CONTEXT((#7820)) 
GLOBAL_UNIT_ASSIGNED_CONTEXT((#7817,#7818,#7819)) REPRESENTATION_CONTEXT
('Context #1','3D Context with UNIT and UNCERTAINTY') );
#7817 = ( LENGTH_UNIT() NAMED_UNIT(*) SI_UNIT(.MILLI.,.METRE.) );
#7818 = ( NAMED_UNIT(*) PLANE_ANGLE_UNIT() SI_UNIT($,.RADIAN.) );
#7819 = ( NAMED_UNIT(*) SI_UNIT($,.STERADIAN.) SOLID_ANGLE_UNIT() );
#7820 = UNCERTAINTY_MEASURE_WITH_UNIT(LENGTH_MEASURE(2.E-05),#7817,
  'distance_accuracy_value','confusion accuracy');
#7821 = PRODUCT_RELATED_PRODUCT_CATEGORY('part',$,(#7));
ENDSEC;
END-ISO-10303-21;
