ISO-10303-21;
HEADER;
FILE_DESCRIPTION(('Open CASCADE Model'),'2;1');
FILE_NAME('Open CASCADE Shape Model','2026-07-24T20:56:45',('Author'),(
    'Open CASCADE'),'Open CASCADE STEP processor 7.9','Open CASCADE 7.9'
  ,'Unknown');
FILE_SCHEMA(('AUTOMOTIVE_DESIGN { 1 0 10303 214 1 1 1 1 }'));
ENDSEC;
DATA;
#1 = APPLICATION_PROTOCOL_DEFINITION('international standard',
  'automotive_design',2000,#2);
#2 = APPLICATION_CONTEXT(
  'core data for automotive mechanical design processes');
#3 = SHAPE_DEFINITION_REPRESENTATION(#4,#10);
#4 = PRODUCT_DEFINITION_SHAPE('','',#5);
#5 = PRODUCT_DEFINITION('design','',#6,#9);
#6 = PRODUCT_DEFINITION_FORMATION('','',#7);
#7 = PRODUCT('Open CASCADE STEP translator 7.9 4',
  'Open CASCADE STEP translator 7.9 4','',(#8));
#8 = PRODUCT_CONTEXT('',#2,'mechanical');
#9 = PRODUCT_DEFINITION_CONTEXT('part definition',#2,'design');
#10 = SHAPE_REPRESENTATION('',(#11,#15,#19,#23),#27);
#11 = AXIS2_PLACEMENT_3D('',#12,#13,#14);
#12 = CARTESIAN_POINT('',(0.,0.,0.));
#13 = DIRECTION('',(0.,0.,1.));
#14 = DIRECTION('',(1.,0.,-0.));
#15 = AXIS2_PLACEMENT_3D('',#16,#17,#18);
#16 = CARTESIAN_POINT('',(0.,0.,0.));
#17 = DIRECTION('',(0.,0.,1.));
#18 = DIRECTION('',(1.,0.,-0.));
#19 = AXIS2_PLACEMENT_3D('',#20,#21,#22);
#20 = CARTESIAN_POINT('',(0.,0.,0.));
#21 = DIRECTION('',(0.,0.,1.));
#22 = DIRECTION('',(1.,0.,-0.));
#23 = AXIS2_PLACEMENT_3D('',#24,#25,#26);
#24 = CARTESIAN_POINT('',(0.,0.,0.));
#25 = DIRECTION('',(0.,0.,1.));
#26 = DIRECTION('',(1.,0.,-0.));
#27 = ( GEOMETRIC_REPRESENTATION_CONTEXT(3) 
GLOBAL_UNCERTAINTY_ASSIGNED_CONTEXT((#31)) GLOBAL_UNIT_ASSIGNED_CONTEXT(
(#28,#29,#30)) REPRESENTATION_CONTEXT('Context #1',
  '3D Context with UNIT and UNCERTAINTY') );
#28 = ( LENGTH_UNIT() NAMED_UNIT(*) SI_UNIT(.MILLI.,.METRE.) );
#29 = ( NAMED_UNIT(*) PLANE_ANGLE_UNIT() SI_UNIT($,.RADIAN.) );
#30 = ( NAMED_UNIT(*) SI_UNIT($,.STERADIAN.) SOLID_ANGLE_UNIT() );
#31 = UNCERTAINTY_MEASURE_WITH_UNIT(LENGTH_MEASURE(2.E-06),#28,
  'distance_accuracy_value','confusion accuracy');
#32 = PRODUCT_RELATED_PRODUCT_CATEGORY('part',$,(#7));
#33 = SHAPE_DEFINITION_REPRESENTATION(#34,#40);
#34 = PRODUCT_DEFINITION_SHAPE('','',#35);
#35 = PRODUCT_DEFINITION('design','',#36,#39);
#36 = PRODUCT_DEFINITION_FORMATION('','',#37);
#37 = PRODUCT('Open CASCADE STEP translator 7.9 4.1',
  'Open CASCADE STEP translator 7.9 4.1','',(#38));
#38 = PRODUCT_CONTEXT('',#2,'mechanical');
#39 = PRODUCT_DEFINITION_CONTEXT('part definition',#2,'design');
#40 = ADVANCED_BREP_SHAPE_REPRESENTATION('',(#11,#41),#376);
#41 = MANIFOLD_SOLID_BREP('',#42);
#42 = CLOSED_SHELL('',(#43,#367,#372));
#43 = ADVANCED_FACE('',(#44),#92,.T.);
#44 = FACE_BOUND('',#45,.T.);
#45 = EDGE_LOOP('',(#46,#214,#237,#264,#265));
#46 = ORIENTED_EDGE('',*,*,#47,.T.);
#47 = EDGE_CURVE('',#48,#50,#52,.T.);
#48 = VERTEX_POINT('',#49);
#49 = CARTESIAN_POINT('',(-0.324915137529,11.877211524003,
    32.307376491893));
#50 = VERTEX_POINT('',#51);
#51 = CARTESIAN_POINT('',(-3.312312255552E-16,12.738775059156,
    35.161435969252));
#52 = SURFACE_CURVE('',#53,(#91,#137),.PCURVE_S1.);
#53 = B_SPLINE_CURVE_WITH_KNOTS('',8,(#54,#55,#56,#57,#58,#59,#60,#61,
    #62,#63,#64,#65,#66,#67,#68,#69,#70,#71,#72,#73,#74,#75,#76,#77,#78,
    #79,#80,#81,#82,#83,#84,#85,#86,#87,#88,#89,#90),.UNSPECIFIED.,.F.,
  .F.,(9,7,7,7,7,9),(0.,0.259933521247,0.41990879153,0.524897805072,
    0.660522568095,1.),.UNSPECIFIED.);
#54 = CARTESIAN_POINT('',(-0.324915137529,11.877211524003,
    32.307376491893));
#55 = CARTESIAN_POINT('',(-0.162410388365,11.864202824081,
    32.270757135318));
#56 = CARTESIAN_POINT('',(6.021825495666E-03,11.858482285979,
    32.254826650364));
#57 = CARTESIAN_POINT('',(0.176135216697,11.860692086575,32.261051733078
    ));
#58 = CARTESIAN_POINT('',(0.343903715049,11.870858192558,32.289393180005
    ));
#59 = CARTESIAN_POINT('',(0.505652835541,11.888581758148,32.339007785078
    ));
#60 = CARTESIAN_POINT('',(0.658072965625,11.913107387696,32.408328919402
    ));
#61 = CARTESIAN_POINT('',(0.798258516143,11.943423895935,32.495173526658
    ));
#62 = CARTESIAN_POINT('',(1.001219072163,11.999742517471,32.658988239077
    ));
#63 = CARTESIAN_POINT('',(1.073184564779,12.022962979723,32.727036472878
    ));
#64 = CARTESIAN_POINT('',(1.139343874604,12.047705038342,32.800174095972
    ));
#65 = CARTESIAN_POINT('',(1.199334510585,12.073721536935,32.87783192497)
  );
#66 = CARTESIAN_POINT('',(1.252865851263,12.100768658529,32.959431797222
    ));
#67 = CARTESIAN_POINT('',(1.299708278235,12.128611354626,33.044394098561
    ));
#68 = CARTESIAN_POINT('',(1.339685609456,12.157026517038,33.132141946887
    ));
#69 = CARTESIAN_POINT('',(1.394318465821,12.204689988153,33.281141285136
    ));
#70 = CARTESIAN_POINT('',(1.412954721378,12.223732356296,33.341134032039
    ));
#71 = CARTESIAN_POINT('',(1.42854366771,12.242871562825,33.401918552022)
  );
#72 = CARTESIAN_POINT('',(1.441057660515,12.262050417672,33.463332858118
    ));
#73 = CARTESIAN_POINT('',(1.450477342508,12.281213974785,33.525214696636
    ));
#74 = CARTESIAN_POINT('',(1.456791643417,12.300309532125,33.587401547165
    ));
#75 = CARTESIAN_POINT('',(1.459997779989,12.31928663167,33.649730622573)
  );
#76 = CARTESIAN_POINT('',(1.460234926237,12.36239636197,33.792528635237)
  );
#77 = CARTESIAN_POINT('',(1.455190944472,12.386418117096,33.872985265486
    ));
#78 = CARTESIAN_POINT('',(1.444981732103,12.410057646319,33.953055248015
    ));
#79 = CARTESIAN_POINT('',(1.429643321699,12.43321699854,34.032384670452)
  );
#80 = CARTESIAN_POINT('',(1.409237079867,12.455804721973,34.110620334974
    ));
#81 = CARTESIAN_POINT('',(1.383851430138,12.477735636076,34.187410873479
    ));
#82 = CARTESIAN_POINT('',(1.353603575847,12.498930603493,34.262407862771
    ));
#83 = CARTESIAN_POINT('',(1.231128224008,12.570343005495,34.517637856272
    ));
#84 = CARTESIAN_POINT('',(1.113870039614,12.61642081399,34.687049283765)
  );
#85 = CARTESIAN_POINT('',(0.969241253006,12.656186786675,34.837388733814
    ));
#86 = CARTESIAN_POINT('',(0.801078415939,12.688790746258,34.963649018576
    ));
#87 = CARTESIAN_POINT('',(0.614072375809,12.713658835909,35.061639246613
    ));
#88 = CARTESIAN_POINT('',(0.413806610968,12.73042348034,35.128252259431)
  );
#89 = CARTESIAN_POINT('',(0.206680156148,12.738775059156,35.161435969252
    ));
#90 = CARTESIAN_POINT('',(-6.106226635438E-16,12.738775059156,
    35.161435969252));
#91 = PCURVE('',#92,#97);
#92 = CONICAL_SURFACE('',#93,2.6,0.431138740719);
#93 = AXIS2_PLACEMENT_3D('',#94,#95,#96);
#94 = CARTESIAN_POINT('',(0.,9.9,34.1));
#95 = DIRECTION('',(-0.,-0.994521895368,0.104528463268));
#96 = DIRECTION('',(0.,0.104528463268,0.994521895368));
#97 = DEFINITIONAL_REPRESENTATION('',(#98),#136);
#98 = B_SPLINE_CURVE_WITH_KNOTS('',8,(#99,#100,#101,#102,#103,#104,#105,
    #106,#107,#108,#109,#110,#111,#112,#113,#114,#115,#116,#117,#118,
    #119,#120,#121,#122,#123,#124,#125,#126,#127,#128,#129,#130,#131,
    #132,#133,#134,#135),.UNSPECIFIED.,.F.,.F.,(9,7,7,7,7,9),(0.,
    0.259933521247,0.41990879153,0.524897805072,0.660522568095,1.),
  .UNSPECIFIED.);
#99 = CARTESIAN_POINT('',(-3.344892343495,-2.153760332915));
#100 = CARTESIAN_POINT('',(-3.241251799347,-2.144650661081));
#101 = CARTESIAN_POINT('',(-3.137297892129,-2.140626649797));
#102 = CARTESIAN_POINT('',(-3.033508800514,-2.142173646544));
#103 = CARTESIAN_POINT('',(-2.929865167637,-2.14932157364));
#104 = CARTESIAN_POINT('',(-2.826280957062,-2.16176190926));
#105 = CARTESIAN_POINT('',(-2.722663957147,-2.1789071532));
#106 = CARTESIAN_POINT('',(-2.619015253075,-2.199979851096));
#107 = CARTESIAN_POINT('',(-2.451996567271,-2.238866653181));
#108 = CARTESIAN_POINT('',(-2.38833928046,-2.254846934004));
#109 = CARTESIAN_POINT('',(-2.32461787737,-2.271808489687));
#110 = CARTESIAN_POINT('',(-2.260789798038,-2.289565013653));
#111 = CARTESIAN_POINT('',(-2.196811739191,-2.307934459035));
#112 = CARTESIAN_POINT('',(-2.132642326725,-2.326743651135));
#113 = CARTESIAN_POINT('',(-2.068242623504,-2.345831004574));
#114 = CARTESIAN_POINT('',(-1.961133879174,-2.377658698352));
#115 = CARTESIAN_POINT('',(-1.918577263743,-2.390325800769));
#116 = CARTESIAN_POINT('',(-1.875893697178,-2.403006448258));
#117 = CARTESIAN_POINT('',(-1.833073357348,-2.415660696293));
#118 = CARTESIAN_POINT('',(-1.790107528994,-2.42825085995));
#119 = CARTESIAN_POINT('',(-1.746988603728,-2.440741513907));
#120 = CARTESIAN_POINT('',(-1.703710080035,-2.453099492446));
#121 = CARTESIAN_POINT('',(-1.604146246804,-2.481046606312));
#122 = CARTESIAN_POINT('',(-1.54774938412,-2.49652675983));
#123 = CARTESIAN_POINT('',(-1.491066422906,-2.511667197011));
#124 = CARTESIAN_POINT('',(-1.434090220698,-2.526407497258));
#125 = CARTESIAN_POINT('',(-1.376816592524,-2.540693628994));
#126 = CARTESIAN_POINT('',(-1.319244858542,-2.554477606271));
#127 = CARTESIAN_POINT('',(-1.261378391674,-2.567717145398));
#128 = CARTESIAN_POINT('',(-1.057663930532,-2.612059543789));
#129 = CARTESIAN_POINT('',(-0.909960607918,-2.640176617053));
#130 = CARTESIAN_POINT('',(-0.760710437509,-2.664009995896));
#131 = CARTESIAN_POINT('',(-0.610160922244,-2.68323755404));
#132 = CARTESIAN_POINT('',(-0.458514869208,-2.697726645742));
#133 = CARTESIAN_POINT('',(-0.305988872438,-2.707436495833));
#134 = CARTESIAN_POINT('',(-0.152829909831,-2.712273681633));
#135 = CARTESIAN_POINT('',(0.,-2.712273681633));
#136 = ( GEOMETRIC_REPRESENTATION_CONTEXT(2) 
PARAMETRIC_REPRESENTATION_CONTEXT() REPRESENTATION_CONTEXT('2D SPACE',''
  ) );
#137 = PCURVE('',#138,#174);
#138 = ( BOUNDED_SURFACE() B_SPLINE_SURFACE(2,2,(
    (#139,#140,#141,#142,#143)
    ,(#144,#145,#146,#147,#148)
    ,(#149,#150,#151,#152,#153)
    ,(#154,#155,#156,#157,#158)
    ,(#159,#160,#161,#162,#163)
    ,(#164,#165,#166,#167,#168)
    ,(#169,#170,#171,#172,#173
)),.UNSPECIFIED.,.T.,.F.,.F.) B_SPLINE_SURFACE_WITH_KNOTS((1,2,2,2,2,1),
  (3,2,3),(-2.094395102393,0.,2.094395102393,4.188790204786,
    6.28318530718,8.377580409573),(-1.570796326795,0.,1.570796326795),
.UNSPECIFIED.) GEOMETRIC_REPRESENTATION_ITEM() RATIONAL_B_SPLINE_SURFACE
((
    (1.,0.707106781187,1.,0.707106781187,1.)
    ,(0.5,0.353553390593,0.5,0.353553390593,0.5)
    ,(1.,0.707106781187,1.,0.707106781187,1.)
    ,(0.5,0.353553390593,0.5,0.353553390593,0.5)
    ,(1.,0.707106781187,1.,0.707106781187,1.)
    ,(0.5,0.353553390593,0.5,0.353553390593,0.5)
,(1.,0.707106781187,1.,0.707106781187,1.
))) REPRESENTATION_ITEM('') SURFACE() );
#139 = CARTESIAN_POINT('',(9.246083333563E-16,0.,24.8));
#140 = CARTESIAN_POINT('',(15.1,0.,24.8));
#141 = CARTESIAN_POINT('',(15.1,0.,37.1));
#142 = CARTESIAN_POINT('',(15.1,0.,49.4));
#143 = CARTESIAN_POINT('',(9.246083333563E-16,0.,49.4));
#144 = CARTESIAN_POINT('',(9.246083333563E-16,1.368142057955E-15,24.8));
#145 = CARTESIAN_POINT('',(15.1,22.343455417639,24.8));
#146 = CARTESIAN_POINT('',(15.1,22.343455417639,37.1));
#147 = CARTESIAN_POINT('',(15.1,22.343455417639,49.4));
#148 = CARTESIAN_POINT('',(9.246083333563E-16,1.368142057955E-15,49.4));
#149 = CARTESIAN_POINT('',(-4.623041666781E-16,6.840710289776E-16,24.8)
  );
#150 = CARTESIAN_POINT('',(-7.55,11.171727708819,24.8));
#151 = CARTESIAN_POINT('',(-7.55,11.171727708819,37.1));
#152 = CARTESIAN_POINT('',(-7.55,11.171727708819,49.4));
#153 = CARTESIAN_POINT('',(-4.623041666781E-16,6.840710289776E-16,49.4)
  );
#154 = CARTESIAN_POINT('',(-1.849216666713E-15,1.934690119634E-31,24.8)
  );
#155 = CARTESIAN_POINT('',(-30.2,3.1595887418E-15,24.8));
#156 = CARTESIAN_POINT('',(-30.2,3.1595887418E-15,37.1));
#157 = CARTESIAN_POINT('',(-30.2,3.1595887418E-15,49.4));
#158 = CARTESIAN_POINT('',(-1.849216666713E-15,1.934690119634E-31,49.4)
  );
#159 = CARTESIAN_POINT('',(-4.623041666781E-16,-6.840710289776E-16,24.8)
  );
#160 = CARTESIAN_POINT('',(-7.55,-11.17172770881,24.8));
#161 = CARTESIAN_POINT('',(-7.55,-11.17172770881,37.1));
#162 = CARTESIAN_POINT('',(-7.55,-11.17172770881,49.4));
#163 = CARTESIAN_POINT('',(-4.623041666781E-16,-6.840710289776E-16,49.4)
  );
#164 = CARTESIAN_POINT('',(9.246083333563E-16,-1.368142057955E-15,24.8)
  );
#165 = CARTESIAN_POINT('',(15.1,-22.34345541763,24.8));
#166 = CARTESIAN_POINT('',(15.1,-22.34345541763,37.1));
#167 = CARTESIAN_POINT('',(15.1,-22.34345541763,49.4));
#168 = CARTESIAN_POINT('',(9.246083333563E-16,-1.368142057955E-15,49.4)
  );
#169 = CARTESIAN_POINT('',(9.246083333563E-16,0.,24.8));
#170 = CARTESIAN_POINT('',(15.1,0.,24.8));
#171 = CARTESIAN_POINT('',(15.1,0.,37.1));
#172 = CARTESIAN_POINT('',(15.1,0.,49.4));
#173 = CARTESIAN_POINT('',(9.246083333563E-16,0.,49.4));
#174 = DEFINITIONAL_REPRESENTATION('',(#175),#213);
#175 = B_SPLINE_CURVE_WITH_KNOTS('',8,(#176,#177,#178,#179,#180,#181,
    #182,#183,#184,#185,#186,#187,#188,#189,#190,#191,#192,#193,#194,
    #195,#196,#197,#198,#199,#200,#201,#202,#203,#204,#205,#206,#207,
    #208,#209,#210,#211,#212),.UNSPECIFIED.,.F.,.F.,(9,7,7,7,7,9),(0.,
    0.259933521247,0.41990879153,0.524897805072,0.660522568095,1.),
  .UNSPECIFIED.);
#176 = CARTESIAN_POINT('',(1.555988276455,-0.415668367607));
#177 = CARTESIAN_POINT('',(1.544585002534,-0.41884966654));
#178 = CARTESIAN_POINT('',(1.532757818334,-0.420236302898));
#179 = CARTESIAN_POINT('',(1.520838441797,-0.419695665939));
#180 = CARTESIAN_POINT('',(1.509149393555,-0.417229042049));
#181 = CARTESIAN_POINT('',(1.497980825108,-0.41291439518));
#182 = CARTESIAN_POINT('',(1.487576430431,-0.40689718234));
#183 = CARTESIAN_POINT('',(1.47813106429,-0.399375622856));
#184 = CARTESIAN_POINT('',(1.464645537315,-0.38521873678));
#185 = CARTESIAN_POINT('',(1.459913422459,-0.379344225591));
#186 = CARTESIAN_POINT('',(1.45561346561,-0.373037650982));
#187 = CARTESIAN_POINT('',(1.451764477479,-0.366349348617));
#188 = CARTESIAN_POINT('',(1.448379099624,-0.359329880536));
#189 = CARTESIAN_POINT('',(1.445465140994,-0.352029327882));
#190 = CARTESIAN_POINT('',(1.443026623305,-0.344496975036));
#191 = CARTESIAN_POINT('',(1.439776850669,-0.331717776455));
#192 = CARTESIAN_POINT('',(1.438694395025,-0.326575206342));
#193 = CARTESIAN_POINT('',(1.437817368347,-0.321367336901));
#194 = CARTESIAN_POINT('',(1.437145539142,-0.316107806524));
#195 = CARTESIAN_POINT('',(1.436678244399,-0.310810229908));
#196 = CARTESIAN_POINT('',(1.436414389591,-0.305488198058));
#197 = CARTESIAN_POINT('',(1.436352448671,-0.300155278285));
#198 = CARTESIAN_POINT('',(1.436668752316,-0.287939381338));
#199 = CARTESIAN_POINT('',(1.437180792335,-0.281058075705));
#200 = CARTESIAN_POINT('',(1.438022436054,-0.274210537358));
#201 = CARTESIAN_POINT('',(1.439188518075,-0.267426233433));
#202 = CARTESIAN_POINT('',(1.440672768092,-0.260734619354));
#203 = CARTESIAN_POINT('',(1.442467723315,-0.254165100056));
#204 = CARTESIAN_POINT('',(1.44456464088,-0.247746991197));
#205 = CARTESIAN_POINT('',(1.452932652415,-0.225896592946));
#206 = CARTESIAN_POINT('',(1.460754558076,-0.21137792334));
#207 = CARTESIAN_POINT('',(1.470254657439,-0.198471852117));
#208 = CARTESIAN_POINT('',(1.481198585437,-0.187609866411));
#209 = CARTESIAN_POINT('',(1.493316619417,-0.179164300751));
#210 = CARTESIAN_POINT('',(1.506286262467,-0.173418248042));
#211 = CARTESIAN_POINT('',(1.51973089725,-0.170555796601));
#212 = CARTESIAN_POINT('',(1.533203626075,-0.170555796601));
#213 = ( GEOMETRIC_REPRESENTATION_CONTEXT(2) 
PARAMETRIC_REPRESENTATION_CONTEXT() REPRESENTATION_CONTEXT('2D SPACE',''
  ) );
#214 = ORIENTED_EDGE('',*,*,#215,.F.);
#215 = EDGE_CURVE('',#216,#50,#218,.T.);
#216 = VERTEX_POINT('',#217);
#217 = CARTESIAN_POINT('',(-6.368163355566E-16,10.171774004496,
    36.685756927958));
#218 = SEAM_CURVE('',#219,(#223,#230),.PCURVE_S1.);
#219 = LINE('',#220,#221);
#220 = CARTESIAN_POINT('',(-6.368163355566E-16,10.171774004496,
    36.685756927958));
#221 = VECTOR('',#222,1.);
#222 = DIRECTION('',(1.023573530934E-16,0.859830615902,-0.510579388496)
  );
#223 = PCURVE('',#92,#224);
#224 = DEFINITIONAL_REPRESENTATION('',(#225),#229);
#225 = LINE('',#226,#227);
#226 = CARTESIAN_POINT('',(-6.28318530718,0.));
#227 = VECTOR('',#228,1.);
#228 = DIRECTION('',(-0.,-1.));
#229 = ( GEOMETRIC_REPRESENTATION_CONTEXT(2) 
PARAMETRIC_REPRESENTATION_CONTEXT() REPRESENTATION_CONTEXT('2D SPACE',''
  ) );
#230 = PCURVE('',#92,#231);
#231 = DEFINITIONAL_REPRESENTATION('',(#232),#236);
#232 = LINE('',#233,#234);
#233 = CARTESIAN_POINT('',(0.,-0.));
#234 = VECTOR('',#235,1.);
#235 = DIRECTION('',(-0.,-1.));
#236 = ( GEOMETRIC_REPRESENTATION_CONTEXT(2) 
PARAMETRIC_REPRESENTATION_CONTEXT() REPRESENTATION_CONTEXT('2D SPACE',''
  ) );
#237 = ORIENTED_EDGE('',*,*,#238,.T.);
#238 = EDGE_CURVE('',#216,#216,#239,.T.);
#239 = SURFACE_CURVE('',#240,(#245,#252),.PCURVE_S1.);
#240 = CIRCLE('',#241,2.6);
#241 = AXIS2_PLACEMENT_3D('',#242,#243,#244);
#242 = CARTESIAN_POINT('',(0.,9.9,34.1));
#243 = DIRECTION('',(0.,0.994521895368,-0.104528463268));
#244 = DIRECTION('',(0.,0.104528463268,0.994521895368));
#245 = PCURVE('',#92,#246);
#246 = DEFINITIONAL_REPRESENTATION('',(#247),#251);
#247 = LINE('',#248,#249);
#248 = CARTESIAN_POINT('',(-0.,-0.));
#249 = VECTOR('',#250,1.);
#250 = DIRECTION('',(-1.,-0.));
#251 = ( GEOMETRIC_REPRESENTATION_CONTEXT(2) 
PARAMETRIC_REPRESENTATION_CONTEXT() REPRESENTATION_CONTEXT('2D SPACE',''
  ) );
#252 = PCURVE('',#253,#258);
#253 = PLANE('',#254);
#254 = AXIS2_PLACEMENT_3D('',#255,#256,#257);
#255 = CARTESIAN_POINT('',(0.,9.9,34.1));
#256 = DIRECTION('',(0.,0.994521895368,-0.104528463268));
#257 = DIRECTION('',(0.,0.104528463268,0.994521895368));
#258 = DEFINITIONAL_REPRESENTATION('',(#259),#263);
#259 = CIRCLE('',#260,2.6);
#260 = AXIS2_PLACEMENT_2D('',#261,#262);
#261 = CARTESIAN_POINT('',(0.,0.));
#262 = DIRECTION('',(1.,0.));
#263 = ( GEOMETRIC_REPRESENTATION_CONTEXT(2) 
PARAMETRIC_REPRESENTATION_CONTEXT() REPRESENTATION_CONTEXT('2D SPACE',''
  ) );
#264 = ORIENTED_EDGE('',*,*,#215,.T.);
#265 = ORIENTED_EDGE('',*,*,#266,.T.);
#266 = EDGE_CURVE('',#50,#48,#267,.T.);
#267 = SURFACE_CURVE('',#268,(#299,#333),.PCURVE_S1.);
#268 = B_SPLINE_CURVE_WITH_KNOTS('',8,(#269,#270,#271,#272,#273,#274,
    #275,#276,#277,#278,#279,#280,#281,#282,#283,#284,#285,#286,#287,
    #288,#289,#290,#291,#292,#293,#294,#295,#296,#297,#298),
  .UNSPECIFIED.,.F.,.F.,(9,7,7,7,9),(0.,0.302691623291,0.547961603569,
    0.697596823078,1.),.UNSPECIFIED.);
#269 = CARTESIAN_POINT('',(-6.661338147751E-16,12.738775059156,
    35.161435969252));
#270 = CARTESIAN_POINT('',(-0.160824860291,12.738775059156,
    35.161435969252));
#271 = CARTESIAN_POINT('',(-0.321797869231,12.733718187303,
    35.14134334404));
#272 = CARTESIAN_POINT('',(-0.479616569259,12.723589233028,
    35.101096556665));
#273 = CARTESIAN_POINT('',(-0.631214411324,12.708483384432,
    35.041376365623));
#274 = CARTESIAN_POINT('',(-0.773791766947,12.688549274782,
    34.963370970105));
#275 = CARTESIAN_POINT('',(-0.904818780737,12.66399321008,
    34.868687418971));
#276 = CARTESIAN_POINT('',(-1.022068529154,12.635121074013,
    34.759353296072));
#277 = CARTESIAN_POINT('',(-1.206122144337,12.575876100709,
    34.539401175446));
#278 = CARTESIAN_POINT('',(-1.278343492176,12.546805299029,
    34.432880845448));
#279 = CARTESIAN_POINT('',(-1.339466353389,12.51540522336,
    34.319533926295));
#280 = CARTESIAN_POINT('',(-1.388780415909,12.481931741191,
    34.200678540162));
#281 = CARTESIAN_POINT('',(-1.425764700273,12.446677308634,
    34.077677099739));
#282 = CARTESIAN_POINT('',(-1.450065341241,12.409974559436,
    33.951915845303));
#283 = CARTESIAN_POINT('',(-1.461488147805,12.372199540127,
    33.824795528804));
#284 = CARTESIAN_POINT('',(-1.459101671688,12.310332155912,
    33.620214615432));
#285 = CARTESIAN_POINT('',(-1.453393851806,12.286644830744,
    33.542707562828));
#286 = CARTESIAN_POINT('',(-1.442874447821,12.262805723951,
    33.465525509129));
#287 = CARTESIAN_POINT('',(-1.427554890463,12.238913717043,
    33.388981641635));
#288 = CARTESIAN_POINT('',(-1.407466383361,12.215073254674,
    33.313388805825));
#289 = CARTESIAN_POINT('',(-1.3826602111,12.191394134479,33.239059398212
    ));
#290 = CARTESIAN_POINT('',(-1.353208047285,12.167991296899,
    33.16630525921));
#291 = CARTESIAN_POINT('',(-1.250478753819,12.098489587189,
    32.952218505387));
#292 = CARTESIAN_POINT('',(-1.163071937231,12.053554006661,
    32.816524389625));
#293 = CARTESIAN_POINT('',(-1.057749064713,12.011229088907,
    32.691130261937));
#294 = CARTESIAN_POINT('',(-0.935755159753,11.972630620631,
    32.578736689808));
#295 = CARTESIAN_POINT('',(-0.798823580869,11.938912639091,
    32.481957509204));
#296 = CARTESIAN_POINT('',(-0.649251072168,11.911184779436,
    32.403189163613));
#297 = CARTESIAN_POINT('',(-0.489985917224,11.890425637745,
    32.344574086257));
#298 = CARTESIAN_POINT('',(-0.324915137529,11.877211524003,
    32.307376491893));
#299 = PCURVE('',#92,#300);
#300 = DEFINITIONAL_REPRESENTATION('',(#301),#332);
#301 = B_SPLINE_CURVE_WITH_KNOTS('',8,(#302,#303,#304,#305,#306,#307,
    #308,#309,#310,#311,#312,#313,#314,#315,#316,#317,#318,#319,#320,
    #321,#322,#323,#324,#325,#326,#327,#328,#329,#330,#331),
  .UNSPECIFIED.,.F.,.F.,(9,7,7,7,9),(0.,0.302691623291,0.547961603569,
    0.697596823078,1.),.UNSPECIFIED.);
#302 = CARTESIAN_POINT('',(-6.28318530718,-2.712273681633));
#303 = CARTESIAN_POINT('',(-6.164263155411,-2.712273681633));
#304 = CARTESIAN_POINT('',(-6.04523153574,-2.709344763089));
#305 = CARTESIAN_POINT('',(-5.926442847354,-2.703478231122));
#306 = CARTESIAN_POINT('',(-5.808062331784,-2.69469759374));
#307 = CARTESIAN_POINT('',(-5.690211191124,-2.683026469349));
#308 = CARTESIAN_POINT('',(-5.57301075591,-2.668502051436));
#309 = CARTESIAN_POINT('',(-5.456606958103,-2.651216607801));
#310 = CARTESIAN_POINT('',(-5.247784555236,-2.615287441821));
#311 = CARTESIAN_POINT('',(-5.154928930278,-2.597510299435));
#312 = CARTESIAN_POINT('',(-5.062766490117,-2.578130215941));
#313 = CARTESIAN_POINT('',(-4.971334634392,-2.557263875874));
#314 = CARTESIAN_POINT('',(-4.880645297872,-2.535059722334));
#315 = CARTESIAN_POINT('',(-4.790695361529,-2.511703665301));
#316 = CARTESIAN_POINT('',(-4.701471338849,-2.487423272835));
#317 = CARTESIAN_POINT('',(-4.558941896179,-2.447279333112));
#318 = CARTESIAN_POINT('',(-4.505189579848,-2.43182346269));
#319 = CARTESIAN_POINT('',(-4.451680493968,-2.416182670484));
#320 = CARTESIAN_POINT('',(-4.398401195645,-2.400422559331));
#321 = CARTESIAN_POINT('',(-4.345335743146,-2.384614300471));
#322 = CARTESIAN_POINT('',(-4.29246574555,-2.368834435728));
#323 = CARTESIAN_POINT('',(-4.239770412409,-2.353164679687));
#324 = CARTESIAN_POINT('',(-4.081038937012,-2.306421866998));
#325 = CARTESIAN_POINT('',(-3.975337189819,-2.275916345677));
#326 = CARTESIAN_POINT('',(-3.870059884678,-2.246930543721));
#327 = CARTESIAN_POINT('',(-3.765081830938,-2.220291849268));
#328 = CARTESIAN_POINT('',(-3.660227554841,-2.196874757384));
#329 = CARTESIAN_POINT('',(-3.555320769897,-2.177532327964));
#330 = CARTESIAN_POINT('',(-3.450169423202,-2.163013850983));
#331 = CARTESIAN_POINT('',(-3.344892343495,-2.153760332915));
#332 = ( GEOMETRIC_REPRESENTATION_CONTEXT(2) 
PARAMETRIC_REPRESENTATION_CONTEXT() REPRESENTATION_CONTEXT('2D SPACE',''
  ) );
#333 = PCURVE('',#138,#334);
#334 = DEFINITIONAL_REPRESENTATION('',(#335),#366);
#335 = B_SPLINE_CURVE_WITH_KNOTS('',8,(#336,#337,#338,#339,#340,#341,
    #342,#343,#344,#345,#346,#347,#348,#349,#350,#351,#352,#353,#354,
    #355,#356,#357,#358,#359,#360,#361,#362,#363,#364,#365),
  .UNSPECIFIED.,.F.,.F.,(9,7,7,7,9),(0.,0.302691623291,0.547961603569,
    0.697596823078,1.),.UNSPECIFIED.);
#336 = CARTESIAN_POINT('',(1.533203626075,-0.170555796601));
#337 = CARTESIAN_POINT('',(1.543687214686,-0.170555796601));
#338 = CARTESIAN_POINT('',(1.554215078552,-0.172288998963));
#339 = CARTESIAN_POINT('',(1.564586158357,-0.175760708917));
#340 = CARTESIAN_POINT('',(1.57461098697,-0.180909573518));
#341 = CARTESIAN_POINT('',(1.584112525027,-0.187627727788));
#342 = CARTESIAN_POINT('',(1.592925720971,-0.1957708108));
#343 = CARTESIAN_POINT('',(1.600899259959,-0.205160500628));
#344 = CARTESIAN_POINT('',(1.613578044986,-0.22402689806));
#345 = CARTESIAN_POINT('',(1.618620994207,-0.233156102085));
#346 = CARTESIAN_POINT('',(1.622964257836,-0.242862429004));
#347 = CARTESIAN_POINT('',(1.626552739825,-0.253033260913));
#348 = CARTESIAN_POINT('',(1.629341388747,-0.263553592583));
#349 = CARTESIAN_POINT('',(1.631294090638,-0.274307564424));
#350 = CARTESIAN_POINT('',(1.632383869878,-0.28517869799));
#351 = CARTESIAN_POINT('',(1.632722837983,-0.302680526941));
#352 = CARTESIAN_POINT('',(1.632524022389,-0.309312706668));
#353 = CARTESIAN_POINT('',(1.631994157937,-0.315919271634));
#354 = CARTESIAN_POINT('',(1.631130663581,-0.322474106296));
#355 = CARTESIAN_POINT('',(1.629932315006,-0.328951039112));
#356 = CARTESIAN_POINT('',(1.628399389,-0.335323800527));
#357 = CARTESIAN_POINT('',(1.62653380782,-0.341565980954));
#358 = CARTESIAN_POINT('',(1.619904290864,-0.359948399055));
#359 = CARTESIAN_POINT('',(1.61412033908,-0.371619322923));
#360 = CARTESIAN_POINT('',(1.607017861235,-0.382426700495));
#361 = CARTESIAN_POINT('',(1.598666955549,-0.392136015706));
#362 = CARTESIAN_POINT('',(1.589183268403,-0.400515448041));
#363 = CARTESIAN_POINT('',(1.578739333967,-0.407347428999));
#364 = CARTESIAN_POINT('',(1.567571613724,-0.412436834386));
#365 = CARTESIAN_POINT('',(1.555988276455,-0.415668367607));
#366 = ( GEOMETRIC_REPRESENTATION_CONTEXT(2) 
PARAMETRIC_REPRESENTATION_CONTEXT() REPRESENTATION_CONTEXT('2D SPACE',''
  ) );
#367 = ADVANCED_FACE('',(#368),#138,.T.);
#368 = FACE_BOUND('',#369,.T.);
#369 = EDGE_LOOP('',(#370,#371));
#370 = ORIENTED_EDGE('',*,*,#47,.F.);
#371 = ORIENTED_EDGE('',*,*,#266,.F.);
#372 = ADVANCED_FACE('',(#373),#253,.F.);
#373 = FACE_BOUND('',#374,.T.);
#374 = EDGE_LOOP('',(#375));
#375 = ORIENTED_EDGE('',*,*,#238,.F.);
#376 = ( GEOMETRIC_REPRESENTATION_CONTEXT(3) 
GLOBAL_UNCERTAINTY_ASSIGNED_CONTEXT((#380)) GLOBAL_UNIT_ASSIGNED_CONTEXT
((#377,#378,#379)) REPRESENTATION_CONTEXT('Context #1',
  '3D Context with UNIT and UNCERTAINTY') );
#377 = ( LENGTH_UNIT() NAMED_UNIT(*) SI_UNIT(.MILLI.,.METRE.) );
#378 = ( NAMED_UNIT(*) PLANE_ANGLE_UNIT() SI_UNIT($,.RADIAN.) );
#379 = ( NAMED_UNIT(*) SI_UNIT($,.STERADIAN.) SOLID_ANGLE_UNIT() );
#380 = UNCERTAINTY_MEASURE_WITH_UNIT(LENGTH_MEASURE(2.E-06),#377,
  'distance_accuracy_value','confusion accuracy');
#381 = CONTEXT_DEPENDENT_SHAPE_REPRESENTATION(#382,#384);
#382 = ( REPRESENTATION_RELATIONSHIP('','',#40,#10) 
REPRESENTATION_RELATIONSHIP_WITH_TRANSFORMATION(#383) 
SHAPE_REPRESENTATION_RELATIONSHIP() );
#383 = ITEM_DEFINED_TRANSFORMATION('','',#11,#15);
#384 = PRODUCT_DEFINITION_SHAPE('Placement','Placement of an item',#385
  );
#385 = NEXT_ASSEMBLY_USAGE_OCCURRENCE('4','','',#5,#35,$);
#386 = PRODUCT_RELATED_PRODUCT_CATEGORY('part',$,(#37));
#387 = SHAPE_DEFINITION_REPRESENTATION(#388,#394);
#388 = PRODUCT_DEFINITION_SHAPE('','',#389);
#389 = PRODUCT_DEFINITION('design','',#390,#393);
#390 = PRODUCT_DEFINITION_FORMATION('','',#391);
#391 = PRODUCT('Open CASCADE STEP translator 7.9 4.2',
  'Open CASCADE STEP translator 7.9 4.2','',(#392));
#392 = PRODUCT_CONTEXT('',#2,'mechanical');
#393 = PRODUCT_DEFINITION_CONTEXT('part definition',#2,'design');
#394 = ADVANCED_BREP_SHAPE_REPRESENTATION('',(#11,#395),#1382);
#395 = MANIFOLD_SOLID_BREP('',#396);
#396 = CLOSED_SHELL('',(#397,#1378));
#397 = ADVANCED_FACE('',(#398,#402),#707,.T.);
#398 = FACE_BOUND('',#399,.T.);
#399 = VERTEX_LOOP('',#400);
#400 = VERTEX_POINT('',#401);
#401 = CARTESIAN_POINT('',(-7.5,6.5,-2.));
#402 = FACE_BOUND('',#403,.T.);
#403 = EDGE_LOOP('',(#404));
#404 = ORIENTED_EDGE('',*,*,#405,.T.);
#405 = EDGE_CURVE('',#406,#406,#408,.T.);
#406 = VERTEX_POINT('',#407);
#407 = CARTESIAN_POINT('',(-7.26458525775,9.164549167591,-2.87321114742)
  );
#408 = SURFACE_CURVE('',#409,(#706,#1042),.PCURVE_S1.);
#409 = B_SPLINE_CURVE_WITH_KNOTS('',8,(#410,#411,#412,#413,#414,#415,
    #416,#417,#418,#419,#420,#421,#422,#423,#424,#425,#426,#427,#428,
    #429,#430,#431,#432,#433,#434,#435,#436,#437,#438,#439,#440,#441,
    #442,#443,#444,#445,#446,#447,#448,#449,#450,#451,#452,#453,#454,
    #455,#456,#457,#458,#459,#460,#461,#462,#463,#464,#465,#466,#467,
    #468,#469,#470,#471,#472,#473,#474,#475,#476,#477,#478,#479,#480,
    #481,#482,#483,#484,#485,#486,#487,#488,#489,#490,#491,#492,#493,
    #494,#495,#496,#497,#498,#499,#500,#501,#502,#503,#504,#505,#506,
    #507,#508,#509,#510,#511,#512,#513,#514,#515,#516,#517,#518,#519,
    #520,#521,#522,#523,#524,#525,#526,#527,#528,#529,#530,#531,#532,
    #533,#534,#535,#536,#537,#538,#539,#540,#541,#542,#543,#544,#545,
    #546,#547,#548,#549,#550,#551,#552,#553,#554,#555,#556,#557,#558,
    #559,#560,#561,#562,#563,#564,#565,#566,#567,#568,#569,#570,#571,
    #572,#573,#574,#575,#576,#577,#578,#579,#580,#581,#582,#583,#584,
    #585,#586,#587,#588,#589,#590,#591,#592,#593,#594,#595,#596,#597,
    #598,#599,#600,#601,#602,#603,#604,#605,#606,#607,#608,#609,#610,
    #611,#612,#613,#614,#615,#616,#617,#618,#619,#620,#621,#622,#623,
    #624,#625,#626,#627,#628,#629,#630,#631,#632,#633,#634,#635,#636,
    #637,#638,#639,#640,#641,#642,#643,#644,#645,#646,#647,#648,#649,
    #650,#651,#652,#653,#654,#655,#656,#657,#658,#659,#660,#661,#662,
    #663,#664,#665,#666,#667,#668,#669,#670,#671,#672,#673,#674,#675,
    #676,#677,#678,#679,#680,#681,#682,#683,#684,#685,#686,#687,#688,
    #689,#690,#691,#692,#693,#694,#695,#696,#697,#698,#699,#700,#701,
    #702,#703,#704,#705),.UNSPECIFIED.,.T.,.F.,(9,7,7,7,7,7,7,7,7,7,7,7,
    7,7,7,7,7,7,7,7,7,7,7,7,7,7,7,7,7,7,7,7,7,7,7,7,7,7,7,7,7,7,9),(0.,
    2.436147115874E-02,0.126027497637,0.128203799959,0.192393511559,
    0.222880561872,0.22517969959,0.233349550387,0.237323015684,
    0.241361239481,0.250916502832,0.269948736373,0.288212064838,
    0.297236688502,0.313937914853,0.323630816135,0.328712871656,
    0.333919084037,0.383412985808,0.425932271246,0.458723710534,
    0.466800329936,0.472413956551,0.4764447221,0.488579425509,
    0.505328646513,0.540475179216,0.552857064542,0.578519792175,
    0.609429714596,0.646929727264,0.700118162008,0.720849683353,
    0.737702801272,0.746847335391,0.765305029252,0.78412510127,
    0.79363954776,0.811579467877,0.813489278189,0.847938639613,
    0.88126842251,1.),.UNSPECIFIED.);
#410 = CARTESIAN_POINT('',(-7.26458525775,9.164549167591,-2.87321114742)
  );
#411 = CARTESIAN_POINT('',(-7.310115677523,9.166343745473,-2.87181663719
    ));
#412 = CARTESIAN_POINT('',(-7.355654346402,9.167739878658,
    -2.870732405374));
#413 = CARTESIAN_POINT('',(-7.401193451835,9.168738643288,
    -2.869957105538));
#414 = CARTESIAN_POINT('',(-7.446725243696,9.169340986079,-2.86948964974
    ));
#415 = CARTESIAN_POINT('',(-7.492242034284,9.169547724322,
    -2.869329208525));
#416 = CARTESIAN_POINT('',(-7.537736198326,9.16935954588,-2.869475210932
    ));
#417 = CARTESIAN_POINT('',(-7.583200172973,9.168777009191,
    -2.869927344488));
#418 = CARTESIAN_POINT('',(-7.818200800273,9.163725526205,
    -2.873849743072));
#419 = CARTESIAN_POINT('',(-8.007019503743,9.152792245817,
    -2.882342558214));
#420 = CARTESIAN_POINT('',(-8.194656754254,9.135040449475,
    -2.896153886545));
#421 = CARTESIAN_POINT('',(-8.380589207572,9.110452277494,
    -2.915363199481));
#422 = CARTESIAN_POINT('',(-8.564183199132,9.078970208277,
    -2.940132591136));
#423 = CARTESIAN_POINT('',(-8.744693912376,9.040518209901,
    -2.970693446883));
#424 = CARTESIAN_POINT('',(-8.921246567819,8.99499041845,-3.007374734549
    ));
#425 = CARTESIAN_POINT('',(-9.096441385669,8.941041004709,
    -3.051648794512));
#426 = CARTESIAN_POINT('',(-9.100110534497,8.939907078554,
    -3.052579673257));
#427 = CARTESIAN_POINT('',(-9.103777941295,8.938769631894,
    -3.053513757158));
#428 = CARTESIAN_POINT('',(-9.107443844309,8.937628583799,
    -3.054451116444));
#429 = CARTESIAN_POINT('',(-9.11110814396,8.936483956947,-3.05539173638)
  );
#430 = CARTESIAN_POINT('',(-9.114770626378,8.935335809087,
    -3.056335573489));
#431 = CARTESIAN_POINT('',(-9.118431186942,8.934184164503,-3.05728261177
    ));
#432 = CARTESIAN_POINT('',(-9.230007785178,8.898955933144,
    -3.086262086392));
#433 = CARTESIAN_POINT('',(-9.336298824681,8.861821114524,
    -3.117095715756));
#434 = CARTESIAN_POINT('',(-9.440670798824,8.821520030334,
    -3.150920648079));
#435 = CARTESIAN_POINT('',(-9.542687367578,8.777957422131,
    -3.187940239159));
#436 = CARTESIAN_POINT('',(-9.641759892101,8.731055951395,
    -3.228376427076));
#437 = CARTESIAN_POINT('',(-9.737152221993,8.680769505942,
    -3.272463846768));
#438 = CARTESIAN_POINT('',(-9.827968290653,8.627084391483,
    -3.320459770623));
#439 = CARTESIAN_POINT('',(-9.953522006118,8.542875404763,
    -3.397502256464));
#440 = CARTESIAN_POINT('',(-9.992648083766,8.515003441387,
    -3.423255090768));
#441 = CARTESIAN_POINT('',(-10.03034790644,8.486379879267,-3.44998207789
    ));
#442 = CARTESIAN_POINT('',(-10.06647434138,8.45701865645,-3.477708414825
    ));
#443 = CARTESIAN_POINT('',(-10.10085901852,8.426944976727,
    -3.506452441292));
#444 = CARTESIAN_POINT('',(-10.13331569223,8.396196700519,
    -3.536223506367));
#445 = CARTESIAN_POINT('',(-10.16364360298,8.364825735778,
    -3.567019835114));
#446 = CARTESIAN_POINT('',(-10.19374145688,8.330491751657,
    -3.601225041899));
#447 = CARTESIAN_POINT('',(-10.19583866391,8.328081032193,
    -3.603629317251));
#448 = CARTESIAN_POINT('',(-10.19792341422,8.325666099741,
    -3.606040410887));
#449 = CARTESIAN_POINT('',(-10.19999474114,8.323247967932,
    -3.608457337261));
#450 = CARTESIAN_POINT('',(-10.20205270884,8.320826478642,-3.61088027767
    ));
#451 = CARTESIAN_POINT('',(-10.20409765748,8.318401159593,
    -3.613309726369));
#452 = CARTESIAN_POINT('',(-10.20612900609,8.315972585222,-3.61574513547
    ));
#453 = CARTESIAN_POINT('',(-10.21531726557,8.30489836631,-3.626862898716
    ));
#454 = CARTESIAN_POINT('',(-10.22231697283,8.296212851191,
    -3.635616842225));
#455 = CARTESIAN_POINT('',(-10.22914155044,8.287485158942,
    -3.644448506499));
#456 = CARTESIAN_POINT('',(-10.2357864738,8.278716588016,-3.653357693263
    ));
#457 = CARTESIAN_POINT('',(-10.2422471427,8.269908561379,-3.662344083271
    ));
#458 = CARTESIAN_POINT('',(-10.24851888131,8.261062626512,
    -3.671407236311));
#459 = CARTESIAN_POINT('',(-10.25459693819,8.252180455409,
    -3.680546591202));
#460 = CARTESIAN_POINT('',(-10.26333604648,8.238927187205,
    -3.694243185876));
#461 = CARTESIAN_POINT('',(-10.26614865374,8.234582386632,
    -3.698742764915));
#462 = CARTESIAN_POINT('',(-10.26891375459,8.230229651358,
    -3.703260121775));
#463 = CARTESIAN_POINT('',(-10.27163079424,8.225869198055,
    -3.707795166346));
#464 = CARTESIAN_POINT('',(-10.27429921649,8.221501251578,
    -3.712347799542));
#465 = CARTESIAN_POINT('',(-10.27691846379,8.217126044955,
    -3.716917913298));
#466 = CARTESIAN_POINT('',(-10.27948797721,8.212743819393,
    -3.721505390577));
#467 = CARTESIAN_POINT('',(-10.28456747328,8.203894298464,
    -3.730789866589));
#468 = CARTESIAN_POINT('',(-10.28707579344,8.199426801413,
    -3.735487409505));
#469 = CARTESIAN_POINT('',(-10.28953163623,8.194952466184,
    -3.740202737972));
#470 = CARTESIAN_POINT('',(-10.29193425954,8.190471862992,
    -3.744935391756));
#471 = CARTESIAN_POINT('',(-10.29428320149,8.185985038584,
    -3.749685463667));
#472 = CARTESIAN_POINT('',(-10.29657799309,8.181492056182,
    -3.754453028775));
#473 = CARTESIAN_POINT('',(-10.2988178804,8.176993526951,-3.759237581592
    ));
#474 = CARTESIAN_POINT('',(-10.30617127013,8.161832468419,
    -3.775400397348));
#475 = CARTESIAN_POINT('',(-10.31102995683,8.151145329546,
    -3.786856445849));
#476 = CARTESIAN_POINT('',(-10.31557050518,8.140432373924,
    -3.798404696202));
#477 = CARTESIAN_POINT('',(-10.31978528559,8.129698044701,
    -3.810042226903));
#478 = CARTESIAN_POINT('',(-10.3236669492,8.118947061595,-3.82176572132)
  );
#479 = CARTESIAN_POINT('',(-10.32720842789,8.108184420899,
    -3.833571467696));
#480 = CARTESIAN_POINT('',(-10.33040293432,8.097415395473,-3.84545535915
    ));
#481 = CARTESIAN_POINT('',(-10.33890273834,8.065194058549,-3.88122998602
    ));
#482 = CARTESIAN_POINT('',(-10.34316012076,8.043736677795,
    -3.905342019246));
#483 = CARTESIAN_POINT('',(-10.34596481984,8.022320340898,-3.92970971227
    ));
#484 = CARTESIAN_POINT('',(-10.34727431376,8.000993426131,-3.95428977762
    ));
#485 = CARTESIAN_POINT('',(-10.34705681881,7.979805333309,
    -3.979034786776));
#486 = CARTESIAN_POINT('',(-10.34529326012,7.958806075455,-4.00389303551
    ));
#487 = CARTESIAN_POINT('',(-10.34197924233,7.938045870465,
    -4.028808409229));
#488 = CARTESIAN_POINT('',(-10.33247082876,7.89793063211,-4.077625645388
    ));
#489 = CARTESIAN_POINT('',(-10.3263974147,7.878549273486,-4.101531967872
    ));
#490 = CARTESIAN_POINT('',(-10.31891700535,7.859474933073,
    -4.125385762187));
#491 = CARTESIAN_POINT('',(-10.31005261412,7.840745900843,
    -4.149136771051));
#492 = CARTESIAN_POINT('',(-10.29983857024,7.82239485869,-4.172737919483
    ));
#493 = CARTESIAN_POINT('',(-10.2883190485,7.804449258542,-4.1961453008)
  );
#494 = CARTESIAN_POINT('',(-10.27554659889,7.786931700483,
    -4.219318162613));
#495 = CARTESIAN_POINT('',(-10.25467956863,7.761424670716,
    -4.253535037758));
#496 = CARTESIAN_POINT('',(-10.24748663047,7.75309755791,-4.264785317839
    ));
#497 = CARTESIAN_POINT('',(-10.24000890177,7.744880859928,
    -4.275965568147));
#498 = CARTESIAN_POINT('',(-10.23225356253,7.736776146058,
    -4.287071944271));
#499 = CARTESIAN_POINT('',(-10.22422793281,7.728784667397,-4.29810092231
    ));
#500 = CARTESIAN_POINT('',(-10.21593947272,7.720907356845,
    -4.309049298874));
#501 = CARTESIAN_POINT('',(-10.20739578243,7.713144829111,
    -4.319914191087));
#502 = CARTESIAN_POINT('',(-10.18233539276,7.691344794235,
    -4.350640675959));
#503 = CARTESIAN_POINT('',(-10.16521852715,7.677586616719,
    -4.370293325092));
#504 = CARTESIAN_POINT('',(-10.14730203788,7.664224582865,
    -4.389635177148));
#505 = CARTESIAN_POINT('',(-10.12863383956,7.651257437525,
    -4.408653844149));
#506 = CARTESIAN_POINT('',(-10.10926097738,7.638681390005,
    -4.427340051731));
#507 = CARTESIAN_POINT('',(-10.0892288756,7.626490568388,-4.445687333912
    ));
#508 = CARTESIAN_POINT('',(-10.06858058615,7.614677473839,-4.46369172786
    ));
#509 = CARTESIAN_POINT('',(-10.0350379322,7.596591650841,-4.491600663569
    ));
#510 = CARTESIAN_POINT('',(-10.0225257853,7.590074218668,-4.501733705889
    ));
#511 = CARTESIAN_POINT('',(-10.00982748126,7.583679408731,
    -4.511750267855));
#512 = CARTESIAN_POINT('',(-9.996950616041,7.577405418858,
    -4.521650186256));
#513 = CARTESIAN_POINT('',(-9.98390249665,7.571250374382,-4.531433462431
    ));
#514 = CARTESIAN_POINT('',(-9.970690141211,7.565212328147,
    -4.541100262269));
#515 = CARTESIAN_POINT('',(-9.957320278925,7.559289260502,
    -4.550650916205));
#516 = CARTESIAN_POINT('',(-9.936710233107,7.550432760915,
    -4.565032756897));
#517 = CARTESIAN_POINT('',(-9.929579590378,7.547417481829,
    -4.569947794023));
#518 = CARTESIAN_POINT('',(-9.922408349684,7.544432945188,
    -4.574831096851));
#519 = CARTESIAN_POINT('',(-9.915197418072,7.54147885285,-4.57968273909)
  );
#520 = CARTESIAN_POINT('',(-9.907947681846,7.538554905392,
    -4.584502801919));
#521 = CARTESIAN_POINT('',(-9.90066000657,7.535660802109,-4.589291373983
    ));
#522 = CARTESIAN_POINT('',(-9.893335237067,7.532796241015,
    -4.594048551392));
#523 = CARTESIAN_POINT('',(-9.878433324322,7.527056328494,
    -4.603615779548));
#524 = CARTESIAN_POINT('',(-9.870854336671,7.524182405587,
    -4.608424312794));
#525 = CARTESIAN_POINT('',(-9.863238361506,7.521338909854,
    -4.613200003144));
#526 = CARTESIAN_POINT('',(-9.855585766218,7.518525341671,
    -4.617943264727));
#527 = CARTESIAN_POINT('',(-9.847897822671,7.515741527079,-4.62265396294
    ));
#528 = CARTESIAN_POINT('',(-9.840175588287,7.512987223295,
    -4.627332086434));
#529 = CARTESIAN_POINT('',(-9.832419005553,7.510261803855,
    -4.631978284535));
#530 = CARTESIAN_POINT('',(-9.750574076802,7.48192816038,-4.680458111206
    ));
#531 = CARTESIAN_POINT('',(-9.673558150006,7.458898233068,
    -4.721407171278));
#532 = CARTESIAN_POINT('',(-9.594171894839,7.438167864439,
    -4.759609382644));
#533 = CARTESIAN_POINT('',(-9.512905343097,7.419482077922,
    -4.795207838129));
#534 = CARTESIAN_POINT('',(-9.430164649742,7.402622824592,-4.82833351513
    ));
#535 = CARTESIAN_POINT('',(-9.346282775165,7.387398926673,
    -4.859113179414));
#536 = CARTESIAN_POINT('',(-9.261524304544,7.373641496463,
    -4.887670664922));
#537 = CARTESIAN_POINT('',(-9.102684583787,7.350520723636,
    -4.936844972802));
#538 = CARTESIAN_POINT('',(-9.028838069327,7.340819335268,-4.95799651842
    ));
#539 = CARTESIAN_POINT('',(-8.954683356451,7.332007201579,-4.97765009873
    ));
#540 = CARTESIAN_POINT('',(-8.88038220146,7.324010086726,-4.995859267837
    ));
#541 = CARTESIAN_POINT('',(-8.806125861875,7.316766408711,
    -5.012666192702));
#542 = CARTESIAN_POINT('',(-8.732137421976,7.310222446806,
    -5.028108862411));
#543 = CARTESIAN_POINT('',(-8.658670203475,7.304329330708,
    -5.042226515674));
#544 = CARTESIAN_POINT('',(-8.529959776337,7.294964006099,
    -5.064963175252));
#545 = CARTESIAN_POINT('',(-8.474394588029,7.291246498318,
    -5.074100922171));
#546 = CARTESIAN_POINT('',(-8.419466133762,7.287870788292,-5.08249117216
    ));
#547 = CARTESIAN_POINT('',(-8.365349064638,7.284818820558,
    -5.090151560622));
#548 = CARTESIAN_POINT('',(-8.312224018069,7.282072115282,
    -5.097105065258));
#549 = CARTESIAN_POINT('',(-8.260268425271,7.279611348255,-5.10338103802
    ));
#550 = CARTESIAN_POINT('',(-8.209647353624,7.277416379577,
    -5.109014917278));
#551 = CARTESIAN_POINT('',(-8.148400338742,7.274986527366,
    -5.115285942126));
#552 = CARTESIAN_POINT('',(-8.136385574085,7.274521191344,
    -5.116488770133));
#553 = CARTESIAN_POINT('',(-8.124462037494,7.274070407563,
    -5.117655725736));
#554 = CARTESIAN_POINT('',(-8.112631503932,7.273633858721,
    -5.118787447652));
#555 = CARTESIAN_POINT('',(-8.100895575772,7.273211225612,
    -5.119884591806));
#556 = CARTESIAN_POINT('',(-8.089255682808,7.272802187128,
    -5.120947831334));
#557 = CARTESIAN_POINT('',(-8.077713082245,7.27240642026,-5.121977856581
    ));
#558 = CARTESIAN_POINT('',(-8.058314590383,7.271757522253,
    -5.123668696927));
#559 = CARTESIAN_POINT('',(-8.050407837959,7.271497699218,
    -5.124346313745));
#560 = CARTESIAN_POINT('',(-8.042548958928,7.271244022086,
    -5.125008462492));
#561 = CARTESIAN_POINT('',(-8.034738266079,7.270996382207,
    -5.125655381876));
#562 = CARTESIAN_POINT('',(-8.026976027489,7.270754671183,
    -5.126287312375));
#563 = CARTESIAN_POINT('',(-8.019262466522,7.270518780871,
    -5.126904496236));
#564 = CARTESIAN_POINT('',(-8.011597761836,7.270288603379,
    -5.127507177474));
#565 = CARTESIAN_POINT('',(-7.998513717972,7.269902780885,
    -5.128518109635));
#566 = CARTESIAN_POINT('',(-7.993055609376,7.269743977025,
    -5.128934429091));
#567 = CARTESIAN_POINT('',(-7.987604832294,7.269587515212,
    -5.129344822264));
#568 = CARTESIAN_POINT('',(-7.98216399332,7.269433453794,-5.129749125437
    ));
#569 = CARTESIAN_POINT('',(-7.976732292693,7.269281751122,
    -5.130147437259));
#570 = CARTESIAN_POINT('',(-7.971308204834,7.269132344676,
    -5.130539911405));
#571 = CARTESIAN_POINT('',(-7.965893275346,7.268985263093,-5.13092646304
    ));
#572 = CARTESIAN_POINT('',(-7.944209563772,7.268404536283,
    -5.132453409718));
#573 = CARTESIAN_POINT('',(-7.928008452781,7.267989322084,
    -5.133546796323));
#574 = CARTESIAN_POINT('',(-7.911879476832,7.267594258436,
    -5.134588574725));
#575 = CARTESIAN_POINT('',(-7.895818617685,7.267218819918,
    -5.135579889063));
#576 = CARTESIAN_POINT('',(-7.87982159719,7.266862516899,-5.13652181101)
  );
#577 = CARTESIAN_POINT('',(-7.86388387729,7.266524895537,-5.137415339769
    ));
#578 = CARTESIAN_POINT('',(-7.848000660017,7.266205537781,
    -5.138261402073));
#579 = CARTESIAN_POINT('',(-7.810311935929,7.265487941184,
    -5.140164312755));
#580 = CARTESIAN_POINT('',(-7.788551333123,7.265105893977,
    -5.141178941862));
#581 = CARTESIAN_POINT('',(-7.766871672906,7.264756909968,
    -5.142107001124));
#582 = CARTESIAN_POINT('',(-7.74525886851,7.264440122604,-5.142950422232
    ));
#583 = CARTESIAN_POINT('',(-7.723698152569,7.264154808562,
    -5.143710806962));
#584 = CARTESIAN_POINT('',(-7.702174077119,7.263900387749,
    -5.144389427169));
#585 = CARTESIAN_POINT('',(-7.680670513597,7.263676423301,-5.14498722479
    ));
#586 = CARTESIAN_POINT('',(-7.614055386954,7.263075948439,
    -5.146590915506));
#587 = CARTESIAN_POINT('',(-7.568962464857,7.262802152621,
    -5.147323637647));
#588 = CARTESIAN_POINT('',(-7.523729989656,7.262658496439,
    -5.147708582315));
#589 = CARTESIAN_POINT('',(-7.478194738715,7.262645316633,
    -5.147743979483));
#590 = CARTESIAN_POINT('',(-7.432191984088,7.262766111816,
    -5.147420266547));
#591 = CARTESIAN_POINT('',(-7.385558690178,7.263027646389,
    -5.146719864461));
#592 = CARTESIAN_POINT('',(-7.338140088618,7.263440070916,
    -5.145617148535));
#593 = CARTESIAN_POINT('',(-7.272769614491,7.264220327939,
    -5.143536598531));
#594 = CARTESIAN_POINT('',(-7.255626131842,7.264444006573,
    -5.142940535761));
#595 = CARTESIAN_POINT('',(-7.23836352863,7.264688688319,-5.142288965609
    ));
#596 = CARTESIAN_POINT('',(-7.220976701344,7.264955009648,
    -5.141580343858));
#597 = CARTESIAN_POINT('',(-7.203461096769,7.265243650049,
    -5.140813042031));
#598 = CARTESIAN_POINT('',(-7.185812711989,7.26555533203,-5.139985347385
    ));
#599 = CARTESIAN_POINT('',(-7.168028094381,7.265890821115,
    -5.139095462914));
#600 = CARTESIAN_POINT('',(-7.112955525178,7.266997279839,
    -5.136164336575));
#601 = CARTESIAN_POINT('',(-7.075206413567,7.267849418037,
    -5.133911837059));
#602 = CARTESIAN_POINT('',(-7.036836068265,7.268814423993,
    -5.131367642721));
#603 = CARTESIAN_POINT('',(-6.99783327059,7.269900036647,-5.128514324213
    ));
#604 = CARTESIAN_POINT('',(-6.958198767962,7.2711145194,-5.125333935441)
  );
#605 = CARTESIAN_POINT('',(-6.917946703442,7.272466465314,-5.12180869867
    ));
#606 = CARTESIAN_POINT('',(-6.877105228539,7.273964538422,
    -5.117921828195));
#607 = CARTESIAN_POINT('',(-6.785864677496,7.27760766958,-5.10852344329)
  );
#608 = CARTESIAN_POINT('',(-6.735211672447,7.27982263757,-5.102841597942
    ));
#609 = CARTESIAN_POINT('',(-6.683827696457,7.282277075383,
    -5.096586172799));
#610 = CARTESIAN_POINT('',(-6.631793657343,7.284986111008,
    -5.089732902948));
#611 = CARTESIAN_POINT('',(-6.579197463767,7.287965127686,
    -5.082259880986));
#612 = CARTESIAN_POINT('',(-6.526130530576,7.291229911422,
    -5.074147395662));
#613 = CARTESIAN_POINT('',(-6.472684284144,7.294796798492,
    -5.065377770523));
#614 = CARTESIAN_POINT('',(-6.353752026663,7.303397359751,
    -5.044479450152));
#615 = CARTESIAN_POINT('',(-6.288129153883,7.308581651197,
    -5.032033152724));
#616 = CARTESIAN_POINT('',(-6.222215042947,7.314267744827,-5.01856396088
    ));
#617 = CARTESIAN_POINT('',(-6.156142488971,7.320490401403,
    -5.004041075422));
#618 = CARTESIAN_POINT('',(-6.090037222935,7.327287711874,
    -4.988433974349));
#619 = CARTESIAN_POINT('',(-6.024016507304,7.334702344823,
    -4.971710436702));
#620 = CARTESIAN_POINT('',(-5.958189192969,7.342783424424,
    -4.953833863238));
#621 = CARTESIAN_POINT('',(-5.799709478546,7.364078550665,
    -4.907706181178));
#622 = CARTESIAN_POINT('',(-5.70742958012,7.378015700343,-4.878265119861
    ));
#623 = CARTESIAN_POINT('',(-5.616050227959,7.393570353765,
    -4.846299811861));
#624 = CARTESIAN_POINT('',(-5.525885531267,7.410937294028,
    -4.811667301239));
#625 = CARTESIAN_POINT('',(-5.437337327459,7.430343017452,
    -4.774217242142));
#626 = CARTESIAN_POINT('',(-5.350896420289,7.452047497114,
    -4.733794770638));
#627 = CARTESIAN_POINT('',(-5.267151929575,7.476353798648,
    -4.690233807929));
#628 = CARTESIAN_POINT('',(-5.155511306674,7.514273301003,
    -4.625043930759));
#629 = CARTESIAN_POINT('',(-5.124729237947,7.525357364233,
    -4.606258215946));
#630 = CARTESIAN_POINT('',(-5.094521564672,7.536911047486,
    -4.586960447337));
#631 = CARTESIAN_POINT('',(-5.064940724611,7.548954927309,-4.56714283904
    ));
#632 = CARTESIAN_POINT('',(-5.036045315637,7.561509348839,
    -4.546799594737));
#633 = CARTESIAN_POINT('',(-5.007899658199,7.574594042587,
    -4.525927252564));
#634 = CARTESIAN_POINT('',(-4.980573357773,7.588227741229,
    -4.504525029977));
#635 = CARTESIAN_POINT('',(-4.932653303961,7.613971339203,
    -4.464767893278));
#636 = CARTESIAN_POINT('',(-4.9117573088,7.625888685324,-4.446592659532)
  );
#637 = CARTESIAN_POINT('',(-4.891493211676,7.638188686467,
    -4.428071245386));
#638 = CARTESIAN_POINT('',(-4.871904526756,7.650879015418,
    -4.409207645291));
#639 = CARTESIAN_POINT('',(-4.853037189498,7.663965706529,
    -4.390008376836));
#640 = CARTESIAN_POINT('',(-4.834938793612,7.677452696207,
    -4.370482787451));
#641 = CARTESIAN_POINT('',(-4.817657828018,7.691341363403,
    -4.350643361094));
#642 = CARTESIAN_POINT('',(-4.79233614987,7.713383149778,-4.31957946772)
  );
#643 = CARTESIAN_POINT('',(-4.783684351522,7.721253923309,
    -4.308565288899));
#644 = CARTESIAN_POINT('',(-4.775295453421,7.729242105688,
    -4.297466103497));
#645 = CARTESIAN_POINT('',(-4.767177246326,7.737347085041,
    -4.286284854654));
#646 = CARTESIAN_POINT('',(-4.759337377101,7.745567922629,
    -4.275024813643));
#647 = CARTESIAN_POINT('',(-4.751783348714,7.753903352854,
    -4.263689579865));
#648 = CARTESIAN_POINT('',(-4.744522520242,7.762351783252,
    -4.252283080852));
#649 = CARTESIAN_POINT('',(-4.723512929766,7.788188154761,
    -4.217650983073));
#650 = CARTESIAN_POINT('',(-4.710685946192,7.805919299498,
    -4.194216963186));
#651 = CARTESIAN_POINT('',(-4.699141597286,7.82408641375,-4.17054565727)
  );
#652 = CARTESIAN_POINT('',(-4.688933285336,7.84266663631,-4.146678371045
    ));
#653 = CARTESIAN_POINT('',(-4.680105877908,7.861632174669,
    -4.122659585388));
#654 = CARTESIAN_POINT('',(-4.672694211994,7.880949919965,-4.09853697044
    ));
#655 = CARTESIAN_POINT('',(-4.666721598149,7.900581061932,
    -4.074361399716));
#656 = CARTESIAN_POINT('',(-4.657586246124,7.940771033539,
    -4.025537914293));
#657 = CARTESIAN_POINT('',(-4.654480186481,7.961344056656,
    -4.000885742751));
#658 = CARTESIAN_POINT('',(-4.652891657612,7.982152380479,
    -3.976287807471));
#659 = CARTESIAN_POINT('',(-4.652816739974,8.003148374901,
    -3.951797280409));
#660 = CARTESIAN_POINT('',(-4.654237859267,8.024284541006,
    -3.927463273597));
#661 = CARTESIAN_POINT('',(-4.657125563121,8.045513879636,
    -3.903330965157));
#662 = CARTESIAN_POINT('',(-4.661440297787,8.066790259979,
    -3.879441725313));
#663 = CARTESIAN_POINT('',(-4.670012717034,8.098826101782,
    -3.843898025191));
#664 = CARTESIAN_POINT('',(-4.673243960381,8.109584573435,
    -3.832033911553));
#665 = CARTESIAN_POINT('',(-4.676821712007,8.120338768537,
    -3.820245332163));
#666 = CARTESIAN_POINT('',(-4.680739487949,8.131083513385,
    -3.808536339796));
#667 = CARTESIAN_POINT('',(-4.684990523139,8.141813895134,
    -3.796910609327));
#668 = CARTESIAN_POINT('',(-4.689567771401,8.15252526179,-3.785371437729
    ));
#669 = CARTESIAN_POINT('',(-4.694463905455,8.163213222217,
    -3.773921744072));
#670 = CARTESIAN_POINT('',(-4.709490127247,8.193974358627,
    -3.741148659364));
#671 = CARTESIAN_POINT('',(-4.720415787498,8.213976852315,
    -3.720060843295));
#672 = CARTESIAN_POINT('',(-4.732398397649,8.233854162782,
    -3.699317098337));
#673 = CARTESIAN_POINT('',(-4.745386933724,8.253582649563,-3.67892980639
    ));
#674 = CARTESIAN_POINT('',(-4.759330298422,8.273141879366,
    -3.658907674593));
#675 = CARTESIAN_POINT('',(-4.774178371755,8.292514509294,
    -3.639256155679));
#676 = CARTESIAN_POINT('',(-4.789883061688,8.311686170073,
    -3.619977868335));
#677 = CARTESIAN_POINT('',(-4.808157611593,8.332663665728,
    -3.599060484683));
#678 = CARTESIAN_POINT('',(-4.809925048573,8.334679555887,
    -3.597052201724));
#679 = CARTESIAN_POINT('',(-4.811702099742,8.336693560527,
    -3.595047616638));
#680 = CARTESIAN_POINT('',(-4.813488587472,8.338705516883,
    -3.593046879139));
#681 = CARTESIAN_POINT('',(-4.815284297163,8.340715219801,
    -3.591050181227));
#682 = CARTESIAN_POINT('',(-4.817089220029,8.342722701076,
    -3.589057478559));
#683 = CARTESIAN_POINT('',(-4.818903464005,8.344728126988,
    -3.587068592654));
#684 = CARTESIAN_POINT('',(-4.853616952371,8.382865014761,
    -3.549279879632));
#685 = CARTESIAN_POINT('',(-4.889480904181,8.418276147564,
    -3.514767468296));
#686 = CARTESIAN_POINT('',(-4.928021001195,8.452872958814,
    -3.481563496589));
#687 = CARTESIAN_POINT('',(-4.968956830851,8.486586861974,
    -3.449664769631));
#688 = CARTESIAN_POINT('',(-5.012032415482,8.519370028844,
    -3.419052770362));
#689 = CARTESIAN_POINT('',(-5.057021853673,8.551192996053,
    -3.389697525727));
#690 = CARTESIAN_POINT('',(-5.103733442539,8.582042286802,
    -3.361560429677));
#691 = CARTESIAN_POINT('',(-5.198722093064,8.640822868976,-3.30850793939
    ));
#692 = CARTESIAN_POINT('',(-5.246888158692,8.668809838592,
    -3.283523487999));
#693 = CARTESIAN_POINT('',(-5.296364240472,8.695876289783,
    -3.259603958517));
#694 = CARTESIAN_POINT('',(-5.347019775986,8.72202276052,-3.236712465041
    ));
#695 = CARTESIAN_POINT('',(-5.398739444753,8.747252770345,
    -3.214813682347));
#696 = CARTESIAN_POINT('',(-5.451422735267,8.771572597046,
    -3.193873582181));
#697 = CARTESIAN_POINT('',(-5.50498351204,8.794991053341,-3.173859169543
    ));
#698 = CARTESIAN_POINT('',(-5.753019290719,8.897772109628,
    -3.086623145104));
#699 = CARTESIAN_POINT('',(-5.956549006014,8.96657822501,-3.029972992484
    ));
#700 = CARTESIAN_POINT('',(-6.167014687891,9.024662411081,
    -2.983136621766));
#701 = CARTESIAN_POINT('',(-6.38233970519,9.072296353584,-2.945325341374
    ));
#702 = CARTESIAN_POINT('',(-6.600811976139,9.109847038305,
    -2.915824368119));
#703 = CARTESIAN_POINT('',(-6.821198643403,9.13759500385,-2.894172321244
    ));
#704 = CARTESIAN_POINT('',(-7.042616036567,9.15580026835,-2.880009642826
    ));
#705 = CARTESIAN_POINT('',(-7.26458525775,9.164549167591,-2.87321114742)
  );
#706 = PCURVE('',#707,#743);
#707 = ( BOUNDED_SURFACE() B_SPLINE_SURFACE(2,2,(
    (#708,#709,#710,#711,#712)
    ,(#713,#714,#715,#716,#717)
    ,(#718,#719,#720,#721,#722)
    ,(#723,#724,#725,#726,#727)
    ,(#728,#729,#730,#731,#732)
    ,(#733,#734,#735,#736,#737)
    ,(#738,#739,#740,#741,#742
)),.UNSPECIFIED.,.T.,.F.,.F.) B_SPLINE_SURFACE_WITH_KNOTS((1,2,2,2,2,1),
  (3,2,3),(-2.094395102393,0.,2.094395102393,4.188790204786,
    6.28318530718,8.377580409573),(-1.570796326795,0.,1.570796326795),
.UNSPECIFIED.) GEOMETRIC_REPRESENTATION_ITEM() RATIONAL_B_SPLINE_SURFACE
((
    (1.,0.707106781187,1.,0.707106781187,1.)
    ,(0.5,0.353553390593,0.5,0.353553390593,0.5)
    ,(1.,0.707106781187,1.,0.707106781187,1.)
    ,(0.5,0.353553390593,0.5,0.353553390593,0.5)
    ,(1.,0.707106781187,1.,0.707106781187,1.)
    ,(0.5,0.353553390593,0.5,0.353553390593,0.5)
,(1.,0.707106781187,1.,0.707106781187,1.
))) REPRESENTATION_ITEM('') SURFACE() );
#708 = CARTESIAN_POINT('',(-7.5,6.5,-5.2));
#709 = CARTESIAN_POINT('',(-4.1,6.5,-5.2));
#710 = CARTESIAN_POINT('',(-4.1,6.5,-3.6));
#711 = CARTESIAN_POINT('',(-4.1,6.5,-2.));
#712 = CARTESIAN_POINT('',(-7.5,6.5,-2.));
#713 = CARTESIAN_POINT('',(-7.5,6.5,-5.2));
#714 = CARTESIAN_POINT('',(-4.1,11.696152422707,-5.2));
#715 = CARTESIAN_POINT('',(-4.1,11.696152422707,-3.6));
#716 = CARTESIAN_POINT('',(-4.1,11.696152422707,-2.));
#717 = CARTESIAN_POINT('',(-7.5,6.5,-2.));
#718 = CARTESIAN_POINT('',(-7.5,6.5,-5.2));
#719 = CARTESIAN_POINT('',(-9.2,9.098076211353,-5.2));
#720 = CARTESIAN_POINT('',(-9.2,9.098076211353,-3.6));
#721 = CARTESIAN_POINT('',(-9.2,9.098076211353,-2.));
#722 = CARTESIAN_POINT('',(-7.5,6.5,-2.));
#723 = CARTESIAN_POINT('',(-7.5,6.5,-5.2));
#724 = CARTESIAN_POINT('',(-14.3,6.5,-5.2));
#725 = CARTESIAN_POINT('',(-14.3,6.5,-3.6));
#726 = CARTESIAN_POINT('',(-14.3,6.5,-2.));
#727 = CARTESIAN_POINT('',(-7.5,6.5,-2.));
#728 = CARTESIAN_POINT('',(-7.5,6.5,-5.2));
#729 = CARTESIAN_POINT('',(-9.2,3.901923788647,-5.2));
#730 = CARTESIAN_POINT('',(-9.2,3.901923788647,-3.6));
#731 = CARTESIAN_POINT('',(-9.2,3.901923788647,-2.));
#732 = CARTESIAN_POINT('',(-7.5,6.5,-2.));
#733 = CARTESIAN_POINT('',(-7.5,6.5,-5.2));
#734 = CARTESIAN_POINT('',(-4.1,1.303847577293,-5.2));
#735 = CARTESIAN_POINT('',(-4.1,1.303847577293,-3.6));
#736 = CARTESIAN_POINT('',(-4.1,1.303847577293,-2.));
#737 = CARTESIAN_POINT('',(-7.5,6.5,-2.));
#738 = CARTESIAN_POINT('',(-7.5,6.5,-5.2));
#739 = CARTESIAN_POINT('',(-4.1,6.5,-5.2));
#740 = CARTESIAN_POINT('',(-4.1,6.5,-3.6));
#741 = CARTESIAN_POINT('',(-4.1,6.5,-2.));
#742 = CARTESIAN_POINT('',(-7.5,6.5,-2.));
#743 = DEFINITIONAL_REPRESENTATION('',(#744),#1041);
#744 = B_SPLINE_CURVE_WITH_KNOTS('',8,(#745,#746,#747,#748,#749,#750,
    #751,#752,#753,#754,#755,#756,#757,#758,#759,#760,#761,#762,#763,
    #764,#765,#766,#767,#768,#769,#770,#771,#772,#773,#774,#775,#776,
    #777,#778,#779,#780,#781,#782,#783,#784,#785,#786,#787,#788,#789,
    #790,#791,#792,#793,#794,#795,#796,#797,#798,#799,#800,#801,#802,
    #803,#804,#805,#806,#807,#808,#809,#810,#811,#812,#813,#814,#815,
    #816,#817,#818,#819,#820,#821,#822,#823,#824,#825,#826,#827,#828,
    #829,#830,#831,#832,#833,#834,#835,#836,#837,#838,#839,#840,#841,
    #842,#843,#844,#845,#846,#847,#848,#849,#850,#851,#852,#853,#854,
    #855,#856,#857,#858,#859,#860,#861,#862,#863,#864,#865,#866,#867,
    #868,#869,#870,#871,#872,#873,#874,#875,#876,#877,#878,#879,#880,
    #881,#882,#883,#884,#885,#886,#887,#888,#889,#890,#891,#892,#893,
    #894,#895,#896,#897,#898,#899,#900,#901,#902,#903,#904,#905,#906,
    #907,#908,#909,#910,#911,#912,#913,#914,#915,#916,#917,#918,#919,
    #920,#921,#922,#923,#924,#925,#926,#927,#928,#929,#930,#931,#932,
    #933,#934,#935,#936,#937,#938,#939,#940,#941,#942,#943,#944,#945,
    #946,#947,#948,#949,#950,#951,#952,#953,#954,#955,#956,#957,#958,
    #959,#960,#961,#962,#963,#964,#965,#966,#967,#968,#969,#970,#971,
    #972,#973,#974,#975,#976,#977,#978,#979,#980,#981,#982,#983,#984,
    #985,#986,#987,#988,#989,#990,#991,#992,#993,#994,#995,#996,#997,
    #998,#999,#1000,#1001,#1002,#1003,#1004,#1005,#1006,#1007,#1008,
    #1009,#1010,#1011,#1012,#1013,#1014,#1015,#1016,#1017,#1018,#1019,
    #1020,#1021,#1022,#1023,#1024,#1025,#1026,#1027,#1028,#1029,#1030,
    #1031,#1032,#1033,#1034,#1035,#1036,#1037,#1038,#1039,#1040),
  .UNSPECIFIED.,.F.,.F.,(9,7,7,7,7,7,7,7,7,7,7,7,7,7,7,7,7,7,7,7,7,7,7,7
    ,7,7,7,7,7,7,7,7,7,7,7,7,7,7,7,7,7,7,9),(0.,2.436147115874E-02,
    0.126027497637,0.128203799959,0.192393511559,0.222880561872,
    0.22517969959,0.233349550387,0.237323015684,0.241361239481,
    0.250916502832,0.269948736373,0.288212064838,0.297236688502,
    0.313937914853,0.323630816135,0.328712871656,0.333919084037,
    0.383412985808,0.425932271246,0.458723710534,0.466800329936,
    0.472413956551,0.4764447221,0.488579425509,0.505328646513,
    0.540475179216,0.552857064542,0.578519792175,0.609429714596,
    0.646929727264,0.700118162008,0.720849683353,0.737702801272,
    0.746847335391,0.765305029252,0.78412510127,0.79363954776,
    0.811579467877,0.813489278189,0.847938639613,0.88126842251,1.),
  .UNSPECIFIED.);
#745 = CARTESIAN_POINT('',(1.458324616533,0.485357890588));
#746 = CARTESIAN_POINT('',(1.472663542877,0.486308626307));
#747 = CARTESIAN_POINT('',(1.487066237418,0.487048197607));
#748 = CARTESIAN_POINT('',(1.501531869342,0.487577232945));
#749 = CARTESIAN_POINT('',(1.516059582358,0.487896274157));
#750 = CARTESIAN_POINT('',(1.530648494695,0.488005776459));
#751 = CARTESIAN_POINT('',(1.545297699103,0.487906108445));
#752 = CARTESIAN_POINT('',(1.560006262853,0.487597552088));
#753 = CARTESIAN_POINT('',(1.63639917114,0.484921702165));
#754 = CARTESIAN_POINT('',(1.699010171419,0.479129909245));
#755 = CARTESIAN_POINT('',(1.762576743761,0.469723032143));
#756 = CARTESIAN_POINT('',(1.827037160426,0.45668531789));
#757 = CARTESIAN_POINT('',(1.892321361565,0.43996676943));
#758 = CARTESIAN_POINT('',(1.958366844634,0.419482697434));
#759 = CARTESIAN_POINT('',(2.025141069768,0.395074500767));
#760 = CARTESIAN_POINT('',(2.094130788295,0.365779001595));
#761 = CARTESIAN_POINT('',(2.095577614378,0.365163115326));
#762 = CARTESIAN_POINT('',(2.097022866023,0.364545170987));
#763 = CARTESIAN_POINT('',(2.09846575933,0.363925122234));
#764 = CARTESIAN_POINT('',(2.099906560765,0.36330297894));
#765 = CARTESIAN_POINT('',(2.101345890696,0.362678769985));
#766 = CARTESIAN_POINT('',(2.10278402692,0.362052506053));
#767 = CARTESIAN_POINT('',(2.146580160046,0.342890651192));
#768 = CARTESIAN_POINT('',(2.187451314485,0.322556575783));
#769 = CARTESIAN_POINT('',(2.226938220869,0.300300026665));
#770 = CARTESIAN_POINT('',(2.265106143425,0.275980714864));
#771 = CARTESIAN_POINT('',(2.301996427557,0.249429840662));
#772 = CARTESIAN_POINT('',(2.337635737193,0.220447447251));
#773 = CARTESIAN_POINT('',(2.372041876475,0.188779249242));
#774 = CARTESIAN_POINT('',(2.420991166117,0.137547809124));
#775 = CARTESIAN_POINT('',(2.436470907549,0.120366827812));
#776 = CARTESIAN_POINT('',(2.451667689249,0.102464876692));
#777 = CARTESIAN_POINT('',(2.466576164692,8.380404519719E-02));
#778 = CARTESIAN_POINT('',(2.481186560084,6.434614416349E-02));
#779 = CARTESIAN_POINT('',(2.495485149463,4.405321249957E-02));
#780 = CARTESIAN_POINT('',(2.509454729823,2.288802386405E-02));
#781 = CARTESIAN_POINT('',(2.524102256857,-8.500431587019E-04));
#782 = CARTESIAN_POINT('',(2.525127381879,-2.520241651631E-03));
#783 = CARTESIAN_POINT('',(2.526150972844,-4.19057178585E-03));
#784 = CARTESIAN_POINT('',(2.527172598316,-5.865523251154E-03));
#785 = CARTESIAN_POINT('',(2.528192327614,-7.544257897492E-03));
#786 = CARTESIAN_POINT('',(2.529210364296,-9.224521036538E-03));
#787 = CARTESIAN_POINT('',(2.530226464745,-1.090882359343E-02));
#788 = CARTESIAN_POINT('',(2.53484484914,-1.85913130796E-02));
#789 = CARTESIAN_POINT('',(2.538425509948,-2.462565947603E-02));
#790 = CARTESIAN_POINT('',(2.541982291828,-3.06989918819E-02));
#791 = CARTESIAN_POINT('',(2.5455147439,-3.681120191045E-02));
#792 = CARTESIAN_POINT('',(2.549022382178,-4.296212687023E-02));
#793 = CARTESIAN_POINT('',(2.552504689569,-4.915154976509E-02));
#794 = CARTESIAN_POINT('',(2.555961115873,-5.537919929414E-02));
#795 = CARTESIAN_POINT('',(2.561059264259,-6.469204512377E-02));
#796 = CARTESIAN_POINT('',(2.562721190081,-6.774830303762E-02));
#797 = CARTESIAN_POINT('',(2.564376787826,-7.081348474458E-02));
#798 = CARTESIAN_POINT('',(2.566025988145,-7.38875472518E-02));
#799 = CARTESIAN_POINT('',(2.567668719761,-7.697044342237E-02));
#800 = CARTESIAN_POINT('',(2.569304909471,-8.006212197529E-02));
#801 = CARTESIAN_POINT('',(2.570934482146,-8.316252748553E-02));
#802 = CARTESIAN_POINT('',(2.57420668856,-8.943134414053E-02));
#803 = CARTESIAN_POINT('',(2.575849094949,-9.260002521545E-02));
#804 = CARTESIAN_POINT('',(2.577484545412,-9.577767270263E-02));
#805 = CARTESIAN_POINT('',(2.579112849216,-9.896400582427E-02));
#806 = CARTESIAN_POINT('',(2.580734006178,-0.102159118045));
#807 = CARTESIAN_POINT('',(2.582348010738,-0.105363092921));
#808 = CARTESIAN_POINT('',(2.583954659946,-0.108575625571));
#809 = CARTESIAN_POINT('',(2.589338069504,-0.119418500409));
#810 = CARTESIAN_POINT('',(2.593080776928,-0.127088147026));
#811 = CARTESIAN_POINT('',(2.59678078858,-0.134804460176));
#812 = CARTESIAN_POINT('',(2.600436817269,-0.142566051454));
#813 = CARTESIAN_POINT('',(2.604047534332,-0.150371347369));
#814 = CARTESIAN_POINT('',(2.607611569634,-0.158218589339));
#815 = CARTESIAN_POINT('',(2.611127511566,-0.166105833695));
#816 = CARTESIAN_POINT('',(2.621498295334,-0.189816251439));
#817 = CARTESIAN_POINT('',(2.628206957461,-0.205753678663));
#818 = CARTESIAN_POINT('',(2.634707433186,-0.221823869963));
#819 = CARTESIAN_POINT('',(2.640987792774,-0.238006218027));
#820 = CARTESIAN_POINT('',(2.647036719987,-0.254278523347));
#821 = CARTESIAN_POINT('',(2.652843595061,-0.27061664594));
#822 = CARTESIAN_POINT('',(2.658398577694,-0.286994157076));
#823 = CARTESIAN_POINT('',(2.66877291943,-0.319107753994));
#824 = CARTESIAN_POINT('',(2.673613809575,-0.334845736461));
#825 = CARTESIAN_POINT('',(2.678207422745,-0.350570313648));
#826 = CARTESIAN_POINT('',(2.682547988096,-0.36625808158));
#827 = CARTESIAN_POINT('',(2.686631616361,-0.381887575472));
#828 = CARTESIAN_POINT('',(2.690456014553,-0.397438988152));
#829 = CARTESIAN_POINT('',(2.694020200672,-0.412893888477));
#830 = CARTESIAN_POINT('',(2.698956862571,-0.435815552151));
#831 = CARTESIAN_POINT('',(2.700526060248,-0.443368757206));
#832 = CARTESIAN_POINT('',(2.702031887851,-0.45089272348));
#833 = CARTESIAN_POINT('',(2.703474479581,-0.458385777588));
#834 = CARTESIAN_POINT('',(2.704854027431,-0.465846404188));
#835 = CARTESIAN_POINT('',(2.70617078118,-0.473273245986));
#836 = CARTESIAN_POINT('',(2.707425048396,-0.48066510373));
#837 = CARTESIAN_POINT('',(2.710823413959,-0.501633849942));
#838 = CARTESIAN_POINT('',(2.712816809085,-0.51512317414));
#839 = CARTESIAN_POINT('',(2.714599654668,-0.528482615428));
#840 = CARTESIAN_POINT('',(2.716174594001,-0.541707475617));
#841 = CARTESIAN_POINT('',(2.717544483549,-0.554794509746));
#842 = CARTESIAN_POINT('',(2.718712237681,-0.567741784122));
#843 = CARTESIAN_POINT('',(2.7196806734,-0.580548534349));
#844 = CARTESIAN_POINT('',(2.720900216442,-0.6005662816));
#845 = CARTESIAN_POINT('',(2.721281799699,-0.607870257251));
#846 = CARTESIAN_POINT('',(2.721597619723,-0.615127006143));
#847 = CARTESIAN_POINT('',(2.721848153458,-0.622336652669));
#848 = CARTESIAN_POINT('',(2.722033839898,-0.629499389796));
#849 = CARTESIAN_POINT('',(2.722155080093,-0.636615479067));
#850 = CARTESIAN_POINT('',(2.722212237145,-0.643685250596));
#851 = CARTESIAN_POINT('',(2.722202175295,-0.65439175775));
#852 = CARTESIAN_POINT('',(2.722181185971,-0.658061784873));
#853 = CARTESIAN_POINT('',(2.722142713992,-0.661719239341));
#854 = CARTESIAN_POINT('',(2.722086801292,-0.665364178711));
#855 = CARTESIAN_POINT('',(2.722013485991,-0.668996663204));
#856 = CARTESIAN_POINT('',(2.721922802388,-0.672616755698));
#857 = CARTESIAN_POINT('',(2.721814780966,-0.676224521731));
#858 = CARTESIAN_POINT('',(2.721561053884,-0.683503377119));
#859 = CARTESIAN_POINT('',(2.721414490464,-0.687173883698));
#860 = CARTESIAN_POINT('',(2.721249793811,-0.690831509925));
#861 = CARTESIAN_POINT('',(2.721066972556,-0.694476561655));
#862 = CARTESIAN_POINT('',(2.720866059017,-0.69810891588));
#863 = CARTESIAN_POINT('',(2.720647075589,-0.701728542131));
#864 = CARTESIAN_POINT('',(2.720410006567,-0.705335920306));
#865 = CARTESIAN_POINT('',(2.717729312179,-0.743107882894));
#866 = CARTESIAN_POINT('',(2.713671696654,-0.776151285989));
#867 = CARTESIAN_POINT('',(2.707985972299,-0.808169414884));
#868 = CARTESIAN_POINT('',(2.700628291641,-0.839236986273));
#869 = CARTESIAN_POINT('',(2.691513422808,-0.869408698943));
#870 = CARTESIAN_POINT('',(2.680509590409,-0.89872700113));
#871 = CARTESIAN_POINT('',(2.66742174049,-0.927224110143));
#872 = CARTESIAN_POINT('',(2.638683111932,-0.978709831386));
#873 = CARTESIAN_POINT('',(2.623663857417,-1.001890812243));
#874 = CARTESIAN_POINT('',(2.60672834717,-1.024470056509));
#875 = CARTESIAN_POINT('',(2.587667088665,-1.046431702053));
#876 = CARTESIAN_POINT('',(2.566227539298,-1.067735652038));
#877 = CARTESIAN_POINT('',(2.542115585334,-1.088319358178));
#878 = CARTESIAN_POINT('',(2.515009176225,-1.108100930162));
#879 = CARTESIAN_POINT('',(2.461119901269,-1.141546115583));
#880 = CARTESIAN_POINT('',(2.435682662155,-1.155573540409));
#881 = CARTESIAN_POINT('',(2.408139771529,-1.16901360571));
#882 = CARTESIAN_POINT('',(2.378366748915,-1.181808609603));
#883 = CARTESIAN_POINT('',(2.346265503105,-1.193900598005));
#884 = CARTESIAN_POINT('',(2.311783367898,-1.205236880513));
#885 = CARTESIAN_POINT('',(2.274932929255,-1.215775852544));
#886 = CARTESIAN_POINT('',(2.226177212712,-1.227886513631));
#887 = CARTESIAN_POINT('',(2.216403743321,-1.230230128405));
#888 = CARTESIAN_POINT('',(2.206493508637,-1.232523636323));
#889 = CARTESIAN_POINT('',(2.19644797567,-1.234766781287));
#890 = CARTESIAN_POINT('',(2.186268805502,-1.236959382799));
#891 = CARTESIAN_POINT('',(2.175957853289,-1.239101335956));
#892 = CARTESIAN_POINT('',(2.165517168257,-1.241192611456));
#893 = CARTESIAN_POINT('',(2.147603620228,-1.244651598305));
#894 = CARTESIAN_POINT('',(2.140196642392,-1.246045482329));
#895 = CARTESIAN_POINT('',(2.132728808041,-1.247414924626));
#896 = CARTESIAN_POINT('',(2.125200894839,-1.248759959228));
#897 = CARTESIAN_POINT('',(2.117613710269,-1.250080637245));
#898 = CARTESIAN_POINT('',(2.109968091636,-1.251377026864));
#899 = CARTESIAN_POINT('',(2.102264906065,-1.252649213349));
#900 = CARTESIAN_POINT('',(2.08893322312,-1.254793464947));
#901 = CARTESIAN_POINT('',(2.083348428118,-1.255679670089));
#902 = CARTESIAN_POINT('',(2.077753942324,-1.256556348202));
#903 = CARTESIAN_POINT('',(2.072146950342,-1.257423031605));
#904 = CARTESIAN_POINT('',(2.066528411556,-1.258279810566));
#905 = CARTESIAN_POINT('',(2.060900069895,-1.259126893661));
#906 = CARTESIAN_POINT('',(2.055260247381,-1.259963985256));
#907 = CARTESIAN_POINT('',(2.032600063304,-1.263281532065));
#908 = CARTESIAN_POINT('',(2.01549458004,-1.265682088132));
#909 = CARTESIAN_POINT('',(1.998299245826,-1.26799232333));
#910 = CARTESIAN_POINT('',(1.98101976106,-1.270211680784));
#911 = CARTESIAN_POINT('',(1.963661893364,-1.272339587843));
#912 = CARTESIAN_POINT('',(1.946231477578,-1.274375456082));
#913 = CARTESIAN_POINT('',(1.928734415764,-1.276318681306));
#914 = CARTESIAN_POINT('',(1.886942179377,-1.280722099145));
#915 = CARTESIAN_POINT('',(1.862592167539,-1.283097837946));
#916 = CARTESIAN_POINT('',(1.838142244715,-1.285294242091));
#917 = CARTESIAN_POINT('',(1.813608334506,-1.287309546832));
#918 = CARTESIAN_POINT('',(1.789006681092,-1.289141840529));
#919 = CARTESIAN_POINT('',(1.764353849234,-1.290789064657));
#920 = CARTESIAN_POINT('',(1.739666724273,-1.292249013796));
#921 = CARTESIAN_POINT('',(1.663123241524,-1.296184976519));
#922 = CARTESIAN_POINT('',(1.611215393266,-1.298015240567));
#923 = CARTESIAN_POINT('',(1.559389674522,-1.298988948061));
#924 = CARTESIAN_POINT('',(1.507813420935,-1.299080440852));
#925 = CARTESIAN_POINT('',(1.456670621194,-1.298260702668));
#926 = CARTESIAN_POINT('',(1.406158704536,-1.296499397515));
#927 = CARTESIAN_POINT('',(1.3564820912,-1.293767826161));
#928 = CARTESIAN_POINT('',(1.290707109462,-1.288730499502));
#929 = CARTESIAN_POINT('',(1.273701225199,-1.287294996043));
#930 = CARTESIAN_POINT('',(1.256834226628,-1.285735274833));
#931 = CARTESIAN_POINT('',(1.240115397372,-1.284050488426));
#932 = CARTESIAN_POINT('',(1.223553931076,-1.282239957444));
#933 = CARTESIAN_POINT('',(1.207158931414,-1.280303170577));
#934 = CARTESIAN_POINT('',(1.19093941208,-1.278239784581));
#935 = CARTESIAN_POINT('',(1.141669875282,-1.271510292367));
#936 = CARTESIAN_POINT('',(1.109224679004,-1.266426144642));
#937 = CARTESIAN_POINT('',(1.077650332598,-1.260796437276));
#938 = CARTESIAN_POINT('',(1.047020829217,-1.254624458035));
#939 = CARTESIAN_POINT('',(1.017399285879,-1.247918129389));
#940 = CARTESIAN_POINT('',(0.98883593858,-1.240690254359));
#941 = CARTESIAN_POINT('',(0.961367377158,-1.232958405083));
#942 = CARTESIAN_POINT('',(0.903278869961,-1.214851016804));
#943 = CARTESIAN_POINT('',(0.873158465869,-1.204256601138));
#944 = CARTESIAN_POINT('',(0.844695999348,-1.192999090927));
#945 = CARTESIAN_POINT('',(0.817892393177,-1.181120834686));
#946 = CARTESIAN_POINT('',(0.79271788517,-1.168666226951));
#947 = CARTESIAN_POINT('',(0.769120612146,-1.155679289581));
#948 = CARTESIAN_POINT('',(0.747035193888,-1.142201253076));
#949 = CARTESIAN_POINT('',(0.701346102491,-1.111364439799));
#950 = CARTESIAN_POINT('',(0.678422598587,-1.093791290154));
#951 = CARTESIAN_POINT('',(0.657485162974,-1.07560888777));
#952 = CARTESIAN_POINT('',(0.638390002328,-1.056867409163));
#953 = CARTESIAN_POINT('',(0.620997389516,-1.037606021778));
#954 = CARTESIAN_POINT('',(0.605179323087,-1.017852174426));
#955 = CARTESIAN_POINT('',(0.590822629187,-0.997621164929));
#956 = CARTESIAN_POINT('',(0.559395771614,-0.947548631861));
#957 = CARTESIAN_POINT('',(0.543717974325,-0.917250648687));
#958 = CARTESIAN_POINT('',(0.530492060859,-0.88601455927));
#959 = CARTESIAN_POINT('',(0.519508016042,-0.853814023197));
#960 = CARTESIAN_POINT('',(0.510621872374,-0.820605672895));
#961 = CARTESIAN_POINT('',(0.503740394476,-0.786329687137));
#962 = CARTESIAN_POINT('',(0.498816865072,-0.750901853708));
#963 = CARTESIAN_POINT('',(0.494705263343,-0.699880462554));
#964 = CARTESIAN_POINT('',(0.49385102825,-0.685380409472));
#965 = CARTESIAN_POINT('',(0.493295969271,-0.670683891849));
#966 = CARTESIAN_POINT('',(0.493041519635,-0.655785857176));
#967 = CARTESIAN_POINT('',(0.493090087727,-0.640682074037));
#968 = CARTESIAN_POINT('',(0.493444874267,-0.625369182886));
#969 = CARTESIAN_POINT('',(0.494109689481,-0.609844746827));
#970 = CARTESIAN_POINT('',(0.495884687002,-0.581313981413));
#971 = CARTESIAN_POINT('',(0.496888259073,-0.568380414297));
#972 = CARTESIAN_POINT('',(0.498101703575,-0.55530623126));
#973 = CARTESIAN_POINT('',(0.499527385324,-0.542092094472));
#974 = CARTESIAN_POINT('',(0.501167646876,-0.52873983993));
#975 = CARTESIAN_POINT('',(0.503024638535,-0.515252619326));
#976 = CARTESIAN_POINT('',(0.505100148348,-0.501635041923));
#977 = CARTESIAN_POINT('',(0.508640857478,-0.480437029803));
#978 = CARTESIAN_POINT('',(0.509950966961,-0.472944254408));
#979 = CARTESIAN_POINT('',(0.511325967916,-0.465416031834));
#980 = CARTESIAN_POINT('',(0.512765994605,-0.457853564978));
#981 = CARTESIAN_POINT('',(0.514271108188,-0.450258218034));
#982 = CARTESIAN_POINT('',(0.515841296725,-0.442631516502));
#983 = CARTESIAN_POINT('',(0.517476475175,-0.434975147178));
#984 = CARTESIAN_POINT('',(0.522607854106,-0.411780883342));
#985 = CARTESIAN_POINT('',(0.526303691086,-0.396155837379));
#986 = CARTESIAN_POINT('',(0.530262101497,-0.380433215362));
#987 = CARTESIAN_POINT('',(0.534479911409,-0.364631501243));
#988 = CARTESIAN_POINT('',(0.538952430192,-0.348770558453));
#989 = CARTESIAN_POINT('',(0.5436732129,-0.332871920504));
#990 = CARTESIAN_POINT('',(0.548633822663,-0.316959081603));
#991 = CARTESIAN_POINT('',(0.559115253753,-0.284844304299));
#992 = CARTESIAN_POINT('',(0.564646080576,-0.26864002994));
#993 = CARTESIAN_POINT('',(0.570404805619,-0.252472231285));
#994 = CARTESIAN_POINT('',(0.576379371445,-0.23636576191));
#995 = CARTESIAN_POINT('',(0.582557057214,-0.220343385866));
#996 = CARTESIAN_POINT('',(0.588924604802,-0.204426101684));
#997 = CARTESIAN_POINT('',(0.595468344916,-0.188633466372));
#998 = CARTESIAN_POINT('',(0.605564515958,-0.165072325));
#999 = CARTESIAN_POINT('',(0.60899636608,-0.157196861787));
#1000 = CARTESIAN_POINT('',(0.612468181688,-0.149359611122));
#1001 = CARTESIAN_POINT('',(0.615978321116,-0.141562478648));
#1002 = CARTESIAN_POINT('',(0.619525192924,-0.133807194319));
#1003 = CARTESIAN_POINT('',(0.623107255899,-0.1260953124));
#1004 = CARTESIAN_POINT('',(0.62672301905,-0.118428211467));
#1005 = CARTESIAN_POINT('',(0.637249553513,-9.643713275281E-02));
#1006 = CARTESIAN_POINT('',(0.644242659563,-8.223094933349E-02));
#1007 = CARTESIAN_POINT('',(0.651340992614,-6.819619879035E-02));
#1008 = CARTESIAN_POINT('',(0.658535946128,-5.433872811179E-02));
#1009 = CARTESIAN_POINT('',(0.665819719297,-4.066274574006E-02));
#1010 = CARTESIAN_POINT('',(0.673185362165,-2.717099067706E-02));
#1011 = CARTESIAN_POINT('',(0.680626820748,-1.386490159015E-02));
#1012 = CARTESIAN_POINT('',(0.688938696042,6.519277825197E-04));
#1013 = CARTESIAN_POINT('',(0.689739203802,2.046583939783E-03));
#1014 = CARTESIAN_POINT('',(0.690540719868,3.436759620561E-03));
#1015 = CARTESIAN_POINT('',(0.691343180088,4.823087058888E-03));
#1016 = CARTESIAN_POINT('',(0.692146503483,6.20638555946E-03));
#1017 = CARTESIAN_POINT('',(0.692950702844,7.586446954641E-03));
#1018 = CARTESIAN_POINT('',(0.693755844157,8.962474615121E-03));
#1019 = CARTESIAN_POINT('',(0.709100761562,3.509610976604E-02));
#1020 = CARTESIAN_POINT('',(0.723924832605,5.871097996192E-02));
#1021 = CARTESIAN_POINT('',(0.738998023512,8.123286645109E-02));
#1022 = CARTESIAN_POINT('',(0.754290312147,0.102716051576));
#1023 = CARTESIAN_POINT('',(0.769777466343,0.12321455747));
#1024 = CARTESIAN_POINT('',(0.785441172537,0.142781308901));
#1025 = CARTESIAN_POINT('',(0.801269525397,0.161467921668));
#1026 = CARTESIAN_POINT('',(0.832726621977,0.196601965917));
#1027 = CARTESIAN_POINT('',(0.848341574686,0.213098559845));
#1028 = CARTESIAN_POINT('',(0.864096675899,0.22885899363));
#1029 = CARTESIAN_POINT('',(0.879986890412,0.243921691074));
#1030 = CARTESIAN_POINT('',(0.896008423011,0.258320355019));
#1031 = CARTESIAN_POINT('',(0.912158932972,0.27208491789));
#1032 = CARTESIAN_POINT('',(0.928437748572,0.285242492237));
#1033 = CARTESIAN_POINT('',(1.003297925393,0.342617533595));
#1034 = CARTESIAN_POINT('',(1.063284986467,0.379950432154));
#1035 = CARTESIAN_POINT('',(1.124969308429,0.411075909309));
#1036 = CARTESIAN_POINT('',(1.188362605625,0.436426980919));
#1037 = CARTESIAN_POINT('',(1.253441724183,0.4563659945));
#1038 = CARTESIAN_POINT('',(1.320141789097,0.471075953075));
#1039 = CARTESIAN_POINT('',(1.388419697381,0.480722878037));
#1040 = CARTESIAN_POINT('',(1.458324616533,0.485357890588));
#1041 = ( GEOMETRIC_REPRESENTATION_CONTEXT(2) 
PARAMETRIC_REPRESENTATION_CONTEXT() REPRESENTATION_CONTEXT('2D SPACE',''
  ) );
#1042 = PCURVE('',#1043,#1079);
#1043 = ( BOUNDED_SURFACE() B_SPLINE_SURFACE(2,2,(
    (#1044,#1045,#1046,#1047,#1048)
    ,(#1049,#1050,#1051,#1052,#1053)
    ,(#1054,#1055,#1056,#1057,#1058)
    ,(#1059,#1060,#1061,#1062,#1063)
    ,(#1064,#1065,#1066,#1067,#1068)
    ,(#1069,#1070,#1071,#1072,#1073)
    ,(#1074,#1075,#1076,#1077,#1078
)),.UNSPECIFIED.,.T.,.F.,.F.) B_SPLINE_SURFACE_WITH_KNOTS((1,2,2,2,2,1),
  (3,2,3),(-2.094395102393,0.,2.094395102393,4.188790204786,
    6.28318530718,8.377580409573),(-1.570796326795,0.,1.570796326795),
.UNSPECIFIED.) GEOMETRIC_REPRESENTATION_ITEM() RATIONAL_B_SPLINE_SURFACE
((
    (1.,0.707106781187,1.,0.707106781187,1.)
    ,(0.5,0.353553390593,0.5,0.353553390593,0.5)
    ,(1.,0.707106781187,1.,0.707106781187,1.)
    ,(0.5,0.353553390593,0.5,0.353553390593,0.5)
    ,(1.,0.707106781187,1.,0.707106781187,1.)
    ,(0.5,0.353553390593,0.5,0.353553390593,0.5)
,(1.,0.707106781187,1.,0.707106781187,1.
))) REPRESENTATION_ITEM('') SURFACE() );
#1044 = CARTESIAN_POINT('',(-7.5,4.,-5.9));
#1045 = CARTESIAN_POINT('',(-1.5,4.,-5.9));
#1046 = CARTESIAN_POINT('',(-1.5,4.,-2.5));
#1047 = CARTESIAN_POINT('',(-1.5,4.,0.9));
#1048 = CARTESIAN_POINT('',(-7.5,4.,0.9));
#1049 = CARTESIAN_POINT('',(-7.5,4.,-5.9));
#1050 = CARTESIAN_POINT('',(-1.5,13.006664199358,-5.9));
#1051 = CARTESIAN_POINT('',(-1.5,13.006664199358,-2.5));
#1052 = CARTESIAN_POINT('',(-1.5,13.006664199358,0.9));
#1053 = CARTESIAN_POINT('',(-7.5,4.,0.9));
#1054 = CARTESIAN_POINT('',(-7.5,4.,-5.9));
#1055 = CARTESIAN_POINT('',(-10.5,8.503332099679,-5.9));
#1056 = CARTESIAN_POINT('',(-10.5,8.503332099679,-2.5));
#1057 = CARTESIAN_POINT('',(-10.5,8.503332099679,0.9));
#1058 = CARTESIAN_POINT('',(-7.5,4.,0.9));
#1059 = CARTESIAN_POINT('',(-7.5,4.,-5.9));
#1060 = CARTESIAN_POINT('',(-19.5,4.,-5.9));
#1061 = CARTESIAN_POINT('',(-19.5,4.,-2.5));
#1062 = CARTESIAN_POINT('',(-19.5,4.,0.9));
#1063 = CARTESIAN_POINT('',(-7.5,4.,0.9));
#1064 = CARTESIAN_POINT('',(-7.5,4.,-5.9));
#1065 = CARTESIAN_POINT('',(-10.5,-0.503332099679,-5.9));
#1066 = CARTESIAN_POINT('',(-10.5,-0.503332099679,-2.5));
#1067 = CARTESIAN_POINT('',(-10.5,-0.503332099679,0.9));
#1068 = CARTESIAN_POINT('',(-7.5,4.,0.9));
#1069 = CARTESIAN_POINT('',(-7.5,4.,-5.9));
#1070 = CARTESIAN_POINT('',(-1.5,-5.006664199358,-5.9));
#1071 = CARTESIAN_POINT('',(-1.5,-5.006664199358,-2.5));
#1072 = CARTESIAN_POINT('',(-1.5,-5.006664199358,0.9));
#1073 = CARTESIAN_POINT('',(-7.5,4.,0.9));
#1074 = CARTESIAN_POINT('',(-7.5,4.,-5.9));
#1075 = CARTESIAN_POINT('',(-1.5,4.,-5.9));
#1076 = CARTESIAN_POINT('',(-1.5,4.,-2.5));
#1077 = CARTESIAN_POINT('',(-1.5,4.,0.9));
#1078 = CARTESIAN_POINT('',(-7.5,4.,0.9));
#1079 = DEFINITIONAL_REPRESENTATION('',(#1080),#1377);
#1080 = B_SPLINE_CURVE_WITH_KNOTS('',8,(#1081,#1082,#1083,#1084,#1085,
    #1086,#1087,#1088,#1089,#1090,#1091,#1092,#1093,#1094,#1095,#1096,
    #1097,#1098,#1099,#1100,#1101,#1102,#1103,#1104,#1105,#1106,#1107,
    #1108,#1109,#1110,#1111,#1112,#1113,#1114,#1115,#1116,#1117,#1118,
    #1119,#1120,#1121,#1122,#1123,#1124,#1125,#1126,#1127,#1128,#1129,
    #1130,#1131,#1132,#1133,#1134,#1135,#1136,#1137,#1138,#1139,#1140,
    #1141,#1142,#1143,#1144,#1145,#1146,#1147,#1148,#1149,#1150,#1151,
    #1152,#1153,#1154,#1155,#1156,#1157,#1158,#1159,#1160,#1161,#1162,
    #1163,#1164,#1165,#1166,#1167,#1168,#1169,#1170,#1171,#1172,#1173,
    #1174,#1175,#1176,#1177,#1178,#1179,#1180,#1181,#1182,#1183,#1184,
    #1185,#1186,#1187,#1188,#1189,#1190,#1191,#1192,#1193,#1194,#1195,
    #1196,#1197,#1198,#1199,#1200,#1201,#1202,#1203,#1204,#1205,#1206,
    #1207,#1208,#1209,#1210,#1211,#1212,#1213,#1214,#1215,#1216,#1217,
    #1218,#1219,#1220,#1221,#1222,#1223,#1224,#1225,#1226,#1227,#1228,
    #1229,#1230,#1231,#1232,#1233,#1234,#1235,#1236,#1237,#1238,#1239,
    #1240,#1241,#1242,#1243,#1244,#1245,#1246,#1247,#1248,#1249,#1250,
    #1251,#1252,#1253,#1254,#1255,#1256,#1257,#1258,#1259,#1260,#1261,
    #1262,#1263,#1264,#1265,#1266,#1267,#1268,#1269,#1270,#1271,#1272,
    #1273,#1274,#1275,#1276,#1277,#1278,#1279,#1280,#1281,#1282,#1283,
    #1284,#1285,#1286,#1287,#1288,#1289,#1290,#1291,#1292,#1293,#1294,
    #1295,#1296,#1297,#1298,#1299,#1300,#1301,#1302,#1303,#1304,#1305,
    #1306,#1307,#1308,#1309,#1310,#1311,#1312,#1313,#1314,#1315,#1316,
    #1317,#1318,#1319,#1320,#1321,#1322,#1323,#1324,#1325,#1326,#1327,
    #1328,#1329,#1330,#1331,#1332,#1333,#1334,#1335,#1336,#1337,#1338,
    #1339,#1340,#1341,#1342,#1343,#1344,#1345,#1346,#1347,#1348,#1349,
    #1350,#1351,#1352,#1353,#1354,#1355,#1356,#1357,#1358,#1359,#1360,
    #1361,#1362,#1363,#1364,#1365,#1366,#1367,#1368,#1369,#1370,#1371,
    #1372,#1373,#1374,#1375,#1376),.UNSPECIFIED.,.T.,.F.,(9,7,7,7,7,7,7,
    7,7,7,7,7,7,7,7,7,7,7,7,7,7,7,7,7,7,7,7,7,7,7,7,7,7,7,7,7,7,7,7,7,7,
    7,9),(0.,2.436147115874E-02,0.126027497637,0.128203799959,
    0.192393511559,0.222880561872,0.22517969959,0.233349550387,
    0.237323015684,0.241361239481,0.250916502832,0.269948736373,
    0.288212064838,0.297236688502,0.313937914853,0.323630816135,
    0.328712871656,0.333919084037,0.383412985808,0.425932271246,
    0.458723710534,0.466800329936,0.472413956551,0.4764447221,
    0.488579425509,0.505328646513,0.540475179216,0.552857064542,
    0.578519792175,0.609429714596,0.646929727264,0.700118162008,
    0.720849683353,0.737702801272,0.746847335391,0.765305029252,
    0.78412510127,0.79363954776,0.811579467877,0.813489278189,
    0.847938639613,0.88126842251,1.),.UNSPECIFIED.);
#1081 = CARTESIAN_POINT('',(1.49502115338,-0.119564680062));
#1082 = CARTESIAN_POINT('',(1.502374437779,-0.119125229035));
#1083 = CARTESIAN_POINT('',(1.509741217995,-0.118783506008));
#1084 = CARTESIAN_POINT('',(1.517121564357,-0.118539125221));
#1085 = CARTESIAN_POINT('',(1.524515551159,-0.118391770441));
#1086 = CARTESIAN_POINT('',(1.531923256668,-0.118341194965));
#1087 = CARTESIAN_POINT('',(1.539344763115,-0.118387221618));
#1088 = CARTESIAN_POINT('',(1.546780156702,-0.118529742755));
#1089 = CARTESIAN_POINT('',(1.585317466989,-0.119766028382));
#1090 = CARTESIAN_POINT('',(1.61663259057,-0.122442585974));
#1091 = CARTESIAN_POINT('',(1.648200964579,-0.126793696388));
#1092 = CARTESIAN_POINT('',(1.680033033569,-0.132839311071));
#1093 = CARTESIAN_POINT('',(1.712126208442,-0.140622121422));
#1094 = CARTESIAN_POINT('',(1.744465122098,-0.15020355973));
#1095 = CARTESIAN_POINT('',(1.777021177824,-0.161673647033));
#1096 = CARTESIAN_POINT('',(1.810453685917,-0.175479975416));
#1097 = CARTESIAN_POINT('',(1.811154391565,-0.17577024424));
#1098 = CARTESIAN_POINT('',(1.811855286853,-0.176061498018));
#1099 = CARTESIAN_POINT('',(1.812556419131,-0.176353758528));
#1100 = CARTESIAN_POINT('',(1.813257771338,-0.176647021055));
#1101 = CARTESIAN_POINT('',(1.81395930462,-0.176941271919));
#1102 = CARTESIAN_POINT('',(1.814661000953,-0.177236506009));
#1103 = CARTESIAN_POINT('',(1.836065482932,-0.186270248968));
#1104 = CARTESIAN_POINT('',(1.85692010143,-0.195869118978));
#1105 = CARTESIAN_POINT('',(1.877919549357,-0.206384579484));
#1106 = CARTESIAN_POINT('',(1.899035043168,-0.217877059179));
#1107 = CARTESIAN_POINT('',(1.920213574289,-0.230413479787));
#1108 = CARTESIAN_POINT('',(1.941376155068,-0.244066105955));
#1109 = CARTESIAN_POINT('',(1.962412785738,-0.258917326855));
#1110 = CARTESIAN_POINT('',(1.993028633385,-0.282754641344));
#1111 = CARTESIAN_POINT('',(2.002819507673,-0.290722456094));
#1112 = CARTESIAN_POINT('',(2.012524883614,-0.298992481085));
#1113 = CARTESIAN_POINT('',(2.022121566394,-0.307573901305));
#1114 = CARTESIAN_POINT('',(2.031580777858,-0.316474235344));
#1115 = CARTESIAN_POINT('',(2.040868064653,-0.325698780012));
#1116 = CARTESIAN_POINT('',(2.049943206383,-0.335250054964));
#1117 = CARTESIAN_POINT('',(2.059425039088,-0.345872121794));
#1118 = CARTESIAN_POINT('',(2.060088454121,-0.346618813559));
#1119 = CARTESIAN_POINT('',(2.060750679384,-0.347367693717));
#1120 = CARTESIAN_POINT('',(2.061411421249,-0.34811845795));
#1121 = CARTESIAN_POINT('',(2.062070710147,-0.348871164301));
#1122 = CARTESIAN_POINT('',(2.062728663279,-0.349625968026));
#1123 = CARTESIAN_POINT('',(2.063385108192,-0.350382700796));
#1124 = CARTESIAN_POINT('',(2.066367545832,-0.353837582236));
#1125 = CARTESIAN_POINT('',(2.068676406016,-0.356558891674));
#1126 = CARTESIAN_POINT('',(2.07096573607,-0.359305427966));
#1127 = CARTESIAN_POINT('',(2.073234555037,-0.362077216365));
#1128 = CARTESIAN_POINT('',(2.075481839099,-0.364874249269));
#1129 = CARTESIAN_POINT('',(2.077706521579,-0.367696486225));
#1130 = CARTESIAN_POINT('',(2.079907492937,-0.370543853926));
#1131 = CARTESIAN_POINT('',(2.083141966366,-0.374813254723));
#1132 = CARTESIAN_POINT('',(2.084194450419,-0.376216181163));
#1133 = CARTESIAN_POINT('',(2.085240920227,-0.377625012505));
#1134 = CARTESIAN_POINT('',(2.086281240813,-0.379039733191));
#1135 = CARTESIAN_POINT('',(2.087315274932,-0.380460325127));
#1136 = CARTESIAN_POINT('',(2.08834288307,-0.381886767692));
#1137 = CARTESIAN_POINT('',(2.089363923441,-0.383319037731));
#1138 = CARTESIAN_POINT('',(2.091409111804,-0.386218618706));
#1139 = CARTESIAN_POINT('',(2.092433322067,-0.387686113328));
#1140 = CARTESIAN_POINT('',(2.093449002663,-0.389159609034));
#1141 = CARTESIAN_POINT('',(2.094460086337,-0.390638976583));
#1142 = CARTESIAN_POINT('',(2.095463120381,-0.392124259931));
#1143 = CARTESIAN_POINT('',(2.096454820448,-0.393615497801));
#1144 = CARTESIAN_POINT('',(2.097439412144,-0.395112547692));
#1145 = CARTESIAN_POINT('',(2.100722753883,-0.400171493816));
#1146 = CARTESIAN_POINT('',(2.102981078543,-0.403760083946));
#1147 = CARTESIAN_POINT('',(2.105188005638,-0.407380603205));
#1148 = CARTESIAN_POINT('',(2.10734175321,-0.411032354967));
#1149 = CARTESIAN_POINT('',(2.109440521747,-0.414714524432));
#1150 = CARTESIAN_POINT('',(2.111482494183,-0.418426178624));
#1151 = CARTESIAN_POINT('',(2.113465835897,-0.422166266394));
#1152 = CARTESIAN_POINT('',(2.119218656985,-0.433437453824));
#1153 = CARTESIAN_POINT('',(2.122809147148,-0.441050328759));
#1154 = CARTESIAN_POINT('',(2.126145129115,-0.448761800206));
#1155 = CARTESIAN_POINT('',(2.129212241394,-0.456560226188));
#1156 = CARTESIAN_POINT('',(2.131997165356,-0.464432634324));
#1157 = CARTESIAN_POINT('',(2.134487993485,-0.472364590385));
#1158 = CARTESIAN_POINT('',(2.136674597632,-0.48034006685));
#1159 = CARTESIAN_POINT('',(2.140347670897,-0.496019304589));
#1160 = CARTESIAN_POINT('',(2.141859183532,-0.503722361122));
#1161 = CARTESIAN_POINT('',(2.143076439365,-0.511434849488));
#1162 = CARTESIAN_POINT('',(2.143994744134,-0.519141904231));
#1163 = CARTESIAN_POINT('',(2.144611629059,-0.526829399795));
#1164 = CARTESIAN_POINT('',(2.144926674786,-0.534483924314));
#1165 = CARTESIAN_POINT('',(2.14494133532,-0.542092753398));
#1166 = CARTESIAN_POINT('',(2.144519131435,-0.553375102688));
#1167 = CARTESIAN_POINT('',(2.144306908578,-0.557092472158));
#1168 = CARTESIAN_POINT('',(2.144022483164,-0.560794600105));
#1169 = CARTESIAN_POINT('',(2.143666311727,-0.564480242125));
#1170 = CARTESIAN_POINT('',(2.143238917559,-0.568148241631));
#1171 = CARTESIAN_POINT('',(2.142740890716,-0.571797529855));
#1172 = CARTESIAN_POINT('',(2.142172888013,-0.57542712585));
#1173 = CARTESIAN_POINT('',(2.140356310748,-0.585715074667));
#1174 = CARTESIAN_POINT('',(2.138939783446,-0.592323417049));
#1175 = CARTESIAN_POINT('',(2.137290493485,-0.598855663157));
#1176 = CARTESIAN_POINT('',(2.135413345709,-0.605307263274));
#1177 = CARTESIAN_POINT('',(2.133313533046,-0.611674548096));
#1178 = CARTESIAN_POINT('',(2.130996362119,-0.617954658386));
#1179 = CARTESIAN_POINT('',(2.128467078853,-0.624145474627));
#1180 = CARTESIAN_POINT('',(2.124142576728,-0.63378584935));
#1181 = CARTESIAN_POINT('',(2.122484705444,-0.637295566367));
#1182 = CARTESIAN_POINT('',(2.120758076955,-0.640774416766));
#1183 = CARTESIAN_POINT('',(2.118963662948,-0.644222169198));
#1184 = CARTESIAN_POINT('',(2.117102410072,-0.647638641925));
#1185 = CARTESIAN_POINT('',(2.115175239941,-0.651023702824));
#1186 = CARTESIAN_POINT('',(2.11318304913,-0.654377269387));
#1187 = CARTESIAN_POINT('',(2.110048555849,-0.659441077031));
#1188 = CARTESIAN_POINT('',(2.108952767454,-0.661174176121));
#1189 = CARTESIAN_POINT('',(2.107839468859,-0.662898599811));
#1190 = CARTESIAN_POINT('',(2.106708782583,-0.664614344249));
#1191 = CARTESIAN_POINT('',(2.105560828802,-0.666321407902));
#1192 = CARTESIAN_POINT('',(2.104395725349,-0.668019791561));
#1193 = CARTESIAN_POINT('',(2.103213587711,-0.669709498342));
#1194 = CARTESIAN_POINT('',(2.100786176823,-0.673112637454));
#1195 = CARTESIAN_POINT('',(2.099540472257,-0.674825651749));
#1196 = CARTESIAN_POINT('',(2.098275278499,-0.676529530238));
#1197 = CARTESIAN_POINT('',(2.096995667633,-0.67822438727));
#1198 = CARTESIAN_POINT('',(2.095697501067,-0.679910139995));
#1199 = CARTESIAN_POINT('',(2.094378518179,-0.681586749507));
#1200 = CARTESIAN_POINT('',(2.093047306063,-0.683254413859));
#1201 = CARTESIAN_POINT('',(2.078897062119,-0.700681373275));
#1202 = CARTESIAN_POINT('',(2.064738850934,-0.71562685723));
#1203 = CARTESIAN_POINT('',(2.049376637395,-0.729780154321));
#1204 = CARTESIAN_POINT('',(2.032947221673,-0.743162494949));
#1205 = CARTESIAN_POINT('',(2.015575991366,-0.755791446322));
#1206 = CARTESIAN_POINT('',(1.99737768633,-0.767684301442));
#1207 = CARTESIAN_POINT('',(1.978455393356,-0.778859114023));
#1208 = CARTESIAN_POINT('',(1.94209618282,-0.798331624838));
#1209 = CARTESIAN_POINT('',(1.924838595817,-0.80680602788));
#1210 = CARTESIAN_POINT('',(1.907185628792,-0.814767653463));
#1211 = CARTESIAN_POINT('',(1.889204342801,-0.822220751745));
#1212 = CARTESIAN_POINT('',(1.870971223008,-0.829166025369));
#1213 = CARTESIAN_POINT('',(1.852573232153,-0.835603497921));
#1214 = CARTESIAN_POINT('',(1.834106935319,-0.841534983546));
#1215 = CARTESIAN_POINT('',(1.80146127876,-0.851154751589));
#1216 = CARTESIAN_POINT('',(1.78726820974,-0.855045635259));
#1217 = CARTESIAN_POINT('',(1.773151953975,-0.858639032231));
#1218 = CARTESIAN_POINT('',(1.759172487696,-0.861936911193));
#1219 = CARTESIAN_POINT('',(1.745391263791,-0.864944177573));
#1220 = CARTESIAN_POINT('',(1.731868204348,-0.867669230414));
#1221 = CARTESIAN_POINT('',(1.718658720276,-0.870123884585));
#1222 = CARTESIAN_POINT('',(1.70264627047,-0.872864222166));
#1223 = CARTESIAN_POINT('',(1.699503613425,-0.873390279091));
#1224 = CARTESIAN_POINT('',(1.696383452524,-0.873901057006));
#1225 = CARTESIAN_POINT('',(1.693286401282,-0.874396793972));
#1226 = CARTESIAN_POINT('',(1.690213021083,-0.874877738179));
#1227 = CARTESIAN_POINT('',(1.687163821184,-0.875344147954));
#1228 = CARTESIAN_POINT('',(1.684139258711,-0.875796291755));
#1229 = CARTESIAN_POINT('',(1.679054932541,-0.876538987291));
#1230 = CARTESIAN_POINT('',(1.676982221722,-0.87683676861));
#1231 = CARTESIAN_POINT('',(1.674921740321,-0.877127885383));
#1232 = CARTESIAN_POINT('',(1.672873609084,-0.877412432175));
#1233 = CARTESIAN_POINT('',(1.67083793538,-0.877690504862));
#1234 = CARTESIAN_POINT('',(1.668814813209,-0.877962200633));
#1235 = CARTESIAN_POINT('',(1.666804323196,-0.878227617989));
#1236 = CARTESIAN_POINT('',(1.663372054297,-0.878672998553));
#1237 = CARTESIAN_POINT('',(1.661940178853,-0.878856466826));
#1238 = CARTESIAN_POINT('',(1.660510159417,-0.879037374392));
#1239 = CARTESIAN_POINT('',(1.659082690686,-0.8792156466));
#1240 = CARTESIAN_POINT('',(1.65765757362,-0.879391324464));
#1241 = CARTESIAN_POINT('',(1.656234418621,-0.879564473315));
#1242 = CARTESIAN_POINT('',(1.654813641584,-0.879735053482));
#1243 = CARTESIAN_POINT('',(1.649124179121,-0.880409045612));
#1244 = CARTESIAN_POINT('',(1.644873132703,-0.880892055939));
#1245 = CARTESIAN_POINT('',(1.640641159715,-0.881352616664));
#1246 = CARTESIAN_POINT('',(1.636427475056,-0.881791176863));
#1247 = CARTESIAN_POINT('',(1.632231216814,-0.8822081585));
#1248 = CARTESIAN_POINT('',(1.62805144626,-0.882603956424));
#1249 = CARTESIAN_POINT('',(1.623887147849,-0.882978938374));
#1250 = CARTESIAN_POINT('',(1.614009202593,-0.883822761377));
#1251 = CARTESIAN_POINT('',(1.608308624305,-0.884273054265));
#1252 = CARTESIAN_POINT('',(1.602632583283,-0.884685226871));
#1253 = CARTESIAN_POINT('',(1.596977991826,-0.885060047844));
#1254 = CARTESIAN_POINT('',(1.591341585601,-0.885398151253));
#1255 = CARTESIAN_POINT('',(1.585719923647,-0.885700036586));
#1256 = CARTESIAN_POINT('',(1.580109388372,-0.885966068751));
#1257 = CARTESIAN_POINT('',(1.562748435679,-0.886679968547));
#1258 = CARTESIAN_POINT('',(1.551024589481,-0.887006510864));
#1259 = CARTESIAN_POINT('',(1.539298070102,-0.887178186014));
#1260 = CARTESIAN_POINT('',(1.527532369114,-0.88719399188));
#1261 = CARTESIAN_POINT('',(1.515691479369,-0.88704961757));
#1262 = CARTESIAN_POINT('',(1.503741148586,-0.886737358123));
#1263 = CARTESIAN_POINT('',(1.491650953682,-0.886246169606));
#1264 = CARTESIAN_POINT('',(1.475080279982,-0.885320788575));
#1265 = CARTESIAN_POINT('',(1.470743302661,-0.88505576438));
#1266 = CARTESIAN_POINT('',(1.466385306521,-0.884766172437));
#1267 = CARTESIAN_POINT('',(1.462005503213,-0.884451362788));
#1268 = CARTESIAN_POINT('',(1.457603273401,-0.884110655092));
#1269 = CARTESIAN_POINT('',(1.453178166758,-0.883743338624));
#1270 = CARTESIAN_POINT('',(1.448729901969,-0.883348672274));
#1271 = CARTESIAN_POINT('',(1.434990651188,-0.88204961361));
#1272 = CARTESIAN_POINT('',(1.42562231724,-0.881052501086));
#1273 = CARTESIAN_POINT('',(1.416153581877,-0.87992786517));
#1274 = CARTESIAN_POINT('',(1.406587598246,-0.878668706467));
#1275 = CARTESIAN_POINT('',(1.396930948493,-0.877267993343));
#1276 = CARTESIAN_POINT('',(1.387193841166,-0.87571899556));
#1277 = CARTESIAN_POINT('',(1.377390013143,-0.874015666162));
#1278 = CARTESIAN_POINT('',(1.355667901967,-0.869909637005));
#1279 = CARTESIAN_POINT('',(1.343725414098,-0.867434875113));
#1280 = CARTESIAN_POINT('',(1.331737817399,-0.864719763455));
#1281 = CARTESIAN_POINT('',(1.319736145691,-0.861756960717));
#1282 = CARTESIAN_POINT('',(1.307752388092,-0.858540704827));
#1283 = CARTESIAN_POINT('',(1.295818355398,-0.855066711002));
#1284 = CARTESIAN_POINT('',(1.283964546457,-0.851332069789));
#1285 = CARTESIAN_POINT('',(1.257969299209,-0.842486063831));
#1286 = CARTESIAN_POINT('',(1.243879141534,-0.83725090236));
#1287 = CARTESIAN_POINT('',(1.229994484196,-0.831624938091));
#1288 = CARTESIAN_POINT('',(1.216357595664,-0.82560517069));
#1289 = CARTESIAN_POINT('',(1.203006284981,-0.81918959311));
#1290 = CARTESIAN_POINT('',(1.189973722394,-0.812376265999));
#1291 = CARTESIAN_POINT('',(1.17728886582,-0.805162195502));
#1292 = CARTESIAN_POINT('',(1.147515561961,-0.786733871361));
#1293 = CARTESIAN_POINT('',(1.130818815456,-0.775117329083));
#1294 = CARTESIAN_POINT('',(1.114948046514,-0.762672617312));
#1295 = CARTESIAN_POINT('',(1.099973574577,-0.749380779467));
#1296 = CARTESIAN_POINT('',(1.085973933014,-0.735222968129));
#1297 = CARTESIAN_POINT('',(1.073033918918,-0.720180304841));
#1298 = CARTESIAN_POINT('',(1.061245344594,-0.704230353979));
#1299 = CARTESIAN_POINT('',(1.046608909068,-0.680751365249));
#1300 = CARTESIAN_POINT('',(1.042696250843,-0.674025082961));
#1301 = CARTESIAN_POINT('',(1.038982420868,-0.66715620983));
#1302 = CARTESIAN_POINT('',(1.03547467937,-0.660144122407));
#1303 = CARTESIAN_POINT('',(1.032180833909,-0.652988844269));
#1304 = CARTESIAN_POINT('',(1.029109092035,-0.645691112846));
#1305 = CARTESIAN_POINT('',(1.026267913937,-0.638252446253));
#1306 = CARTESIAN_POINT('',(1.021550601331,-0.624515505189));
#1307 = CARTESIAN_POINT('',(1.019593454001,-0.618264478429));
#1308 = CARTESIAN_POINT('',(1.01779904647,-0.611923592123));
#1309 = CARTESIAN_POINT('',(1.016172140397,-0.605494981872));
#1310 = CARTESIAN_POINT('',(1.014717486757,-0.59898152699));
#1311 = CARTESIAN_POINT('',(1.013439676851,-0.592386920897));
#1312 = CARTESIAN_POINT('',(1.012342993322,-0.585715741518));
#1313 = CARTESIAN_POINT('',(1.010936553555,-0.575315180266));
#1314 = CARTESIAN_POINT('',(1.010496291587,-0.571635951542));
#1315 = CARTESIAN_POINT('',(1.01011110533,-0.567936745479));
#1316 = CARTESIAN_POINT('',(1.009781562212,-0.564218561712));
#1317 = CARTESIAN_POINT('',(1.009508167024,-0.560482489548));
#1318 = CARTESIAN_POINT('',(1.009291361919,-0.556729707965));
#1319 = CARTESIAN_POINT('',(1.009131526418,-0.55296148561));
#1320 = CARTESIAN_POINT('',(1.008821988356,-0.541544825314));
#1321 = CARTESIAN_POINT('',(1.008848335155,-0.533852289116));
#1322 = CARTESIAN_POINT('',(1.009110563296,-0.526113782104));
#1323 = CARTESIAN_POINT('',(1.00960969025,-0.518342173313));
#1324 = CARTESIAN_POINT('',(1.010345081076,-0.510551018562));
#1325 = CARTESIAN_POINT('',(1.011314324035,-0.502754588093));
#1326 = CARTESIAN_POINT('',(1.012513106212,-0.494967894211));
#1327 = CARTESIAN_POINT('',(1.015384989694,-0.479293169221));
#1328 = CARTESIAN_POINT('',(1.017067206484,-0.471404776226));
#1329 = CARTESIAN_POINT('',(1.01897507841,-0.463558284344));
#1330 = CARTESIAN_POINT('',(1.021100271526,-0.455768848841));
#1331 = CARTESIAN_POINT('',(1.023433080196,-0.448050157392));
#1332 = CARTESIAN_POINT('',(1.025962728251,-0.440414551644));
#1333 = CARTESIAN_POINT('',(1.028677670154,-0.432873148758));
#1334 = CARTESIAN_POINT('',(1.033026026527,-0.421676109863));
#1335 = CARTESIAN_POINT('',(1.034530534542,-0.417942687314));
#1336 = CARTESIAN_POINT('',(1.036077897424,-0.414236846689));
#1337 = CARTESIAN_POINT('',(1.037666611128,-0.410559626297));
#1338 = CARTESIAN_POINT('',(1.039295186357,-0.406911951393));
#1339 = CARTESIAN_POINT('',(1.040962148556,-0.403294634178));
#1340 = CARTESIAN_POINT('',(1.04266603792,-0.399708373797));
#1341 = CARTESIAN_POINT('',(1.047685073125,-0.389451364003));
#1342 = CARTESIAN_POINT('',(1.051090868928,-0.382861615757));
#1343 = CARTESIAN_POINT('',(1.054613304278,-0.376388275601));
#1344 = CARTESIAN_POINT('',(1.058243338665,-0.370033936383));
#1345 = CARTESIAN_POINT('',(1.061972463274,-0.363800153433));
#1346 = CARTESIAN_POINT('',(1.06579278066,-0.357687578193));
#1347 = CARTESIAN_POINT('',(1.069697084439,-0.351696091848));
#1348 = CARTESIAN_POINT('',(1.074102830868,-0.345199920101));
#1349 = CARTESIAN_POINT('',(1.074527597604,-0.344576270474));
#1350 = CARTESIAN_POINT('',(1.074953348536,-0.34395381766));
#1351 = CARTESIAN_POINT('',(1.075380045431,-0.3433326072));
#1352 = CARTESIAN_POINT('',(1.075807641161,-0.34271269778));
#1353 = CARTESIAN_POINT('',(1.076236138303,-0.342094074697));
#1354 = CARTESIAN_POINT('',(1.076665567636,-0.341476681598));
#1355 = CARTESIAN_POINT('',(1.084858024763,-0.329747092965));
#1356 = CARTESIAN_POINT('',(1.092910812566,-0.319048906272));
#1357 = CARTESIAN_POINT('',(1.101210611691,-0.308765941807));
#1358 = CARTESIAN_POINT('',(1.109719588354,-0.298893108515));
#1359 = CARTESIAN_POINT('',(1.118405686488,-0.289421613421));
#1360 = CARTESIAN_POINT('',(1.127242638436,-0.280339962678));
#1361 = CARTESIAN_POINT('',(1.136210013108,-0.271634643159));
#1362 = CARTESIAN_POINT('',(1.154081389988,-0.255217504937));
#1363 = CARTESIAN_POINT('',(1.162975949997,-0.247484422118));
#1364 = CARTESIAN_POINT('',(1.171962827657,-0.240078286866));
#1365 = CARTESIAN_POINT('',(1.181029995697,-0.23298709917));
#1366 = CARTESIAN_POINT('',(1.190167470433,-0.226199648208));
#1367 = CARTESIAN_POINT('',(1.19936722867,-0.219705352297));
#1368 = CARTESIAN_POINT('',(1.208623124598,-0.213494098834));
#1369 = CARTESIAN_POINT('',(1.251087811672,-0.186402935966));
#1370 = CARTESIAN_POINT('',(1.284840564779,-0.168756654141));
#1371 = CARTESIAN_POINT('',(1.319056925022,-0.154114972482));
#1372 = CARTESIAN_POINT('',(1.353641124141,-0.14225827741));
#1373 = CARTESIAN_POINT('',(1.388530616443,-0.132985298028));
#1374 = CARTESIAN_POINT('',(1.42370200214,-0.126168979826));
#1375 = CARTESIAN_POINT('',(1.459172531309,-0.121707085137));
#1376 = CARTESIAN_POINT('',(1.49502115338,-0.119564680062));
#1377 = ( GEOMETRIC_REPRESENTATION_CONTEXT(2) 
PARAMETRIC_REPRESENTATION_CONTEXT() REPRESENTATION_CONTEXT('2D SPACE',''
  ) );
#1378 = ADVANCED_FACE('',(#1379),#1043,.T.);
#1379 = FACE_BOUND('',#1380,.T.);
#1380 = EDGE_LOOP('',(#1381));
#1381 = ORIENTED_EDGE('',*,*,#405,.F.);
#1382 = ( GEOMETRIC_REPRESENTATION_CONTEXT(3) 
GLOBAL_UNCERTAINTY_ASSIGNED_CONTEXT((#1386)) 
GLOBAL_UNIT_ASSIGNED_CONTEXT((#1383,#1384,#1385)) REPRESENTATION_CONTEXT
('Context #1','3D Context with UNIT and UNCERTAINTY') );
#1383 = ( LENGTH_UNIT() NAMED_UNIT(*) SI_UNIT(.MILLI.,.METRE.) );
#1384 = ( NAMED_UNIT(*) PLANE_ANGLE_UNIT() SI_UNIT($,.RADIAN.) );
#1385 = ( NAMED_UNIT(*) SI_UNIT($,.STERADIAN.) SOLID_ANGLE_UNIT() );
#1386 = UNCERTAINTY_MEASURE_WITH_UNIT(LENGTH_MEASURE(2.E-06),#1383,
  'distance_accuracy_value','confusion accuracy');
#1387 = CONTEXT_DEPENDENT_SHAPE_REPRESENTATION(#1388,#1390);
#1388 = ( REPRESENTATION_RELATIONSHIP('','',#394,#10) 
REPRESENTATION_RELATIONSHIP_WITH_TRANSFORMATION(#1389) 
SHAPE_REPRESENTATION_RELATIONSHIP() );
#1389 = ITEM_DEFINED_TRANSFORMATION('','',#11,#19);
#1390 = PRODUCT_DEFINITION_SHAPE('Placement','Placement of an item',
  #1391);
#1391 = NEXT_ASSEMBLY_USAGE_OCCURRENCE('5','','',#5,#389,$);
#1392 = PRODUCT_RELATED_PRODUCT_CATEGORY('part',$,(#391));
#1393 = SHAPE_DEFINITION_REPRESENTATION(#1394,#1400);
#1394 = PRODUCT_DEFINITION_SHAPE('','',#1395);
#1395 = PRODUCT_DEFINITION('design','',#1396,#1399);
#1396 = PRODUCT_DEFINITION_FORMATION('','',#1397);
#1397 = PRODUCT('Open CASCADE STEP translator 7.9 4.3',
  'Open CASCADE STEP translator 7.9 4.3','',(#1398));
#1398 = PRODUCT_CONTEXT('',#2,'mechanical');
#1399 = PRODUCT_DEFINITION_CONTEXT('part definition',#2,'design');
#1400 = ADVANCED_BREP_SHAPE_REPRESENTATION('',(#11,#1401),#2388);
#1401 = MANIFOLD_SOLID_BREP('',#1402);
#1402 = CLOSED_SHELL('',(#1403,#2384));
#1403 = ADVANCED_FACE('',(#1404,#1408),#1713,.T.);
#1404 = FACE_BOUND('',#1405,.T.);
#1405 = VERTEX_LOOP('',#1406);
#1406 = VERTEX_POINT('',#1407);
#1407 = CARTESIAN_POINT('',(7.5,6.5,-2.));
#1408 = FACE_BOUND('',#1409,.T.);
#1409 = EDGE_LOOP('',(#1410));
#1410 = ORIENTED_EDGE('',*,*,#1411,.T.);
#1411 = EDGE_CURVE('',#1412,#1412,#1414,.T.);
#1412 = VERTEX_POINT('',#1413);
#1413 = CARTESIAN_POINT('',(7.735408525068,9.164549412637,
    -2.873210957002));
#1414 = SURFACE_CURVE('',#1415,(#1712,#2048),.PCURVE_S1.);
#1415 = B_SPLINE_CURVE_WITH_KNOTS('',8,(#1416,#1417,#1418,#1419,#1420,
    #1421,#1422,#1423,#1424,#1425,#1426,#1427,#1428,#1429,#1430,#1431,
    #1432,#1433,#1434,#1435,#1436,#1437,#1438,#1439,#1440,#1441,#1442,
    #1443,#1444,#1445,#1446,#1447,#1448,#1449,#1450,#1451,#1452,#1453,
    #1454,#1455,#1456,#1457,#1458,#1459,#1460,#1461,#1462,#1463,#1464,
    #1465,#1466,#1467,#1468,#1469,#1470,#1471,#1472,#1473,#1474,#1475,
    #1476,#1477,#1478,#1479,#1480,#1481,#1482,#1483,#1484,#1485,#1486,
    #1487,#1488,#1489,#1490,#1491,#1492,#1493,#1494,#1495,#1496,#1497,
    #1498,#1499,#1500,#1501,#1502,#1503,#1504,#1505,#1506,#1507,#1508,
    #1509,#1510,#1511,#1512,#1513,#1514,#1515,#1516,#1517,#1518,#1519,
    #1520,#1521,#1522,#1523,#1524,#1525,#1526,#1527,#1528,#1529,#1530,
    #1531,#1532,#1533,#1534,#1535,#1536,#1537,#1538,#1539,#1540,#1541,
    #1542,#1543,#1544,#1545,#1546,#1547,#1548,#1549,#1550,#1551,#1552,
    #1553,#1554,#1555,#1556,#1557,#1558,#1559,#1560,#1561,#1562,#1563,
    #1564,#1565,#1566,#1567,#1568,#1569,#1570,#1571,#1572,#1573,#1574,
    #1575,#1576,#1577,#1578,#1579,#1580,#1581,#1582,#1583,#1584,#1585,
    #1586,#1587,#1588,#1589,#1590,#1591,#1592,#1593,#1594,#1595,#1596,
    #1597,#1598,#1599,#1600,#1601,#1602,#1603,#1604,#1605,#1606,#1607,
    #1608,#1609,#1610,#1611,#1612,#1613,#1614,#1615,#1616,#1617,#1618,
    #1619,#1620,#1621,#1622,#1623,#1624,#1625,#1626,#1627,#1628,#1629,
    #1630,#1631,#1632,#1633,#1634,#1635,#1636,#1637,#1638,#1639,#1640,
    #1641,#1642,#1643,#1644,#1645,#1646,#1647,#1648,#1649,#1650,#1651,
    #1652,#1653,#1654,#1655,#1656,#1657,#1658,#1659,#1660,#1661,#1662,
    #1663,#1664,#1665,#1666,#1667,#1668,#1669,#1670,#1671,#1672,#1673,
    #1674,#1675,#1676,#1677,#1678,#1679,#1680,#1681,#1682,#1683,#1684,
    #1685,#1686,#1687,#1688,#1689,#1690,#1691,#1692,#1693,#1694,#1695,
    #1696,#1697,#1698,#1699,#1700,#1701,#1702,#1703,#1704,#1705,#1706,
    #1707,#1708,#1709,#1710,#1711),.UNSPECIFIED.,.T.,.F.,(9,7,7,7,7,7,7,
    7,7,7,7,7,7,7,7,7,7,7,7,7,7,7,7,7,7,7,7,7,7,7,7,7,7,7,7,7,7,7,7,7,7,
    7,9),(0.,2.436143115758E-02,0.126027305101,0.128203606334,
    0.192391917034,0.222878258792,0.225177337571,0.233346975266,
    0.237320277519,0.241358289944,0.250913057062,0.26994425443,
    0.28820635165,0.297230264308,0.313930386652,0.323622619828,
    0.328704312451,0.333910146166,0.383400187376,0.426119148211,
    0.458712087969,0.46678966856,0.47240382595,0.474364277583,
    0.488569726337,0.5053191173,0.540465094004,0.552846352012,
    0.578506521258,0.609412007567,0.646913938045,0.700235684157,
    0.720955806995,0.737689356122,0.746833726107,0.765290653662,
    0.78410903502,0.793622291596,0.811559962112,0.813469418601,
    0.847909973609,0.881227998547,1.),.UNSPECIFIED.);
#1416 = CARTESIAN_POINT('',(7.735408525068,9.164549412637,
    -2.873210957002));
#1417 = CARTESIAN_POINT('',(7.689878126571,9.166343942035,
    -2.871816484527));
#1418 = CARTESIAN_POINT('',(7.644339479783,9.167740027236,
    -2.870732290023));
#1419 = CARTESIAN_POINT('',(7.598800397234,9.168738744369,
    -2.869957027083));
#1420 = CARTESIAN_POINT('',(7.553268629031,9.169341040138,
    -2.869489607786));
#1421 = CARTESIAN_POINT('',(7.507751862855,9.169547731821,
    -2.869329202703));
#1422 = CARTESIAN_POINT('',(7.462257723965,9.169359507271,
    -2.869475240894));
#1423 = CARTESIAN_POINT('',(7.416793775197,9.168776924913,
    -2.869927409906));
#1424 = CARTESIAN_POINT('',(7.181793258635,9.163725207308,
    -2.873849990786));
#1425 = CARTESIAN_POINT('',(6.992974652423,9.152791743164,
    -2.882342949181));
#1426 = CARTESIAN_POINT('',(6.805337511228,9.135039767789,
    -2.896154418498));
#1427 = CARTESIAN_POINT('',(6.619405179206,9.110451420688,
    -2.915363871628));
#1428 = CARTESIAN_POINT('',(6.435811321888,9.078969179488,
    -2.940133404218));
#1429 = CARTESIAN_POINT('',(6.255300757749,9.040517011664,
    -2.970694403167));
#1430 = CARTESIAN_POINT('',(6.07874826923,8.994989052862,-3.007375837938
    ));
#1431 = CARTESIAN_POINT('',(5.90355364113,8.941039468459,-3.051650055619
    ));
#1432 = CARTESIAN_POINT('',(5.899884492252,8.939905537478,-3.0525809387)
  );
#1433 = CARTESIAN_POINT('',(5.896217085102,8.938768085884,
    -3.053515027028));
#1434 = CARTESIAN_POINT('',(5.892551181606,8.937627032802,-3.05445239079
    ));
#1435 = CARTESIAN_POINT('',(5.888886881511,8.93648240096,-3.055393015209
    ));
#1436 = CARTESIAN_POINT('',(5.885224398785,8.935334248139,-3.05633685678
    ));
#1437 = CARTESIAN_POINT('',(5.881563838032,8.934182598618,
    -3.057283899509));
#1438 = CARTESIAN_POINT('',(5.769989532929,8.89895494215,-3.086262913134
    ));
#1439 = CARTESIAN_POINT('',(5.663700727989,8.86182082564,-3.117095968144
    ));
#1440 = CARTESIAN_POINT('',(5.559330918077,8.821520573106,
    -3.150920205695));
#1441 = CARTESIAN_POINT('',(5.457316418704,8.77795893281,-3.187938968749
    ));
#1442 = CARTESIAN_POINT('',(5.358245829943,8.731058571302,
    -3.228374181034));
#1443 = CARTESIAN_POINT('',(5.262855250377,8.680773377949,
    -3.272460462808));
#1444 = CARTESIAN_POINT('',(5.172040680719,8.627089656105,
    -3.320455070725));
#1445 = CARTESIAN_POINT('',(5.046488733182,8.542882964948,
    -3.397495284269));
#1446 = CARTESIAN_POINT('',(5.0073631813,8.515011798455,-3.423247316487)
  );
#1447 = CARTESIAN_POINT('',(4.969663791886,8.486389063859,
    -3.449973453184));
#1448 = CARTESIAN_POINT('',(4.933537684605,8.457028696856,
    -3.477698890311));
#1449 = CARTESIAN_POINT('',(4.89915321422,8.426955897321,-3.506441967703
    ));
#1450 = CARTESIAN_POINT('',(4.866696609643,8.396208519995,
    -3.536212036118));
#1451 = CARTESIAN_POINT('',(4.83636861299,8.364838465166,-3.567007324283
    ));
#1452 = CARTESIAN_POINT('',(4.806270486441,8.330505466616,
    -3.601211365538));
#1453 = CARTESIAN_POINT('',(4.804173267206,8.328094825365,
    -3.603615549872));
#1454 = CARTESIAN_POINT('',(4.802088502415,8.325679969866,
    -3.606026553504));
#1455 = CARTESIAN_POINT('',(4.800017159405,8.32326191441,-3.608443390244
    ));
#1456 = CARTESIAN_POINT('',(4.797959175027,8.320840502081,
    -3.610866240183));
#1457 = CARTESIAN_POINT('',(4.795914208961,8.318415260456,
    -3.613295597709));
#1458 = CARTESIAN_POINT('',(4.793882841413,8.315986763061,
    -3.615730915847));
#1459 = CARTESIAN_POINT('',(4.784694494404,8.304912899306,
    -3.626848259141));
#1460 = CARTESIAN_POINT('',(4.777694705559,8.29622766289,-3.635601870316
    ));
#1461 = CARTESIAN_POINT('',(4.770870031948,8.287500249835,
    -3.644433198607));
#1462 = CARTESIAN_POINT('',(4.76422499773,8.278731958375,-3.653342045867
    ));
#1463 = CARTESIAN_POINT('',(4.757764202685,8.269924211236,
    -3.662328093001));
#1464 = CARTESIAN_POINT('',(4.751492322215,8.261078555641,
    -3.671390899969));
#1465 = CARTESIAN_POINT('',(4.745414107344,8.252196663308,
    -3.680529905787));
#1466 = CARTESIAN_POINT('',(4.736674782364,8.238943873097,
    -3.694225910484));
#1467 = CARTESIAN_POINT('',(4.733862127648,8.2345992726,-3.698725250209)
  );
#1468 = CARTESIAN_POINT('',(4.731096973937,8.230246737412,
    -3.703242366594));
#1469 = CARTESIAN_POINT('',(4.728379875975,8.225886484162,
    -3.707777169559));
#1470 = CARTESIAN_POINT('',(4.725711389875,8.221518737655,
    -3.712329560051));
#1471 = CARTESIAN_POINT('',(4.723092073123,8.217143730872,
    -3.716899430044));
#1472 = CARTESIAN_POINT('',(4.720522484578,8.212761704971,
    -3.721486662536));
#1473 = CARTESIAN_POINT('',(4.715442854425,8.203912636597,
    -3.730770590075));
#1474 = CARTESIAN_POINT('',(4.712934474003,8.199445392702,
    -3.735467828755));
#1475 = CARTESIAN_POINT('',(4.71047856354,8.194971310109,-3.740182852007
    ));
#1476 = CARTESIAN_POINT('',(4.708075865403,8.190490959511,
    -3.744915199083));
#1477 = CARTESIAN_POINT('',(4.705726841502,8.186004387917,-3.74966496249
    ));
#1478 = CARTESIAN_POINT('',(4.703431960558,8.181511658138,
    -3.754432217707));
#1479 = CARTESIAN_POINT('',(4.701191976138,8.177013380693,
    -3.759216459924));
#1480 = CARTESIAN_POINT('',(4.693838231983,8.161853164174,
    -3.775378230595));
#1481 = CARTESIAN_POINT('',(4.688979253102,8.1511666131,-3.786833539808)
  );
#1482 = CARTESIAN_POINT('',(4.684438369039,8.140454241493,-3.79838104566
    ));
#1483 = CARTESIAN_POINT('',(4.680223208443,8.129720491453,
    -3.810017827573));
#1484 = CARTESIAN_POINT('',(4.676341119362,8.118970081611,
    -3.821740569932));
#1485 = CARTESIAN_POINT('',(4.672799169252,8.108208007128,
    -3.833545562087));
#1486 = CARTESIAN_POINT('',(4.669604144968,8.097439539695,
    -3.845428698351));
#1487 = CARTESIAN_POINT('',(4.661102665792,8.065219897798,
    -3.881201007003));
#1488 = CARTESIAN_POINT('',(4.656843980378,8.043763627133,-3.90531147554
    ));
#1489 = CARTESIAN_POINT('',(4.65403778261,8.022348352797,-3.929677614393
    ));
#1490 = CARTESIAN_POINT('',(4.652726595187,8.001022442863,
    -3.954256147994));
#1491 = CARTESIAN_POINT('',(4.652942206749,7.979835287996,
    -3.978999659664));
#1492 = CARTESIAN_POINT('',(4.654703701217,7.958836893228,
    -4.003856456842));
#1493 = CARTESIAN_POINT('',(4.658015487117,7.938077469738,
    -4.028770436327));
#1494 = CARTESIAN_POINT('',(4.667519172084,7.897963847323,
    -4.077584764106));
#1495 = CARTESIAN_POINT('',(4.673590063962,7.878583324021,
    -4.101489565919));
#1496 = CARTESIAN_POINT('',(4.681067790633,7.859509727235,
    -4.125341912125));
#1497 = CARTESIAN_POINT('',(4.689929356665,7.840781344097,
    -4.149091553783));
#1498 = CARTESIAN_POINT('',(4.700140452415,7.822430856098,
    -4.172691421956));
#1499 = CARTESIAN_POINT('',(4.711656923322,7.804485716835,
    -4.196097613839));
#1500 = CARTESIAN_POINT('',(4.724426239203,7.786968529747,
    -4.219269378879));
#1501 = CARTESIAN_POINT('',(4.74528841237,7.761462022817,-4.253484624967
    ));
#1502 = CARTESIAN_POINT('',(4.752479669176,7.75313512388,-4.264734304202
    ));
#1503 = CARTESIAN_POINT('',(4.759955696425,7.74491861709,-4.275913977746
    ));
#1504 = CARTESIAN_POINT('',(4.767709316402,7.736814072346,
    -4.287019801152));
#1505 = CARTESIAN_POINT('',(4.775733211222,7.72882274141,-4.298048250392
    ));
#1506 = CARTESIAN_POINT('',(4.784019922832,7.720945557902,
    -4.308996121855));
#1507 = CARTESIAN_POINT('',(4.792561853008,7.713183137302,
    -4.319860532344));
#1508 = CARTESIAN_POINT('',(4.817617403538,7.69138317394,-4.350585962461
    ));
#1509 = CARTESIAN_POINT('',(4.834731187995,7.677624924313,
    -4.370238087062));
#1510 = CARTESIAN_POINT('',(4.85264459339,7.664262768174,-4.389579482643
    ));
#1511 = CARTESIAN_POINT('',(4.871309712912,7.651295455558,
    -4.408597757629));
#1512 = CARTESIAN_POINT('',(4.890679507793,7.638719200716,
    -4.427283633937));
#1513 = CARTESIAN_POINT('',(4.910708558807,7.626528136393,
    -4.445630641793));
#1514 = CARTESIAN_POINT('',(4.931353817771,7.61471476811,-4.463634814558
    ));
#1515 = CARTESIAN_POINT('',(4.96489168358,7.59662848857,-4.491543449805)
  );
#1516 = CARTESIAN_POINT('',(4.977402056751,7.590110890767,
    -4.501676380821));
#1517 = CARTESIAN_POINT('',(4.99009859431,7.583715906129,-4.511692848144
    ));
#1518 = CARTESIAN_POINT('',(5.002973700833,7.577441733209,
    -4.521592687898));
#1519 = CARTESIAN_POINT('',(5.016020069729,7.571286498022,
    -4.531375900786));
#1520 = CARTESIAN_POINT('',(5.02923068324,7.565248254043,-4.541042652087
    ));
#1521 = CARTESIAN_POINT('',(5.042598812441,7.559324982211,
    -4.550593271657));
#1522 = CARTESIAN_POINT('',(5.063206212712,7.550468169941,
    -4.564975068452));
#1523 = CARTESIAN_POINT('',(5.070335936219,7.547452786485,
    -4.569890086332));
#1524 = CARTESIAN_POINT('',(5.077506260015,7.544468143777,
    -4.574773373736));
#1525 = CARTESIAN_POINT('',(5.084716277088,7.541513943754,
    -4.579625004298));
#1526 = CARTESIAN_POINT('',(5.091965101165,7.538589887067,
    -4.584445059122));
#1527 = CARTESIAN_POINT('',(5.099251866711,7.535695673082,
    -4.589233626779));
#1528 = CARTESIAN_POINT('',(5.106575728927,7.532830999882,
    -4.593990803309));
#1529 = CARTESIAN_POINT('',(5.121475799922,7.527090861552,
    -4.603558030272));
#1530 = CARTESIAN_POINT('',(5.129053853822,7.524216824534,
    -4.608366563897));
#1531 = CARTESIAN_POINT('',(5.13666889612,7.521373213896,-4.613142257233
    ));
#1532 = CARTESIAN_POINT('',(5.14432056206,7.518559529056,-4.617885526042
    ));
#1533 = CARTESIAN_POINT('',(5.152007580467,7.515775595958,
    -4.622596235961));
#1534 = CARTESIAN_POINT('',(5.159728891158,7.51302117292,-4.627274373832
    ));
#1535 = CARTESIAN_POINT('',(5.167484548865,7.510295634373,
    -4.631920587424));
#1536 = CARTESIAN_POINT('',(5.249319408673,7.481960858199,
    -4.680400388621));
#1537 = CARTESIAN_POINT('',(5.326326383215,7.458929794706,
    -4.721349728955));
#1538 = CARTESIAN_POINT('',(5.405703883434,7.4381982196,-4.75955248735)
  );
#1539 = CARTESIAN_POINT('',(5.486961876967,7.419511187188,
    -4.795151721046));
#1540 = CARTESIAN_POINT('',(5.56969421252,7.402650666153,-4.828278385601
    ));
#1541 = CARTESIAN_POINT('',(5.653567942362,7.387425489379,
    -4.859059232565));
#1542 = CARTESIAN_POINT('',(5.738318505868,7.373666775828,
    -4.887618086256));
#1543 = CARTESIAN_POINT('',(5.89749445328,7.350492596645,-4.93690377241)
  );
#1544 = CARTESIAN_POINT('',(5.971689077986,7.340748526374,
    -4.958150162819));
#1545 = CARTESIAN_POINT('',(6.046194441368,7.331901760479,
    -4.977884761277));
#1546 = CARTESIAN_POINT('',(6.120846547387,7.323877074285,
    -4.996161822815));
#1547 = CARTESIAN_POINT('',(6.195451183453,7.316612130672,
    -5.013023993324));
#1548 = CARTESIAN_POINT('',(6.269781551732,7.310052570401,
    -5.028509703163));
#1549 = CARTESIAN_POINT('',(6.343579959143,7.304148933699,
    -5.042658728134));
#1550 = CARTESIAN_POINT('',(6.472247277811,7.294816658573,
    -5.065325463769));
#1551 = CARTESIAN_POINT('',(6.527454321654,7.291133198592,-5.07438262755
    ));
#1552 = CARTESIAN_POINT('',(6.582027623137,7.287786895074,
    -5.082701841302));
#1553 = CARTESIAN_POINT('',(6.635795434813,7.284760018101,
    -5.090300517929));
#1554 = CARTESIAN_POINT('',(6.688580341286,7.28203441204,-5.097201311648
    ));
#1555 = CARTESIAN_POINT('',(6.740208204887,7.279591094232,
    -5.103433103844));
#1556 = CARTESIAN_POINT('',(6.790517051946,7.277410286263,
    -5.109030714223));
#1557 = CARTESIAN_POINT('',(6.851472217987,7.274991477775,
    -5.115273148463));
#1558 = CARTESIAN_POINT('',(6.863489250094,7.274525951408,
    -5.116476452108));
#1559 = CARTESIAN_POINT('',(6.875415046717,7.274074983243,
    -5.117643869805));
#1560 = CARTESIAN_POINT('',(6.88724783121,7.273638255884,-5.118776040366
    ));
#1561 = CARTESIAN_POINT('',(6.898985999539,7.273215450027,
    -5.119873619833));
#1562 = CARTESIAN_POINT('',(6.910628120284,7.272806244459,
    -5.120937281478));
#1563 = CARTESIAN_POINT('',(6.922172934637,7.272410316062,
    -5.121967715803));
#1564 = CARTESIAN_POINT('',(6.941574958037,7.271761159989,
    -5.123659210793));
#1565 = CARTESIAN_POINT('',(6.949483038595,7.271501237298,
    -5.124337080593));
#1566 = CARTESIAN_POINT('',(6.957343240085,7.271247462803,-5.12499947692
    ));
#1567 = CARTESIAN_POINT('',(6.965155249243,7.270999727822,
    -5.125646638529));
#1568 = CARTESIAN_POINT('',(6.972918797531,7.270757923925,
    -5.126278805948));
#1569 = CARTESIAN_POINT('',(6.980633661139,7.270521942936,
    -5.126896221478));
#1570 = CARTESIAN_POINT('',(6.988299660983,7.270291676928,
    -5.127499129196));
#1571 = CARTESIAN_POINT('',(6.998576503256,7.269988567898,
    -5.128293328775));
#1572 = CARTESIAN_POINT('',(7.001233444031,7.269910710547,
    -5.128497381322));
#1573 = CARTESIAN_POINT('',(7.003888829409,7.269833404319,
    -5.128700040969));
#1574 = CARTESIAN_POINT('',(7.006542236657,7.269756659525,
    -5.128901279438));
#1575 = CARTESIAN_POINT('',(7.009193192398,7.269680487992,
    -5.129101064486));
#1576 = CARTESIAN_POINT('',(7.011841876678,7.2696048823,-5.129299414333)
  );
#1577 = CARTESIAN_POINT('',(7.014488814641,7.269529824875,
    -5.129496373809));
#1578 = CARTESIAN_POINT('',(7.036297372097,7.268915514516,
    -5.131108785415));
#1579 = CARTESIAN_POINT('',(7.055352086961,7.268404895715,
    -5.132451523244));
#1580 = CARTESIAN_POINT('',(7.074303346788,7.267922522518,
    -5.133722168258));
#1581 = CARTESIAN_POINT('',(7.093157294282,7.267467513621,
    -5.134922629695));
#1582 = CARTESIAN_POINT('',(7.111920568456,7.267039054463,
    -5.136054683514));
#1583 = CARTESIAN_POINT('',(7.13060030463,7.266636397227,-5.137119972392
    ));
#1584 = CARTESIAN_POINT('',(7.149204134432,7.266258860836,
    -5.138120005728));
#1585 = CARTESIAN_POINT('',(7.189595712963,7.265489579733,
    -5.140159961997));
#1586 = CARTESIAN_POINT('',(7.211356847271,7.265107405382,
    -5.141174923972));
#1587 = CARTESIAN_POINT('',(7.233036993033,7.264758297733,
    -5.142103308027));
#1588 = CARTESIAN_POINT('',(7.254650235376,7.264441389842,
    -5.142947046732));
#1589 = CARTESIAN_POINT('',(7.27621134023,7.26415595799,-5.143707742761)
  );
#1590 = CARTESIAN_POINT('',(7.29773575434,7.263901421686,-5.144386668892
    ));
#1591 = CARTESIAN_POINT('',(7.319239605255,7.263677343665,-5.14498476801
    ));
#1592 = CARTESIAN_POINT('',(7.385854289534,7.263076532165,
    -5.146589353951));
#1593 = CARTESIAN_POINT('',(7.430946305653,7.262802511567,
    -5.147322676301));
#1594 = CARTESIAN_POINT('',(7.476177627093,7.262658626816,
    -5.147708232854));
#1595 = CARTESIAN_POINT('',(7.521711461762,7.26264521077,-5.147744263105
    ));
#1596 = CARTESIAN_POINT('',(7.567712528803,7.262765757739,
    -5.147421215071));
#1597 = CARTESIAN_POINT('',(7.614343863469,7.263027027417,-5.14672152121
    ));
#1598 = CARTESIAN_POINT('',(7.661760246143,7.263439165422,
    -5.145619568559));
#1599 = CARTESIAN_POINT('',(7.727126815309,7.264218992054,
    -5.143540158718));
#1600 = CARTESIAN_POINT('',(7.744268805488,7.264442548628,
    -5.142944418855));
#1601 = CARTESIAN_POINT('',(7.76152988059,7.264687103334,-5.142293184159
    ));
#1602 = CARTESIAN_POINT('',(7.778915145169,7.26495329237,-5.141584911024
    ));
#1603 = CARTESIAN_POINT('',(7.796429153788,7.265241794953,
    -5.140817971559));
#1604 = CARTESIAN_POINT('',(7.814075911028,7.265553333319,
    -5.139990653589));
#1605 = CARTESIAN_POINT('',(7.831858871481,7.26588867272,-5.139101160652
    ));
#1606 = CARTESIAN_POINT('',(7.886924443667,7.266994615486,
    -5.136171381499));
#1607 = CARTESIAN_POINT('',(7.924668064353,7.267846356108,
    -5.133919915447));
#1608 = CARTESIAN_POINT('',(7.9630327604,7.268810923542,-5.13137685447)
  );
#1609 = CARTESIAN_POINT('',(8.002029775199,7.269896053389,-5.1285247755)
  );
#1610 = CARTESIAN_POINT('',(8.041658390736,7.271110005797,
    -5.125345737854));
#1611 = CARTESIAN_POINT('',(8.081904497318,7.272461370763,
    -5.121821967983));
#1612 = CARTESIAN_POINT('',(8.12273997925,7.273958809535,-5.117936682912
    ));
#1613 = CARTESIAN_POINT('',(8.213965136426,7.277600332034,
    -5.108542281639));
#1614 = CARTESIAN_POINT('',(8.264608669554,7.279814280794,
    -5.102862936556));
#1615 = CARTESIAN_POINT('',(8.315983166055,7.282267591764,
    -5.096610240336));
#1616 = CARTESIAN_POINT('',(8.368007775261,7.284975386263,
    -5.089759932587));
#1617 = CARTESIAN_POINT('',(8.420594638229,7.287953040537,
    -5.082290109124));
#1618 = CARTESIAN_POINT('',(8.473652380339,7.29121633274,-5.074181061797
    ));
#1619 = CARTESIAN_POINT('',(8.527089603887,7.294781589914,
    -5.065415118332));
#1620 = CARTESIAN_POINT('',(8.646014987911,7.303379130425,
    -5.044523270445));
#1621 = CARTESIAN_POINT('',(8.711640268739,7.30856214359,-5.032079495531
    ));
#1622 = CARTESIAN_POINT('',(8.777557180912,7.314246920429,
    -5.018612801239));
#1623 = CARTESIAN_POINT('',(8.843632881401,7.3204682189,-5.004092384911)
  );
#1624 = CARTESIAN_POINT('',(8.909741596897,7.327264126009,
    -4.988487723868));
#1625 = CARTESIAN_POINT('',(8.975766031482,7.334677305433,
    -4.971766598491));
#1626 = CARTESIAN_POINT('',(9.041597311484,7.34275687572,-4.953892411924
    ));
#1627 = CARTESIAN_POINT('',(9.200315397829,7.36407886032,-4.907704034099
    ));
#1628 = CARTESIAN_POINT('',(9.292826116768,7.378051360109,
    -4.878188284453));
#1629 = CARTESIAN_POINT('',(9.384431708105,7.393649563353,
    -4.846135553343));
#1630 = CARTESIAN_POINT('',(9.474815828487,7.411069770272,
    -4.811401730343));
#1631 = CARTESIAN_POINT('',(9.563573303546,7.430540326094,
    -4.773835260687));
#1632 = CARTESIAN_POINT('',(9.650208915282,7.452323365799,
    -4.733280109297));
#1633 = CARTESIAN_POINT('',(9.734127949942,7.476724521188,
    -4.689569014365));
#1634 = CARTESIAN_POINT('',(9.845877418536,7.514770653928,
    -4.624199910601));
#1635 = CARTESIAN_POINT('',(9.876620161343,7.525866995026,
    -4.605404440036));
#1636 = CARTESIAN_POINT('',(9.906787402416,7.537433124206,
    -4.586097217458));
#1637 = CARTESIAN_POINT('',(9.936326640083,7.549489588461,
    -4.566270508511));
#1638 = CARTESIAN_POINT('',(9.965179214569,7.562056692365,
    -4.545918580059));
#1639 = CARTESIAN_POINT('',(9.993280749952,7.575154111952,
    -4.525038046935));
#1640 = CARTESIAN_POINT('',(10.020561596119,7.588800508596,
    -4.503628218684));
#1641 = CARTESIAN_POINT('',(10.068256313409,7.614491251206,
    -4.463975332306));
#1642 = CARTESIAN_POINT('',(10.088980627765,7.626338206028,
    -4.445916253515));
#1643 = CARTESIAN_POINT('',(10.109080649678,7.638562636434,
    -4.427516014717));
#1644 = CARTESIAN_POINT('',(10.128513731655,7.651172015055,
    -4.408778583668));
#1645 = CARTESIAN_POINT('',(10.14723488138,7.664172213611,
    -4.389710387592));
#1646 = CARTESIAN_POINT('',(10.16519750028,7.677567058436,
    -4.370320609681));
#1647 = CARTESIAN_POINT('',(10.18235412209,7.691357886011,
    -4.350621485591));
#1648 = CARTESIAN_POINT('',(10.207566255583,7.713294880878,
    -4.31970310278));
#1649 = CARTESIAN_POINT('',(10.216220468923,7.721164355425,
    -4.308689965352));
#1650 = CARTESIAN_POINT('',(10.224611857266,7.729151239192,
    -4.297591800206));
#1651 = CARTESIAN_POINT('',(10.232732629911,7.7372549225,-4.286411547989
    ));
#1652 = CARTESIAN_POINT('',(10.240575139631,7.745474468941,
    -4.275152477447));
#1653 = CARTESIAN_POINT('',(10.24813188268,7.753808615377,-4.26381818542
    ));
#1654 = CARTESIAN_POINT('',(10.255395498785,7.76225577194,
    -4.252412596848));
#1655 = CARTESIAN_POINT('',(10.276413387692,7.788087929603,
    -4.217783690514));
#1656 = CARTESIAN_POINT('',(10.289246158589,7.805816150537,
    -4.194351862005));
#1657 = CARTESIAN_POINT('',(10.300796634174,7.82398039501,
    -4.170682597804));
#1658 = CARTESIAN_POINT('',(10.311011393042,7.842557827047,
    -4.146817180455));
#1659 = CARTESIAN_POINT('',(10.319845539302,7.861520678763,
    -4.122800070958));
#1660 = CARTESIAN_POINT('',(10.327264199825,7.880835864605,
    -4.098678923256));
#1661 = CARTESIAN_POINT('',(10.333244021504,7.900464595596,
    -4.07450459872));
#1662 = CARTESIAN_POINT('',(10.342394042041,7.940649055003,
    -4.025684359053));
#1663 = CARTESIAN_POINT('',(10.345507715805,7.961218955193,
    -4.001034179155));
#1664 = CARTESIAN_POINT('',(10.347104128452,7.982024324785,
    -3.976437986192));
#1665 = CARTESIAN_POINT('',(10.347187146098,8.003017551937,
    -3.951948946476));
#1666 = CARTESIAN_POINT('',(10.345774288388,8.024151150724,
    -3.927616172777));
#1667 = CARTESIAN_POINT('',(10.342894954569,8.045378129549,
    -3.903484849717));
#1668 = CARTESIAN_POINT('',(10.338588649568,8.066652359543,
    -3.879596359173));
#1669 = CARTESIAN_POINT('',(10.330029049763,8.09868489447,
    -3.844053876627));
#1670 = CARTESIAN_POINT('',(10.326802207942,8.109442056534,
    -3.832190389805));
#1671 = CARTESIAN_POINT('',(10.32322888145,8.120194994706,
    -3.820402377486));
#1672 = CARTESIAN_POINT('',(10.319315548667,8.130938535161,
    -3.808693894176));
#1673 = CARTESIAN_POINT('',(10.315068969507,8.14166776471,
    -3.797068616617));
#1674 = CARTESIAN_POINT('',(10.310496185419,8.152378030794,
    -3.78552984378));
#1675 = CARTESIAN_POINT('',(10.305604519388,8.163064941489,
    -3.774080496868));
#1676 = CARTESIAN_POINT('',(10.290591193471,8.193823185958,
    -3.741308276258));
#1677 = CARTESIAN_POINT('',(10.279673961337,8.213823965613,
    -3.720220849362));
#1678 = CARTESIAN_POINT('',(10.267699754295,8.233699732859,
    -3.699477331193));
#1679 = CARTESIAN_POINT('',(10.254719576211,8.253426839364,
    -3.679090118437));
#1680 = CARTESIAN_POINT('',(10.240784508962,8.272984843453,
    -3.659067932236));
#1681 = CARTESIAN_POINT('',(10.225944661351,8.292356393492,
    -3.639416238529));
#1682 = CARTESIAN_POINT('',(10.210248118025,8.311527111273,
    -3.620137668385));
#1683 = CARTESIAN_POINT('',(10.191982595201,8.332503584227,
    -3.599219985599));
#1684 = CARTESIAN_POINT('',(10.190216149934,8.334519236506,
    -3.597211813074));
#1685 = CARTESIAN_POINT('',(10.188440085921,8.336533011104,
    -3.595207330647));
#1686 = CARTESIAN_POINT('',(10.186654579995,8.338544745936,
    -3.593206687386));
#1687 = CARTESIAN_POINT('',(10.184859853438,8.340554227914,
    -3.591210083243));
#1688 = CARTESIAN_POINT('',(10.183055916684,8.342561486985,
    -3.589217475713));
#1689 = CARTESIAN_POINT('',(10.181242657762,8.344566694273,
    -3.58722868146));
#1690 = CARTESIAN_POINT('',(10.146550244921,8.382696907808,
    -3.549444204637));
#1691 = CARTESIAN_POINT('',(10.110706875208,8.418102304686,
    -3.514935176401));
#1692 = CARTESIAN_POINT('',(10.072187686359,8.452694072413,
    -3.48173390585));
#1693 = CARTESIAN_POINT('',(10.031272966072,8.486403593494,
    -3.449837268174));
#1694 = CARTESIAN_POINT('',(9.988218600271,8.519183007007,
    -3.419226807771));
#1695 = CARTESIAN_POINT('',(9.943250426235,8.551002815785,
    -3.389872605983));
#1696 = CARTESIAN_POINT('',(9.896560107339,8.581849509227,
    -3.361736104874));
#1697 = CARTESIAN_POINT('',(9.801617823385,8.640623213173,
    -3.308686521083));
#1698 = CARTESIAN_POINT('',(9.75347712514,8.668606051536,-3.283704188563
    ));
#1699 = CARTESIAN_POINT('',(9.704026605614,8.695669025412,-3.25978622484
    ));
#1700 = CARTESIAN_POINT('',(9.653396772644,8.721812650943,
    -3.236895782194));
#1701 = CARTESIAN_POINT('',(9.601702902672,8.747040428174,
    -3.214997567295));
#1702 = CARTESIAN_POINT('',(9.549045472461,8.771358617361,
    -3.194057578679));
#1703 = CARTESIAN_POINT('',(9.495510590815,8.794776015294,
    -3.174042844199));
#1704 = CARTESIAN_POINT('',(9.247458779177,8.897610471263,
    -3.086756227185));
#1705 = CARTESIAN_POINT('',(9.043873825813,8.966461626783,
    -3.030067001054));
#1706 = CARTESIAN_POINT('',(8.833344530836,9.024583095162,
    -2.983199570176));
#1707 = CARTESIAN_POINT('',(8.617950426295,9.072246631028,
    -2.945364404197));
#1708 = CARTESIAN_POINT('',(8.399406005208,9.10981975326,-2.915845653387
    ));
#1709 = CARTESIAN_POINT('',(8.178945499276,9.137583329324,
    -2.894181402628));
#1710 = CARTESIAN_POINT('',(7.957453380487,9.15579776464,-2.880011587995
    ));
#1711 = CARTESIAN_POINT('',(7.735408525068,9.164549412637,
    -2.873210957002));
#1712 = PCURVE('',#1713,#1749);
#1713 = ( BOUNDED_SURFACE() B_SPLINE_SURFACE(2,2,(
    (#1714,#1715,#1716,#1717,#1718)
    ,(#1719,#1720,#1721,#1722,#1723)
    ,(#1724,#1725,#1726,#1727,#1728)
    ,(#1729,#1730,#1731,#1732,#1733)
    ,(#1734,#1735,#1736,#1737,#1738)
    ,(#1739,#1740,#1741,#1742,#1743)
    ,(#1744,#1745,#1746,#1747,#1748
)),.UNSPECIFIED.,.T.,.F.,.F.) B_SPLINE_SURFACE_WITH_KNOTS((1,2,2,2,2,1),
  (3,2,3),(-2.094395102393,0.,2.094395102393,4.188790204786,
    6.28318530718,8.377580409573),(-1.570796326795,0.,1.570796326795),
.UNSPECIFIED.) GEOMETRIC_REPRESENTATION_ITEM() RATIONAL_B_SPLINE_SURFACE
((
    (1.,0.707106781187,1.,0.707106781187,1.)
    ,(0.5,0.353553390593,0.5,0.353553390593,0.5)
    ,(1.,0.707106781187,1.,0.707106781187,1.)
    ,(0.5,0.353553390593,0.5,0.353553390593,0.5)
    ,(1.,0.707106781187,1.,0.707106781187,1.)
    ,(0.5,0.353553390593,0.5,0.353553390593,0.5)
,(1.,0.707106781187,1.,0.707106781187,1.
))) REPRESENTATION_ITEM('') SURFACE() );
#1714 = CARTESIAN_POINT('',(7.5,6.5,-5.2));
#1715 = CARTESIAN_POINT('',(10.9,6.5,-5.2));
#1716 = CARTESIAN_POINT('',(10.9,6.5,-3.6));
#1717 = CARTESIAN_POINT('',(10.9,6.5,-2.));
#1718 = CARTESIAN_POINT('',(7.5,6.5,-2.));
#1719 = CARTESIAN_POINT('',(7.5,6.5,-5.2));
#1720 = CARTESIAN_POINT('',(10.9,11.696152422707,-5.2));
#1721 = CARTESIAN_POINT('',(10.9,11.696152422707,-3.6));
#1722 = CARTESIAN_POINT('',(10.9,11.696152422707,-2.));
#1723 = CARTESIAN_POINT('',(7.5,6.5,-2.));
#1724 = CARTESIAN_POINT('',(7.5,6.5,-5.2));
#1725 = CARTESIAN_POINT('',(5.8,9.098076211353,-5.2));
#1726 = CARTESIAN_POINT('',(5.8,9.098076211353,-3.6));
#1727 = CARTESIAN_POINT('',(5.8,9.098076211353,-2.));
#1728 = CARTESIAN_POINT('',(7.5,6.5,-2.));
#1729 = CARTESIAN_POINT('',(7.5,6.5,-5.2));
#1730 = CARTESIAN_POINT('',(0.7,6.5,-5.2));
#1731 = CARTESIAN_POINT('',(0.7,6.5,-3.6));
#1732 = CARTESIAN_POINT('',(0.7,6.5,-2.));
#1733 = CARTESIAN_POINT('',(7.5,6.5,-2.));
#1734 = CARTESIAN_POINT('',(7.5,6.5,-5.2));
#1735 = CARTESIAN_POINT('',(5.8,3.901923788647,-5.2));
#1736 = CARTESIAN_POINT('',(5.8,3.901923788647,-3.6));
#1737 = CARTESIAN_POINT('',(5.8,3.901923788647,-2.));
#1738 = CARTESIAN_POINT('',(7.5,6.5,-2.));
#1739 = CARTESIAN_POINT('',(7.5,6.5,-5.2));
#1740 = CARTESIAN_POINT('',(10.9,1.303847577293,-5.2));
#1741 = CARTESIAN_POINT('',(10.9,1.303847577293,-3.6));
#1742 = CARTESIAN_POINT('',(10.9,1.303847577293,-2.));
#1743 = CARTESIAN_POINT('',(7.5,6.5,-2.));
#1744 = CARTESIAN_POINT('',(7.5,6.5,-5.2));
#1745 = CARTESIAN_POINT('',(10.9,6.5,-5.2));
#1746 = CARTESIAN_POINT('',(10.9,6.5,-3.6));
#1747 = CARTESIAN_POINT('',(10.9,6.5,-2.));
#1748 = CARTESIAN_POINT('',(7.5,6.5,-2.));
#1749 = DEFINITIONAL_REPRESENTATION('',(#1750),#2047);
#1750 = B_SPLINE_CURVE_WITH_KNOTS('',8,(#1751,#1752,#1753,#1754,#1755,
    #1756,#1757,#1758,#1759,#1760,#1761,#1762,#1763,#1764,#1765,#1766,
    #1767,#1768,#1769,#1770,#1771,#1772,#1773,#1774,#1775,#1776,#1777,
    #1778,#1779,#1780,#1781,#1782,#1783,#1784,#1785,#1786,#1787,#1788,
    #1789,#1790,#1791,#1792,#1793,#1794,#1795,#1796,#1797,#1798,#1799,
    #1800,#1801,#1802,#1803,#1804,#1805,#1806,#1807,#1808,#1809,#1810,
    #1811,#1812,#1813,#1814,#1815,#1816,#1817,#1818,#1819,#1820,#1821,
    #1822,#1823,#1824,#1825,#1826,#1827,#1828,#1829,#1830,#1831,#1832,
    #1833,#1834,#1835,#1836,#1837,#1838,#1839,#1840,#1841,#1842,#1843,
    #1844,#1845,#1846,#1847,#1848,#1849,#1850,#1851,#1852,#1853,#1854,
    #1855,#1856,#1857,#1858,#1859,#1860,#1861,#1862,#1863,#1864,#1865,
    #1866,#1867,#1868,#1869,#1870,#1871,#1872,#1873,#1874,#1875,#1876,
    #1877,#1878,#1879,#1880,#1881,#1882,#1883,#1884,#1885,#1886,#1887,
    #1888,#1889,#1890,#1891,#1892,#1893,#1894,#1895,#1896,#1897,#1898,
    #1899,#1900,#1901,#1902,#1903,#1904,#1905,#1906,#1907,#1908,#1909,
    #1910,#1911,#1912,#1913,#1914,#1915,#1916,#1917,#1918,#1919,#1920,
    #1921,#1922,#1923,#1924,#1925,#1926,#1927,#1928,#1929,#1930,#1931,
    #1932,#1933,#1934,#1935,#1936,#1937,#1938,#1939,#1940,#1941,#1942,
    #1943,#1944,#1945,#1946,#1947,#1948,#1949,#1950,#1951,#1952,#1953,
    #1954,#1955,#1956,#1957,#1958,#1959,#1960,#1961,#1962,#1963,#1964,
    #1965,#1966,#1967,#1968,#1969,#1970,#1971,#1972,#1973,#1974,#1975,
    #1976,#1977,#1978,#1979,#1980,#1981,#1982,#1983,#1984,#1985,#1986,
    #1987,#1988,#1989,#1990,#1991,#1992,#1993,#1994,#1995,#1996,#1997,
    #1998,#1999,#2000,#2001,#2002,#2003,#2004,#2005,#2006,#2007,#2008,
    #2009,#2010,#2011,#2012,#2013,#2014,#2015,#2016,#2017,#2018,#2019,
    #2020,#2021,#2022,#2023,#2024,#2025,#2026,#2027,#2028,#2029,#2030,
    #2031,#2032,#2033,#2034,#2035,#2036,#2037,#2038,#2039,#2040,#2041,
    #2042,#2043,#2044,#2045,#2046),.UNSPECIFIED.,.F.,.F.,(9,7,7,7,7,7,7,
    7,7,7,7,7,7,7,7,7,7,7,7,7,7,7,7,7,7,7,7,7,7,7,7,7,7,7,7,7,7,7,7,7,7,
    7,9),(0.,2.436143115758E-02,0.126027305101,0.128203606334,
    0.192391917034,0.222878258792,0.225177337571,0.233346975266,
    0.237320277519,0.241358289944,0.250913057062,0.26994425443,
    0.28820635165,0.297230264308,0.313930386652,0.323622619828,
    0.328704312451,0.333910146166,0.383400187376,0.426119148211,
    0.458712087969,0.46678966856,0.47240382595,0.474364277583,
    0.488569726337,0.5053191173,0.540465094004,0.552846352012,
    0.578506521258,0.609412007567,0.646913938045,0.700235684157,
    0.720955806995,0.737689356122,0.746833726107,0.765290653662,
    0.78410903502,0.793622291596,0.811559962112,0.813469418601,
    0.847909973609,0.881227998547,1.),.UNSPECIFIED.);
#1751 = CARTESIAN_POINT('',(1.458326574515,0.485358020409));
#1752 = CARTESIAN_POINT('',(1.472665501465,0.486308730433));
#1753 = CARTESIAN_POINT('',(1.487068196466,0.487048276309));
#1754 = CARTESIAN_POINT('',(1.501533828702,0.487577286485));
#1755 = CARTESIAN_POINT('',(1.51606154188,0.48789630279));
#1756 = CARTESIAN_POINT('',(1.530650454228,0.488005780431));
#1757 = CARTESIAN_POINT('',(1.545299658495,0.487906087995));
#1758 = CARTESIAN_POINT('',(1.560008221952,0.487597507447));
#1759 = CARTESIAN_POINT('',(1.636401136673,0.48492153323));
#1760 = CARTESIAN_POINT('',(1.699012141323,0.479129642908));
#1761 = CARTESIAN_POINT('',(1.762578715735,0.469722670736));
#1762 = CARTESIAN_POINT('',(1.827039132444,0.456684863169));
#1763 = CARTESIAN_POINT('',(1.892323331946,0.439966222341));
#1764 = CARTESIAN_POINT('',(1.958368812024,0.419482057874));
#1765 = CARTESIAN_POINT('',(2.025143033097,0.395073767204));
#1766 = CARTESIAN_POINT('',(2.09413274818,0.365778167213));
#1767 = CARTESIAN_POINT('',(2.095579574204,0.36516227815));
#1768 = CARTESIAN_POINT('',(2.097024824795,0.364544330955));
#1769 = CARTESIAN_POINT('',(2.098467716593,0.363924279316));
#1770 = CARTESIAN_POINT('',(2.099908516578,0.363302133131));
#1771 = CARTESIAN_POINT('',(2.101347845429,0.362677921298));
#1772 = CARTESIAN_POINT('',(2.102785980883,0.362051654498));
#1773 = CARTESIAN_POINT('',(2.146581178446,0.3428901067));
#1774 = CARTESIAN_POINT('',(2.187451464159,0.322556411075));
#1775 = CARTESIAN_POINT('',(2.226937558973,0.300300318889));
#1776 = CARTESIAN_POINT('',(2.265104722767,0.27598154973));
#1777 = CARTESIAN_POINT('',(2.301994298994,0.249431314841));
#1778 = CARTESIAN_POINT('',(2.337632950968,0.220449670478));
#1779 = CARTESIAN_POINT('',(2.372038482987,0.188782348733));
#1780 = CARTESIAN_POINT('',(2.420986929755,0.137552457735));
#1781 = CARTESIAN_POINT('',(2.436466397749,0.12037202778));
#1782 = CARTESIAN_POINT('',(2.451662919436,0.102470667609));
#1783 = CARTESIAN_POINT('',(2.466571149204,8.381046957661E-02));
#1784 = CARTESIAN_POINT('',(2.4811813147,6.43532472427E-02));
#1785 = CARTESIAN_POINT('',(2.495479691876,4.406104185037E-02));
#1786 = CARTESIAN_POINT('',(2.509449080037,2.289662880477E-02));
#1787 = CARTESIAN_POINT('',(2.524096422276,-8.405460801207E-04));
#1788 = CARTESIAN_POINT('',(2.525121530604,-2.510694665618E-03));
#1789 = CARTESIAN_POINT('',(2.526145105582,-4.180968988587E-03));
#1790 = CARTESIAN_POINT('',(2.527166715473,-5.85586123068E-03));
#1791 = CARTESIAN_POINT('',(2.528186429082,-7.534538890276E-03));
#1792 = CARTESIAN_POINT('',(2.52920445004,-9.214746894041E-03));
#1793 = CARTESIAN_POINT('',(2.530220535107,-1.089899169008E-02));
#1794 = CARTESIAN_POINT('',(2.534838848217,-1.85812182112E-02));
#1795 = CARTESIAN_POINT('',(2.538419454727,-2.461535693706E-02));
#1796 = CARTESIAN_POINT('',(2.541976184061,-3.068847985441E-02));
#1797 = CARTESIAN_POINT('',(2.545508585408,-3.68004786349E-02));
#1798 = CARTESIAN_POINT('',(2.549016174852,-4.29511906562E-02));
#1799 = CARTESIAN_POINT('',(2.552498435378,-4.914039900204E-02));
#1800 = CARTESIAN_POINT('',(2.555954816863,-5.536783246221E-02));
#1801 = CARTESIAN_POINT('',(2.561052876864,-6.468030947403E-02));
#1802 = CARTESIAN_POINT('',(2.562714757678,-6.773641545438E-02));
#1803 = CARTESIAN_POINT('',(2.56437031112,-7.080144463843E-02));
#1804 = CARTESIAN_POINT('',(2.566019467853,-7.387535404795E-02));
#1805 = CARTESIAN_POINT('',(2.567662156613,-7.69580965617E-02));
#1806 = CARTESIAN_POINT('',(2.569298304212,-8.004962091538E-02));
#1807 = CARTESIAN_POINT('',(2.570927835532,-8.314987170163E-02));
#1808 = CARTESIAN_POINT('',(2.574199941467,-8.941833963118E-02));
#1809 = CARTESIAN_POINT('',(2.575842288872,-9.258682640652E-02));
#1810 = CARTESIAN_POINT('',(2.577477681461,-9.576427915703E-02));
#1811 = CARTESIAN_POINT('',(2.579105928314,-9.895041674452E-02));
#1812 = CARTESIAN_POINT('',(2.580727029155,-0.102145332422));
#1813 = CARTESIAN_POINT('',(2.582340978568,-0.105349110011));
#1814 = CARTESIAN_POINT('',(2.583947573825,-0.108561445071));
#1815 = CARTESIAN_POINT('',(2.589330806745,-0.119403655634));
#1816 = CARTESIAN_POINT('',(2.593073396401,-0.127072833073));
#1817 = CARTESIAN_POINT('',(2.596773296483,-0.134788674274));
#1818 = CARTESIAN_POINT('',(2.600429220066,-0.142549791272));
#1819 = CARTESIAN_POINT('',(2.604039838749,-0.150354611056));
#1820 = CARTESIAN_POINT('',(2.60760378266,-0.158201375569));
#1821 = CARTESIAN_POINT('',(2.611119640449,-0.166088141706));
#1822 = CARTESIAN_POINT('',(2.62149017761,-0.189797088626));
#1823 = CARTESIAN_POINT('',(2.628198700238,-0.205733521286));
#1824 = CARTESIAN_POINT('',(2.63469906944,-0.221802721824));
#1825 = CARTESIAN_POINT('',(2.640979357424,-0.237984088588));
#1826 = CARTESIAN_POINT('',(2.647028249359,-0.254255427539));
#1827 = CARTESIAN_POINT('',(2.652835126385,-0.270592604045));
#1828 = CARTESIAN_POINT('',(2.658390148626,-0.286969194666));
#1829 = CARTESIAN_POINT('',(2.668764575812,-0.319080844238));
#1830 = CARTESIAN_POINT('',(2.673605514863,-0.334817796406));
#1831 = CARTESIAN_POINT('',(2.6781992177,-0.350541375675));
#1832 = CARTESIAN_POINT('',(2.68253991283,-0.366228181734));
#1833 = CARTESIAN_POINT('',(2.686623709794,-0.381856752285));
#1834 = CARTESIAN_POINT('',(2.690448314029,-0.397407281572));
#1835 = CARTESIAN_POINT('',(2.69401274174,-0.412861338923));
#1836 = CARTESIAN_POINT('',(2.698949796396,-0.435781716748));
#1837 = CARTESIAN_POINT('',(2.700519121209,-0.443334449207));
#1838 = CARTESIAN_POINT('',(2.702025085382,-0.450857953195));
#1839 = CARTESIAN_POINT('',(2.703467822885,-0.458350555248));
#1840 = CARTESIAN_POINT('',(2.704847525485,-0.465810739907));
#1841 = CARTESIAN_POINT('',(2.706164442742,-0.473237149713));
#1842 = CARTESIAN_POINT('',(2.707418882009,-0.480628585208));
#1843 = CARTESIAN_POINT('',(2.710817789762,-0.501596327446));
#1844 = CARTESIAN_POINT('',(2.71281156987,-0.515085089994));
#1845 = CARTESIAN_POINT('',(2.714594822379,-0.528443997202));
#1846 = CARTESIAN_POINT('',(2.716170189582,-0.541668348903));
#1847 = CARTESIAN_POINT('',(2.717540527176,-0.554754898168));
#1848 = CARTESIAN_POINT('',(2.718708748998,-0.567701709348));
#1849 = CARTESIAN_POINT('',(2.719677671759,-0.580508016103));
#1850 = CARTESIAN_POINT('',(2.720898013755,-0.600525069849));
#1851 = CARTESIAN_POINT('',(2.721279896495,-0.607828783987));
#1852 = CARTESIAN_POINT('',(2.72159602287,-0.615085277324));
#1853 = CARTESIAN_POINT('',(2.721846869836,-0.622294673925));
#1854 = CARTESIAN_POINT('',(2.722032876429,-0.629457166448));
#1855 = CARTESIAN_POINT('',(2.722154443763,-0.636573016143));
#1856 = CARTESIAN_POINT('',(2.722211935033,-0.643642552854));
#1857 = CARTESIAN_POINT('',(2.722202393609,-0.654348699804));
#1858 = CARTESIAN_POINT('',(2.722181585362,-0.658018598339));
#1859 = CARTESIAN_POINT('',(2.722143296541,-0.661675925484));
#1860 = CARTESIAN_POINT('',(2.722087569099,-0.665320738761));
#1861 = CARTESIAN_POINT('',(2.722014441174,-0.668953098357));
#1862 = CARTESIAN_POINT('',(2.721923947087,-0.672573067117));
#1863 = CARTESIAN_POINT('',(2.721816117346,-0.676180710551));
#1864 = CARTESIAN_POINT('',(2.721562782911,-0.683459315095));
#1865 = CARTESIAN_POINT('',(2.721416420601,-0.687129693852));
#1866 = CARTESIAN_POINT('',(2.721251927459,-0.690787192627));
#1867 = CARTESIAN_POINT('',(2.721069312113,-0.694432118535));
#1868 = CARTESIAN_POINT('',(2.720868606859,-0.698064348801));
#1869 = CARTESIAN_POINT('',(2.720649834188,-0.701683851594));
#1870 = CARTESIAN_POINT('',(2.720412978573,-0.705291105585));
#1871 = CARTESIAN_POINT('',(2.71773456556,-0.743061600301));
#1872 = CARTESIAN_POINT('',(2.713679262518,-0.776103758913));
#1873 = CARTESIAN_POINT('',(2.707996132245,-0.808120717745));
#1874 = CARTESIAN_POINT('',(2.700641378478,-0.839187183366));
#1875 = CARTESIAN_POINT('',(2.691529836508,-0.869357855547));
#1876 = CARTESIAN_POINT('',(2.680529817894,-0.898675192264));
#1877 = CARTESIAN_POINT('',(2.667446383782,-0.9271714298));
#1878 = CARTESIAN_POINT('',(2.638653989527,-0.978769353561));
#1879 = CARTESIAN_POINT('',(2.623559764156,-1.002057459422));
#1880 = CARTESIAN_POINT('',(2.606530730154,-1.024738234084));
#1881 = CARTESIAN_POINT('',(2.587354345242,-1.046795549605));
#1882 = CARTESIAN_POINT('',(2.565774133483,-1.068188535698));
#1883 = CARTESIAN_POINT('',(2.541491251217,-1.088853413639));
#1884 = CARTESIAN_POINT('',(2.514178650885,-1.108706719959));
#1885 = CARTESIAN_POINT('',(2.460107184516,-1.142102859834));
#1886 = CARTESIAN_POINT('',(2.43475269451,-1.156025439738));
#1887 = CARTESIAN_POINT('',(2.407314449709,-1.16936618833));
#1888 = CARTESIAN_POINT('',(2.377670814703,-1.182068404738));
#1889 = CARTESIAN_POINT('',(2.345726236232,-1.194075243008));
#1890 = CARTESIAN_POINT('',(2.311429740199,-1.205335076788));
#1891 = CARTESIAN_POINT('',(2.274794131147,-1.21580714416));
#1892 = CARTESIAN_POINT('',(2.22628061445,-1.227861613288));
#1893 = CARTESIAN_POINT('',(2.216507253743,-1.230205969606));
#1894 = CARTESIAN_POINT('',(2.206597083967,-1.232500209294));
#1895 = CARTESIAN_POINT('',(2.196551571258,-1.234744075676));
#1896 = CARTESIAN_POINT('',(2.186372375999,-1.236937387706));
#1897 = CARTESIAN_POINT('',(2.176061352817,-1.239080039962));
#1898 = CARTESIAN_POINT('',(2.165620550582,-1.241172002652));
#1899 = CARTESIAN_POINT('',(2.147706904844,-1.244632098652));
#1900 = CARTESIAN_POINT('',(2.140299973508,-1.246026412235));
#1901 = CARTESIAN_POINT('',(2.132832166134,-1.247396279161));
#1902 = CARTESIAN_POINT('',(2.125304260312,-1.24874173332));
#1903 = CARTESIAN_POINT('',(2.117717063485,-1.250062825689));
#1904 = CARTESIAN_POINT('',(2.110071412954,-1.25135962433));
#1905 = CARTESIAN_POINT('',(2.102368175875,-1.25263221439));
#1906 = CARTESIAN_POINT('',(2.091898499652,-1.254316665921));
#1907 = CARTESIAN_POINT('',(2.089185154536,-1.254750198553));
#1908 = CARTESIAN_POINT('',(2.086469701546,-1.255181511812));
#1909 = CARTESIAN_POINT('',(2.083751684523,-1.255610531776));
#1910 = CARTESIAN_POINT('',(2.081030592376,-1.256037176201));
#1911 = CARTESIAN_POINT('',(2.078306632391,-1.256461469938));
#1912 = CARTESIAN_POINT('',(2.075580387975,-1.256883494375));
#1913 = CARTESIAN_POINT('',(2.053076807797,-1.260344150349));
#1914 = CARTESIAN_POINT('',(2.033163513728,-1.263262868073));
#1915 = CARTESIAN_POINT('',(2.013120417238,-1.266058465189));
#1916 = CARTESIAN_POINT('',(1.992956585071,-1.268730057167));
#1917 = CARTESIAN_POINT('',(1.972681212126,-1.271276733818));
#1918 = CARTESIAN_POINT('',(1.952303621457,-1.273697559291));
#1919 = CARTESIAN_POINT('',(1.931833264276,-1.275991572074));
#1920 = CARTESIAN_POINT('',(1.887045402848,-1.280711927972));
#1921 = CARTESIAN_POINT('',(1.86269551927,-1.283088355777));
#1922 = CARTESIAN_POINT('',(1.838245672111,-1.285285450796));
#1923 = CARTESIAN_POINT('',(1.813711784763,-1.287301448555));
#1924 = CARTESIAN_POINT('',(1.789110101113,-1.28913443772));
#1925 = CARTESIAN_POINT('',(1.764457185543,-1.290782360103));
#1926 = CARTESIAN_POINT('',(1.739769922932,-1.292243010653));
#1927 = CARTESIAN_POINT('',(1.663227190963,-1.296181088391));
#1928 = CARTESIAN_POINT('',(1.611320049434,-1.298012821273));
#1929 = CARTESIAN_POINT('',(1.559494784306,-1.298988061656));
#1930 = CARTESIAN_POINT('',(1.50791870932,-1.29908115695));
#1931 = CARTESIAN_POINT('',(1.45677578753,-1.298263095479));
#1932 = CARTESIAN_POINT('',(1.406263421477,-1.296503543392));
#1933 = CARTESIAN_POINT('',(1.356586007703,-1.293773799445));
#1934 = CARTESIAN_POINT('',(1.290810045353,-1.288739079242));
#1935 = CARTESIAN_POINT('',(1.273804292717,-1.28730430537));
#1936 = CARTESIAN_POINT('',(1.256937369599,-1.285745330253));
#1937 = CARTESIAN_POINT('',(1.240218558173,-1.284061306064));
#1938 = CARTESIAN_POINT('',(1.223657050899,-1.28225155292));
#1939 = CARTESIAN_POINT('',(1.207261950531,-1.280315558886));
#1940 = CARTESIAN_POINT('',(1.191042270111,-1.278252979976));
#1941 = CARTESIAN_POINT('',(1.141773681185,-1.271526231226));
#1942 = CARTESIAN_POINT('',(1.109329318095,-1.266444117759));
#1943 = CARTESIAN_POINT('',(1.077755451052,-1.26081654794));
#1944 = CARTESIAN_POINT('',(1.047126067176,-1.254646798712));
#1945 = CARTESIAN_POINT('',(1.017504289042,-1.247942779448));
#1946 = CARTESIAN_POINT('',(0.988940368831,-1.240717278546));
#1947 = CARTESIAN_POINT('',(0.961470920973,-1.232987852938));
#1948 = CARTESIAN_POINT('',(0.90338122462,-1.214886317935));
#1949 = CARTESIAN_POINT('',(0.873260246858,-1.204295409668));
#1950 = CARTESIAN_POINT('',(0.844796707359,-1.193041490279));
#1951 = CARTESIAN_POINT('',(0.817991596625,-1.181166883016));
#1952 = CARTESIAN_POINT('',(0.79281522558,-1.168715962112));
#1953 = CARTESIAN_POINT('',(0.769215802857,-1.155732735093));
#1954 = CARTESIAN_POINT('',(0.7471280121,-1.142258425077));
#1955 = CARTESIAN_POINT('',(0.701428409172,-1.1114266062));
#1956 = CARTESIAN_POINT('',(0.678497510114,-1.093854470053));
#1957 = CARTESIAN_POINT('',(0.657553261108,-1.075672878224));
#1958 = CARTESIAN_POINT('',(0.638451845106,-1.056932042779));
#1959 = CARTESIAN_POINT('',(0.621053493392,-1.037671164204));
#1960 = CARTESIAN_POINT('',(0.605230156807,-1.017917719943));
#1961 = CARTESIAN_POINT('',(0.590868613802,-0.997687031533));
#1962 = CARTESIAN_POINT('',(0.559385665784,-0.947543024468));
#1963 = CARTESIAN_POINT('',(0.543670659792,-0.917168777747));
#1964 = CARTESIAN_POINT('',(0.530419419433,-0.885851749881));
#1965 = CARTESIAN_POINT('',(0.519420468761,-0.853565310057));
#1966 = CARTESIAN_POINT('',(0.51052903855,-0.820265679041));
#1967 = CARTESIAN_POINT('',(0.50365153855,-0.785892525853));
#1968 = CARTESIAN_POINT('',(0.498741313397,-0.750360927214));
#1969 = CARTESIAN_POINT('',(0.494665512693,-0.699228152099));
#1970 = CARTESIAN_POINT('',(0.493823511348,-0.684728378446));
#1971 = CARTESIAN_POINT('',(0.49328039951,-0.670032188586));
#1972 = CARTESIAN_POINT('',(0.493037635822,-0.655134549499));
#1973 = CARTESIAN_POINT('',(0.493097648923,-0.640031255537));
#1974 = CARTESIAN_POINT('',(0.493463654042,-0.62471898042));
#1975 = CARTESIAN_POINT('',(0.494139469585,-0.609195329241));
#1976 = CARTESIAN_POINT('',(0.49592874695,-0.580750159262));
#1977 = CARTESIAN_POINT('',(0.4969329628,-0.567903155408));
#1978 = CARTESIAN_POINT('',(0.498144155482,-0.554917546186));
#1979 = CARTESIAN_POINT('',(0.499564639263,-0.541794005974));
#1980 = CARTESIAN_POINT('',(0.501196704022,-0.528534353592));
#1981 = CARTESIAN_POINT('',(0.503042450809,-0.515141689669));
#1982 = CARTESIAN_POINT('',(0.505103627397,-0.501620534004));
#1983 = CARTESIAN_POINT('',(0.508626231401,-0.480521170917));
#1984 = CARTESIAN_POINT('',(0.509935679112,-0.473028882772));
#1985 = CARTESIAN_POINT('',(0.511310014698,-0.465501138898));
#1986 = CARTESIAN_POINT('',(0.512749372847,-0.457939140981));
#1987 = CARTESIAN_POINT('',(0.514253815207,-0.450344251984));
#1988 = CARTESIAN_POINT('',(0.515823330389,-0.442717996148));
#1989 = CARTESIAN_POINT('',(0.517457833964,-0.435062058991));
#1990 = CARTESIAN_POINT('',(0.522587092428,-0.411869420372));
#1991 = CARTESIAN_POINT('',(0.526281468388,-0.396245528342));
#1992 = CARTESIAN_POINT('',(0.53023840757,-0.380523993133));
#1993 = CARTESIAN_POINT('',(0.534454742769,-0.364723287198));
#1994 = CARTESIAN_POINT('',(0.538925790522,-0.348863264151));
#1995 = CARTESIAN_POINT('',(0.543645113281,-0.332965449398));
#1996 = CARTESIAN_POINT('',(0.548604281586,-0.317053330763));
#1997 = CARTESIAN_POINT('',(0.559082597771,-0.284940574257));
#1998 = CARTESIAN_POINT('',(0.564611728654,-0.268737595814));
#1999 = CARTESIAN_POINT('',(0.570368769403,-0.252570974726));
#2000 = CARTESIAN_POINT('',(0.576341670008,-0.236465561639));
#2001 = CARTESIAN_POINT('',(0.582517715852,-0.220444120671));
#2002 = CARTESIAN_POINT('',(0.588883653628,-0.204527653184));
#2003 = CARTESIAN_POINT('',(0.595425817243,-0.188735721557));
#2004 = CARTESIAN_POINT('',(0.605519547596,-0.165175759766));
#2005 = CARTESIAN_POINT('',(0.608950504764,-0.157300848252));
#2006 = CARTESIAN_POINT('',(0.612421433696,-0.149464120501));
#2007 = CARTESIAN_POINT('',(0.615930692997,-0.141667482967));
#2008 = CARTESIAN_POINT('',(0.619476691414,-0.133912666477));
#2009 = CARTESIAN_POINT('',(0.62305788784,-0.126201226229));
#2010 = CARTESIAN_POINT('',(0.62667279131,-0.118534541792));
#2011 = CARTESIAN_POINT('',(0.637196862486,-9.654460006685E-02));
#2012 = CARTESIAN_POINT('',(0.644188382529,-8.233907486784E-02));
#2013 = CARTESIAN_POINT('',(0.651285153372,-6.830490355379E-02));
#2014 = CARTESIAN_POINT('',(0.658478567454,-5.444793991069E-02));
#2015 = CARTESIAN_POINT('',(0.665760822564,-4.077239864846E-02));
#2016 = CARTESIAN_POINT('',(0.673124966997,-2.728102458274E-02));
#2017 = CARTESIAN_POINT('',(0.6805649447,-1.397526181674E-02));
#2018 = CARTESIAN_POINT('',(0.688875150415,5.41177682446E-04));
#2019 = CARTESIAN_POINT('',(0.689675441658,1.935863248287E-03));
#2020 = CARTESIAN_POINT('',(0.690476743608,3.326042123517E-03));
#2021 = CARTESIAN_POINT('',(0.691278992407,4.712344908519E-03));
#2022 = CARTESIAN_POINT('',(0.692082103969,6.095626578139E-03));
#2023 = CARTESIAN_POINT('',(0.692886090344,7.475686232859E-03));
#2024 = CARTESIAN_POINT('',(0.693691019405,8.851704477975E-03));
#2025 = CARTESIAN_POINT('',(0.709030872739,3.498345519484E-02));
#2026 = CARTESIAN_POINT('',(0.723850083326,5.859688861357E-02));
#2027 = CARTESIAN_POINT('',(0.738918404427,8.111770692506E-02));
#2028 = CARTESIAN_POINT('',(0.754205811294,0.102600139435));
#2029 = CARTESIAN_POINT('',(0.769688067508,0.123098167695));
#2030 = CARTESIAN_POINT('',(0.785346853527,0.142664684127));
#2031 = CARTESIAN_POINT('',(0.801170255882,0.161351278105));
#2032 = CARTESIAN_POINT('',(0.832616028273,0.196483990841));
#2033 = CARTESIAN_POINT('',(0.848224585257,0.212979413809));
#2034 = CARTESIAN_POINT('',(0.863973222069,0.228738984287));
#2035 = CARTESIAN_POINT('',(0.879856899073,0.243801103803));
#2036 = CARTESIAN_POINT('',(0.895871817104,0.258199458663));
#2037 = CARTESIAN_POINT('',(0.912015631665,0.27196396911));
#2038 = CARTESIAN_POINT('',(0.92828766712,0.285121738483));
#2039 = CARTESIAN_POINT('',(1.003157022766,0.342529832487));
#2040 = CARTESIAN_POINT('',(1.063161065817,0.379887954319));
#2041 = CARTESIAN_POINT('',(1.124863550381,0.411033703541));
#2042 = CARTESIAN_POINT('',(1.188276165212,0.43640057428));
#2043 = CARTESIAN_POINT('',(1.253375737789,0.456351533528));
#2044 = CARTESIAN_POINT('',(1.320097316883,0.471069766113));
#2045 = CARTESIAN_POINT('',(1.388397800189,0.48072155166));
#2046 = CARTESIAN_POINT('',(1.458326574515,0.485358020409));
#2047 = ( GEOMETRIC_REPRESENTATION_CONTEXT(2) 
PARAMETRIC_REPRESENTATION_CONTEXT() REPRESENTATION_CONTEXT('2D SPACE',''
  ) );
#2048 = PCURVE('',#2049,#2085);
#2049 = ( BOUNDED_SURFACE() B_SPLINE_SURFACE(2,2,(
    (#2050,#2051,#2052,#2053,#2054)
    ,(#2055,#2056,#2057,#2058,#2059)
    ,(#2060,#2061,#2062,#2063,#2064)
    ,(#2065,#2066,#2067,#2068,#2069)
    ,(#2070,#2071,#2072,#2073,#2074)
    ,(#2075,#2076,#2077,#2078,#2079)
    ,(#2080,#2081,#2082,#2083,#2084
)),.UNSPECIFIED.,.T.,.F.,.F.) B_SPLINE_SURFACE_WITH_KNOTS((1,2,2,2,2,1),
  (3,2,3),(-2.094395102393,0.,2.094395102393,4.188790204786,
    6.28318530718,8.377580409573),(-1.570796326795,0.,1.570796326795),
.UNSPECIFIED.) GEOMETRIC_REPRESENTATION_ITEM() RATIONAL_B_SPLINE_SURFACE
((
    (1.,0.707106781187,1.,0.707106781187,1.)
    ,(0.5,0.353553390593,0.5,0.353553390593,0.5)
    ,(1.,0.707106781187,1.,0.707106781187,1.)
    ,(0.5,0.353553390593,0.5,0.353553390593,0.5)
    ,(1.,0.707106781187,1.,0.707106781187,1.)
    ,(0.5,0.353553390593,0.5,0.353553390593,0.5)
,(1.,0.707106781187,1.,0.707106781187,1.
))) REPRESENTATION_ITEM('') SURFACE() );
#2050 = CARTESIAN_POINT('',(7.5,4.,-5.9));
#2051 = CARTESIAN_POINT('',(13.5,4.,-5.9));
#2052 = CARTESIAN_POINT('',(13.5,4.,-2.5));
#2053 = CARTESIAN_POINT('',(13.5,4.,0.9));
#2054 = CARTESIAN_POINT('',(7.5,4.,0.9));
#2055 = CARTESIAN_POINT('',(7.5,4.,-5.9));
#2056 = CARTESIAN_POINT('',(13.5,13.006664199358,-5.9));
#2057 = CARTESIAN_POINT('',(13.5,13.006664199358,-2.5));
#2058 = CARTESIAN_POINT('',(13.5,13.006664199358,0.9));
#2059 = CARTESIAN_POINT('',(7.5,4.,0.9));
#2060 = CARTESIAN_POINT('',(7.5,4.,-5.9));
#2061 = CARTESIAN_POINT('',(4.5,8.503332099679,-5.9));
#2062 = CARTESIAN_POINT('',(4.5,8.503332099679,-2.5));
#2063 = CARTESIAN_POINT('',(4.5,8.503332099679,0.9));
#2064 = CARTESIAN_POINT('',(7.5,4.,0.9));
#2065 = CARTESIAN_POINT('',(7.5,4.,-5.9));
#2066 = CARTESIAN_POINT('',(-4.5,4.,-5.9));
#2067 = CARTESIAN_POINT('',(-4.5,4.,-2.5));
#2068 = CARTESIAN_POINT('',(-4.5,4.,0.9));
#2069 = CARTESIAN_POINT('',(7.5,4.,0.9));
#2070 = CARTESIAN_POINT('',(7.5,4.,-5.9));
#2071 = CARTESIAN_POINT('',(4.5,-0.503332099679,-5.9));
#2072 = CARTESIAN_POINT('',(4.5,-0.503332099679,-2.5));
#2073 = CARTESIAN_POINT('',(4.5,-0.503332099679,0.9));
#2074 = CARTESIAN_POINT('',(7.5,4.,0.9));
#2075 = CARTESIAN_POINT('',(7.5,4.,-5.9));
#2076 = CARTESIAN_POINT('',(13.5,-5.006664199358,-5.9));
#2077 = CARTESIAN_POINT('',(13.5,-5.006664199358,-2.5));
#2078 = CARTESIAN_POINT('',(13.5,-5.006664199358,0.9));
#2079 = CARTESIAN_POINT('',(7.5,4.,0.9));
#2080 = CARTESIAN_POINT('',(7.5,4.,-5.9));
#2081 = CARTESIAN_POINT('',(13.5,4.,-5.9));
#2082 = CARTESIAN_POINT('',(13.5,4.,-2.5));
#2083 = CARTESIAN_POINT('',(13.5,4.,0.9));
#2084 = CARTESIAN_POINT('',(7.5,4.,0.9));
#2085 = DEFINITIONAL_REPRESENTATION('',(#2086),#2383);
#2086 = B_SPLINE_CURVE_WITH_KNOTS('',8,(#2087,#2088,#2089,#2090,#2091,
    #2092,#2093,#2094,#2095,#2096,#2097,#2098,#2099,#2100,#2101,#2102,
    #2103,#2104,#2105,#2106,#2107,#2108,#2109,#2110,#2111,#2112,#2113,
    #2114,#2115,#2116,#2117,#2118,#2119,#2120,#2121,#2122,#2123,#2124,
    #2125,#2126,#2127,#2128,#2129,#2130,#2131,#2132,#2133,#2134,#2135,
    #2136,#2137,#2138,#2139,#2140,#2141,#2142,#2143,#2144,#2145,#2146,
    #2147,#2148,#2149,#2150,#2151,#2152,#2153,#2154,#2155,#2156,#2157,
    #2158,#2159,#2160,#2161,#2162,#2163,#2164,#2165,#2166,#2167,#2168,
    #2169,#2170,#2171,#2172,#2173,#2174,#2175,#2176,#2177,#2178,#2179,
    #2180,#2181,#2182,#2183,#2184,#2185,#2186,#2187,#2188,#2189,#2190,
    #2191,#2192,#2193,#2194,#2195,#2196,#2197,#2198,#2199,#2200,#2201,
    #2202,#2203,#2204,#2205,#2206,#2207,#2208,#2209,#2210,#2211,#2212,
    #2213,#2214,#2215,#2216,#2217,#2218,#2219,#2220,#2221,#2222,#2223,
    #2224,#2225,#2226,#2227,#2228,#2229,#2230,#2231,#2232,#2233,#2234,
    #2235,#2236,#2237,#2238,#2239,#2240,#2241,#2242,#2243,#2244,#2245,
    #2246,#2247,#2248,#2249,#2250,#2251,#2252,#2253,#2254,#2255,#2256,
    #2257,#2258,#2259,#2260,#2261,#2262,#2263,#2264,#2265,#2266,#2267,
    #2268,#2269,#2270,#2271,#2272,#2273,#2274,#2275,#2276,#2277,#2278,
    #2279,#2280,#2281,#2282,#2283,#2284,#2285,#2286,#2287,#2288,#2289,
    #2290,#2291,#2292,#2293,#2294,#2295,#2296,#2297,#2298,#2299,#2300,
    #2301,#2302,#2303,#2304,#2305,#2306,#2307,#2308,#2309,#2310,#2311,
    #2312,#2313,#2314,#2315,#2316,#2317,#2318,#2319,#2320,#2321,#2322,
    #2323,#2324,#2325,#2326,#2327,#2328,#2329,#2330,#2331,#2332,#2333,
    #2334,#2335,#2336,#2337,#2338,#2339,#2340,#2341,#2342,#2343,#2344,
    #2345,#2346,#2347,#2348,#2349,#2350,#2351,#2352,#2353,#2354,#2355,
    #2356,#2357,#2358,#2359,#2360,#2361,#2362,#2363,#2364,#2365,#2366,
    #2367,#2368,#2369,#2370,#2371,#2372,#2373,#2374,#2375,#2376,#2377,
    #2378,#2379,#2380,#2381,#2382),.UNSPECIFIED.,.F.,.F.,(9,7,7,7,7,7,7,
    7,7,7,7,7,7,7,7,7,7,7,7,7,7,7,7,7,7,7,7,7,7,7,7,7,7,7,7,7,7,7,7,7,7,
    7,9),(0.,2.436143115758E-02,0.126027305101,0.128203606334,
    0.192391917034,0.222878258792,0.225177337571,0.233346975266,
    0.237320277519,0.241358289944,0.250913057062,0.26994425443,
    0.28820635165,0.297230264308,0.313930386652,0.323622619828,
    0.328704312451,0.333910146166,0.383400187376,0.426119148211,
    0.458712087969,0.46678966856,0.47240382595,0.474364277583,
    0.488569726337,0.5053191173,0.540465094004,0.552846352012,
    0.578506521258,0.609412007567,0.646913938045,0.700235684157,
    0.720955806995,0.737689356122,0.746833726107,0.765290653662,
    0.78410903502,0.793622291596,0.811559962112,0.813469418601,
    0.847909973609,0.881227998547,1.),.UNSPECIFIED.);
#2087 = CARTESIAN_POINT('',(1.495022157472,-0.119564620056));
#2088 = CARTESIAN_POINT('',(1.502375439888,-0.11912518092));
#2089 = CARTESIAN_POINT('',(1.509742218114,-0.11878346965));
#2090 = CARTESIAN_POINT('',(1.51712256248,-0.118539100491));
#2091 = CARTESIAN_POINT('',(1.524516547281,-0.118391757216));
#2092 = CARTESIAN_POINT('',(1.531924250784,-0.11834119313));
#2093 = CARTESIAN_POINT('',(1.539345755219,-0.118387231063));
#2094 = CARTESIAN_POINT('',(1.54678114679,-0.118529763375));
#2095 = CARTESIAN_POINT('',(1.585318451022,-0.119766106451));
#2096 = CARTESIAN_POINT('',(1.616633570468,-0.122442709151));
#2097 = CARTESIAN_POINT('',(1.648201940311,-0.126793863853));
#2098 = CARTESIAN_POINT('',(1.680034005082,-0.132839522409));
#2099 = CARTESIAN_POINT('',(1.712127175539,-0.140622376649));
#2100 = CARTESIAN_POINT('',(1.744466084311,-0.150203859304));
#2101 = CARTESIAN_POINT('',(1.77702213426,-0.16167399191));
#2102 = CARTESIAN_POINT('',(1.810454635572,-0.17548036866));
#2103 = CARTESIAN_POINT('',(1.811155341849,-0.175770638819));
#2104 = CARTESIAN_POINT('',(1.811856237826,-0.17606189396));
#2105 = CARTESIAN_POINT('',(1.81255737082,-0.176354155849));
#2106 = CARTESIAN_POINT('',(1.813258723739,-0.176647419756));
#2107 = CARTESIAN_POINT('',(1.81396025771,-0.176941671993));
#2108 = CARTESIAN_POINT('',(1.814661954711,-0.177236907452));
#2109 = CARTESIAN_POINT('',(1.836066016139,-0.186270506168));
#2110 = CARTESIAN_POINT('',(1.856920207217,-0.195869197043));
#2111 = CARTESIAN_POINT('',(1.877919220917,-0.206384441491));
#2112 = CARTESIAN_POINT('',(1.899034275003,-0.217876664403));
#2113 = CARTESIAN_POINT('',(1.920212364468,-0.230412783174));
#2114 = CARTESIAN_POINT('',(1.941374507608,-0.244065057902));
#2115 = CARTESIAN_POINT('',(1.96241071355,-0.258915872575));
#2116 = CARTESIAN_POINT('',(1.99302595982,-0.282752484166));
#2117 = CARTESIAN_POINT('',(2.002816637694,-0.290720050612));
#2118 = CARTESIAN_POINT('',(2.012521825594,-0.298989812036));
#2119 = CARTESIAN_POINT('',(2.022118331071,-0.307570952935));
#2120 = CARTESIAN_POINT('',(2.031577379003,-0.316470991709));
#2121 = CARTESIAN_POINT('',(2.040864519712,-0.325695225396));
#2122 = CARTESIAN_POINT('',(2.049939537086,-0.335246174418));
#2123 = CARTESIAN_POINT('',(2.059421263071,-0.345867874401));
#2124 = CARTESIAN_POINT('',(2.060084668271,-0.346614537547));
#2125 = CARTESIAN_POINT('',(2.060746884231,-0.34736338939));
#2126 = CARTESIAN_POINT('',(2.061407617127,-0.348114125412));
#2127 = CARTESIAN_POINT('',(2.06206689706,-0.348866803281));
#2128 = CARTESIAN_POINT('',(2.062724841279,-0.349621578294));
#2129 = CARTESIAN_POINT('',(2.063381277578,-0.350378282406));
#2130 = CARTESIAN_POINT('',(2.066363675548,-0.353833031509));
#2131 = CARTESIAN_POINT('',(2.068672506632,-0.356554236089));
#2132 = CARTESIAN_POINT('',(2.070961809787,-0.359300666227));
#2133 = CARTESIAN_POINT('',(2.073230604176,-0.362072347205));
#2134 = CARTESIAN_POINT('',(2.075477866104,-0.364869271454));
#2135 = CARTESIAN_POINT('',(2.07770252902,-0.367691398564));
#2136 = CARTESIAN_POINT('',(2.079903483517,-0.370538655275));
#2137 = CARTESIAN_POINT('',(2.083137920282,-0.374807868601));
#2138 = CARTESIAN_POINT('',(2.08419038254,-0.376210719213));
#2139 = CARTESIAN_POINT('',(2.085236831421,-0.3776194743));
#2140 = CARTESIAN_POINT('',(2.086277131971,-0.379034118311));
#2141 = CARTESIAN_POINT('',(2.087311146966,-0.380454633161));
#2142 = CARTESIAN_POINT('',(2.088338736915,-0.381880998238));
#2143 = CARTESIAN_POINT('',(2.089359760055,-0.383313190396));
#2144 = CARTESIAN_POINT('',(2.091404903991,-0.386212597039));
#2145 = CARTESIAN_POINT('',(2.09242908926,-0.387679995026));
#2146 = CARTESIAN_POINT('',(2.093444739542,-0.389153393701));
#2147 = CARTESIAN_POINT('',(2.094455797824,-0.390632663658));
#2148 = CARTESIAN_POINT('',(2.095458814692,-0.392117848757));
#2149 = CARTESIAN_POINT('',(2.09645049979,-0.393608987845));
#2150 = CARTESIAN_POINT('',(2.097435073288,-0.395105938629));
#2151 = CARTESIAN_POINT('',(2.100718364497,-0.400164550928));
#2152 = CARTESIAN_POINT('',(2.102976661411,-0.403752904357));
#2153 = CARTESIAN_POINT('',(2.105183568575,-0.407373184653));
#2154 = CARTESIAN_POINT('',(2.107337304348,-0.411024695439));
#2155 = CARTESIAN_POINT('',(2.109436069523,-0.414706622193));
#2156 = CARTESIAN_POINT('',(2.111478047326,-0.418418032243));
#2157 = CARTESIAN_POINT('',(2.113461403422,-0.422157874773));
#2158 = CARTESIAN_POINT('',(2.119214285707,-0.433428307452));
#2159 = CARTESIAN_POINT('',(2.122804851285,-0.441040669795));
#2160 = CARTESIAN_POINT('',(2.126140948969,-0.448751628223));
#2161 = CARTESIAN_POINT('',(2.129208219082,-0.456549544198));
#2162 = CARTESIAN_POINT('',(2.131993344161,-0.464421448812));
#2163 = CARTESIAN_POINT('',(2.134484417157,-0.472352911338));
#2164 = CARTESIAN_POINT('',(2.136671309648,-0.480327907776));
#2165 = CARTESIAN_POINT('',(2.140345007711,-0.496006138645));
#2166 = CARTESIAN_POINT('',(2.141856860883,-0.503708665982));
#2167 = CARTESIAN_POINT('',(2.143074503022,-0.511420643227));
#2168 = CARTESIAN_POINT('',(2.143993238396,-0.519127207658));
#2169 = CARTESIAN_POINT('',(2.144610596181,-0.526814235823));
#2170 = CARTESIAN_POINT('',(2.144926154572,-0.534468317358));
#2171 = CARTESIAN_POINT('',(2.144941364886,-0.542076728796));
#2172 = CARTESIAN_POINT('',(2.144520035384,-0.553358450063));
#2173 = CARTESIAN_POINT('',(2.144308112823,-0.557075590007));
#2174 = CARTESIAN_POINT('',(2.144023997425,-0.56077749506));
#2175 = CARTESIAN_POINT('',(2.143668145388,-0.564462920854));
#2176 = CARTESIAN_POINT('',(2.143241079677,-0.568130710813));
#2177 = CARTESIAN_POINT('',(2.142743390027,-0.57177979615));
#2178 = CARTESIAN_POINT('',(2.142175732938,-0.57540919587));
#2179 = CARTESIAN_POINT('',(2.140360149075,-0.585696688518));
#2180 = CARTESIAN_POINT('',(2.138944283212,-0.59230478516));
#2181 = CARTESIAN_POINT('',(2.137295674753,-0.598836805451));
#2182 = CARTESIAN_POINT('',(2.135419227031,-0.605288198846));
#2183 = CARTESIAN_POINT('',(2.133320131664,-0.611655295166));
#2184 = CARTESIAN_POINT('',(2.131003694184,-0.617935234262));
#2185 = CARTESIAN_POINT('',(2.128475159647,-0.62412589568));
#2186 = CARTESIAN_POINT('',(2.124151868427,-0.633766040093));
#2187 = CARTESIAN_POINT('',(2.122494449984,-0.637275671595));
#2188 = CARTESIAN_POINT('',(2.120768279513,-0.640754441699));
#2189 = CARTESIAN_POINT('',(2.118974328578,-0.644202118894));
#2190 = CARTESIAN_POINT('',(2.117113543721,-0.647618521289));
#2191 = CARTESIAN_POINT('',(2.115186846467,-0.651003516612));
#2192 = CARTESIAN_POINT('',(2.113195133317,-0.654357022216));
#2193 = CARTESIAN_POINT('',(2.110061378017,-0.659420739454));
#2194 = CARTESIAN_POINT('',(2.108965846602,-0.661153805889));
#2195 = CARTESIAN_POINT('',(2.107852806362,-0.662878198182));
#2196 = CARTESIAN_POINT('',(2.106722379809,-0.664593912461));
#2197 = CARTESIAN_POINT('',(2.105574687111,-0.666300947177));
#2198 = CARTESIAN_POINT('',(2.104409846093,-0.667999303105));
#2199 = CARTESIAN_POINT('',(2.103227972237,-0.669688983341));
#2200 = CARTESIAN_POINT('',(2.100801099699,-0.673092068805));
#2201 = CARTESIAN_POINT('',(2.099555673262,-0.674805056235));
#2202 = CARTESIAN_POINT('',(2.098290748648,-0.676508908726));
#2203 = CARTESIAN_POINT('',(2.097011411896,-0.678203741217));
#2204 = CARTESIAN_POINT('',(2.095713538342,-0.679889470958));
#2205 = CARTESIAN_POINT('',(2.094394845492,-0.681566058404));
#2206 = CARTESIAN_POINT('',(2.093063877989,-0.683233701052));
#2207 = CARTESIAN_POINT('',(2.078916446561,-0.700660364447));
#2208 = CARTESIAN_POINT('',(2.064760835287,-0.715605684661));
#2209 = CARTESIAN_POINT('',(2.049401253653,-0.729758916412));
#2210 = CARTESIAN_POINT('',(2.032974487831,-0.743141283537));
#2211 = CARTESIAN_POINT('',(2.015605911319,-0.755770350855));
#2212 = CARTESIAN_POINT('',(1.997410247852,-0.767663411185));
#2213 = CARTESIAN_POINT('',(1.978490564994,-0.778838519219));
#2214 = CARTESIAN_POINT('',(1.942055897929,-0.798354714368));
#2215 = CARTESIAN_POINT('',(1.92471594518,-0.806867439543));
#2216 = CARTESIAN_POINT('',(1.906977062177,-0.814862611524));
#2217 = CARTESIAN_POINT('',(1.888907245987,-0.822344522903));
#2218 = CARTESIAN_POINT('',(1.870584139128,-0.829313847817));
#2219 = CARTESIAN_POINT('',(1.852096105595,-0.835770584341));
#2220 = CARTESIAN_POINT('',(1.8335413125,-0.841716586573));
#2221 = CARTESIAN_POINT('',(1.800897436915,-0.851309038311));
#2222 = CARTESIAN_POINT('',(1.786792961733,-0.855166307474));
#2223 = CARTESIAN_POINT('',(1.772765999597,-0.858729749908));
#2224 = CARTESIAN_POINT('',(1.758875506661,-0.862001354192));
#2225 = CARTESIAN_POINT('',(1.745181825814,-0.864985988427));
#2226 = CARTESIAN_POINT('',(1.731743760035,-0.867691933734));
#2227 = CARTESIAN_POINT('',(1.718615680734,-0.87013080429));
#2228 = CARTESIAN_POINT('',(1.7026796034,-0.87285862743));
#2229 = CARTESIAN_POINT('',(1.699536366112,-0.873384888527));
#2230 = CARTESIAN_POINT('',(1.696415625395,-0.873895865117));
#2231 = CARTESIAN_POINT('',(1.693317995301,-0.874391795271));
#2232 = CARTESIAN_POINT('',(1.690244037743,-0.874872927201));
#2233 = CARTESIAN_POINT('',(1.687194262497,-0.875339519263));
#2234 = CARTESIAN_POINT('',(1.684169127198,-0.875791839956));
#2235 = CARTESIAN_POINT('',(1.679083886176,-0.876534818823));
#2236 = CARTESIAN_POINT('',(1.677010831172,-0.876832709675));
#2237 = CARTESIAN_POINT('',(1.674950006607,-0.877123933741));
#2238 = CARTESIAN_POINT('',(1.672901533374,-0.877408585599));
#2239 = CARTESIAN_POINT('',(1.670865518991,-0.87768676114));
#2240 = CARTESIAN_POINT('',(1.668842057596,-0.877958557569));
#2241 = CARTESIAN_POINT('',(1.66683122995,-0.878224073406));
#2242 = CARTESIAN_POINT('',(1.664135361973,-0.878573967734));
#2243 = CARTESIAN_POINT('',(1.663438362629,-0.878663878075));
#2244 = CARTESIAN_POINT('',(1.662741754017,-0.878753186953));
#2245 = CARTESIAN_POINT('',(1.662045648297,-0.878841881617));
#2246 = CARTESIAN_POINT('',(1.661350170905,-0.87892994757));
#2247 = CARTESIAN_POINT('',(1.660655275858,-0.879017392552));
#2248 = CARTESIAN_POINT('',(1.659960826639,-0.879104236033));
#2249 = CARTESIAN_POINT('',(1.654239053532,-0.87981527441));
#2250 = CARTESIAN_POINT('',(1.649239208231,-0.880407987479));
#2251 = CARTESIAN_POINT('',(1.644266386289,-0.880969399731));
#2252 = CARTESIAN_POINT('',(1.63931941973,-0.881500258111));
#2253 = CARTESIAN_POINT('',(1.634396993059,-0.882001260198));
#2254 = CARTESIAN_POINT('',(1.629497643265,-0.882473054215));
#2255 = CARTESIAN_POINT('',(1.624619759818,-0.882916239022));
#2256 = CARTESIAN_POINT('',(1.614033397101,-0.883820830714));
#2257 = CARTESIAN_POINT('',(1.608332667501,-0.884271270169));
#2258 = CARTESIAN_POINT('',(1.602656485348,-0.884683586054));
#2259 = CARTESIAN_POINT('',(1.59700176342,-0.885058547369));
#2260 = CARTESIAN_POINT('',(1.591365237785,-0.885396788547));
#2261 = CARTESIAN_POINT('',(1.585743467803,-0.885698809455));
#2262 = CARTESIAN_POINT('',(1.580132836131,-0.885964975391));
#2263 = CARTESIAN_POINT('',(1.562771926639,-0.886679272774));
#2264 = CARTESIAN_POINT('',(1.551048258498,-0.887006082251));
#2265 = CARTESIAN_POINT('',(1.539321971699,-0.887178030138));
#2266 = CARTESIAN_POINT('',(1.527556560417,-0.887194118355));
#2267 = CARTESIAN_POINT('',(1.515716018019,-0.887050040521));
#2268 = CARTESIAN_POINT('',(1.50376609,-0.886738096533));
#2269 = CARTESIAN_POINT('',(1.491676347404,-0.88624724732));
#2270 = CARTESIAN_POINT('',(1.475106488343,-0.885322371594));
#2271 = CARTESIAN_POINT('',(1.470769840687,-0.885057490398));
#2272 = CARTESIAN_POINT('',(1.466412180045,-0.88476804686));
#2273 = CARTESIAN_POINT('',(1.462032717612,-0.884453391265));
#2274 = CARTESIAN_POINT('',(1.457630833514,-0.884112843501));
#2275 = CARTESIAN_POINT('',(1.453206076804,-0.883745693057));
#2276 = CARTESIAN_POINT('',(1.448758165464,-0.883351199026));
#2277 = CARTESIAN_POINT('',(1.435020463459,-0.882052732692));
#2278 = CARTESIAN_POINT('',(1.425653344244,-0.881056073444));
#2279 = CARTESIAN_POINT('',(1.416185838102,-0.879931933048));
#2280 = CARTESIAN_POINT('',(1.406621089296,-0.8786733143));
#2281 = CARTESIAN_POINT('',(1.39696567,-0.877273187241));
#2282 = CARTESIAN_POINT('',(1.387229778042,-0.875724822625));
#2283 = CARTESIAN_POINT('',(1.377427139389,-0.874022173715));
#2284 = CARTESIAN_POINT('',(1.355708090138,-0.869917845957));
#2285 = CARTESIAN_POINT('',(1.343767465226,-0.867444146399));
#2286 = CARTESIAN_POINT('',(1.331781665723,-0.864730186022));
#2287 = CARTESIAN_POINT('',(1.319781708207,-0.861768622895));
#2288 = CARTESIAN_POINT('',(1.307799567496,-0.858553693472));
#2289 = CARTESIAN_POINT('',(1.295867043404,-0.855081111198));
#2290 = CARTESIAN_POINT('',(1.284014627487,-0.85134796511));
#2291 = CARTESIAN_POINT('',(1.258019426421,-0.842504507951));
#2292 = CARTESIAN_POINT('',(1.24392792667,-0.837270288659));
#2293 = CARTESIAN_POINT('',(1.230041832809,-0.831645234195));
#2294 = CARTESIAN_POINT('',(1.216403432213,-0.825626342279));
#2295 = CARTESIAN_POINT('',(1.203050550669,-0.819211605426));
#2296 = CARTESIAN_POINT('',(1.190016372132,-0.812399084961));
#2297 = CARTESIAN_POINT('',(1.177329864935,-0.805185788328));
#2298 = CARTESIAN_POINT('',(1.14750962636,-0.786732726836));
#2299 = CARTESIAN_POINT('',(1.130771432727,-0.775086728929));
#2300 = CARTESIAN_POINT('',(1.114863384888,-0.762608400453));
#2301 = CARTESIAN_POINT('',(1.099856309014,-0.749278614354));
#2302 = CARTESIAN_POINT('',(1.085829370397,-0.735078366));
#2303 = CARTESIAN_POINT('',(1.072868079463,-0.719988647632));
#2304 = CARTESIAN_POINT('',(1.061065042093,-0.703986885115));
#2305 = CARTESIAN_POINT('',(1.046431857904,-0.680448998259));
#2306 = CARTESIAN_POINT('',(1.042529142399,-0.673720815751));
#2307 = CARTESIAN_POINT('',(1.038825277819,-0.666850178203));
#2308 = CARTESIAN_POINT('',(1.035327525539,-0.659836475527));
#2309 = CARTESIAN_POINT('',(1.032043692716,-0.652679747961));
#2310 = CARTESIAN_POINT('',(1.028981984209,-0.645380753399));
#2311 = CARTESIAN_POINT('',(1.026150854493,-0.637941034736));
#2312 = CARTESIAN_POINT('',(1.021465567246,-0.624242964096));
#2313 = CARTESIAN_POINT('',(1.019528330163,-0.61803296759));
#2314 = CARTESIAN_POINT('',(1.017751676939,-0.611734448374));
#2315 = CARTESIAN_POINT('',(1.016140267804,-0.605349513757));
#2316 = CARTESIAN_POINT('',(1.014698750509,-0.598880995748));
#2317 = CARTESIAN_POINT('',(1.013431616234,-0.592332519144));
#2318 = CARTESIAN_POINT('',(1.012343055497,-0.5857085696));
#2319 = CARTESIAN_POINT('',(1.010941580979,-0.575356492269));
#2320 = CARTESIAN_POINT('',(1.010500786425,-0.571677528687));
#2321 = CARTESIAN_POINT('',(1.010115060722,-0.567978580232));
#2322 = CARTESIAN_POINT('',(1.009784971622,-0.564260645836));
#2323 = CARTESIAN_POINT('',(1.009511024298,-0.560524814099));
#2324 = CARTESIAN_POINT('',(1.009293661352,-0.556772263288));
#2325 = CARTESIAN_POINT('',(1.009133262805,-0.553004261338));
#2326 = CARTESIAN_POINT('',(1.008822016133,-0.541588412796));
#2327 = CARTESIAN_POINT('',(1.008847192003,-0.533896437168));
#2328 = CARTESIAN_POINT('',(1.009108223768,-0.526158441534));
#2329 = CARTESIAN_POINT('',(1.009606134599,-0.51838728869));
#2330 = CARTESIAN_POINT('',(1.010340296114,-0.510596529354));
#2331 = CARTESIAN_POINT('',(1.011308303706,-0.502800429853));
#2332 = CARTESIAN_POINT('',(1.012505851871,-0.49501399981));
#2333 = CARTESIAN_POINT('',(1.015375190808,-0.479340051637));
#2334 = CARTESIAN_POINT('',(1.017056074686,-0.471452166713));
#2335 = CARTESIAN_POINT('',(1.018962608722,-0.463606106829));
#2336 = CARTESIAN_POINT('',(1.021086467158,-0.455817026654));
#2337 = CARTESIAN_POINT('',(1.023417951817,-0.448098615104));
#2338 = CARTESIAN_POINT('',(1.025946292989,-0.440463216676));
#2339 = CARTESIAN_POINT('',(1.028659950315,-0.432921952779));
#2340 = CARTESIAN_POINT('',(1.033006360305,-0.421725160906));
#2341 = CARTESIAN_POINT('',(1.034510184074,-0.417991891314));
#2342 = CARTESIAN_POINT('',(1.036056866818,-0.414286186233));
#2343 = CARTESIAN_POINT('',(1.037644905036,-0.410609084574));
#2344 = CARTESIAN_POINT('',(1.039272809893,-0.406961512224));
#2345 = CARTESIAN_POINT('',(1.040939107222,-0.403344282039));
#2346 = CARTESIAN_POINT('',(1.042642337521,-0.399758093856));
#2347 = CARTESIAN_POINT('',(1.047659487283,-0.389501253887));
#2348 = CARTESIAN_POINT('',(1.051064072185,-0.382911566872));
#2349 = CARTESIAN_POINT('',(1.054585319556,-0.37643824237));
#2350 = CARTESIAN_POINT('',(1.058214189631,-0.370083877812));
#2351 = CARTESIAN_POINT('',(1.061942173756,-0.363850032771));
#2352 = CARTESIAN_POINT('',(1.065761374153,-0.357737362618));
#2353 = CARTESIAN_POINT('',(1.069664583692,-0.351745752169));
#2354 = CARTESIAN_POINT('',(1.074069117997,-0.345249451946));
#2355 = CARTESIAN_POINT('',(1.074493738591,-0.344625833233));
#2356 = CARTESIAN_POINT('',(1.074919344728,-0.344003408956));
#2357 = CARTESIAN_POINT('',(1.075345898343,-0.343382224457));
#2358 = CARTESIAN_POINT('',(1.075773350668,-0.342762340893));
#2359 = CARTESIAN_POINT('',(1.076201703885,-0.34214374413));
#2360 = CARTESIAN_POINT('',(1.076630989769,-0.341526376306));
#2361 = CARTESIAN_POINT('',(1.084820171462,-0.329798042915));
#2362 = CARTESIAN_POINT('',(1.092869833203,-0.319100860319));
#2363 = CARTESIAN_POINT('',(1.101166524181,-0.308818699528));
#2364 = CARTESIAN_POINT('',(1.109672417514,-0.298946490932));
#2365 = CARTESIAN_POINT('',(1.118355460355,-0.289475459761));
#2366 = CARTESIAN_POINT('',(1.12718938543,-0.280394127945));
#2367 = CARTESIAN_POINT('',(1.136153759557,-0.271688996128));
#2368 = CARTESIAN_POINT('',(1.154018421828,-0.255272776679));
#2369 = CARTESIAN_POINT('',(1.162909247859,-0.247540365227));
#2370 = CARTESIAN_POINT('',(1.171892394859,-0.24013473558));
#2371 = CARTESIAN_POINT('',(1.180955836381,-0.233043898666));
#2372 = CARTESIAN_POINT('',(1.19008958885,-0.226256652597));
#2373 = CARTESIAN_POINT('',(1.199285628504,-0.219762423033));
#2374 = CARTESIAN_POINT('',(1.208537808333,-0.213551103546));
#2375 = CARTESIAN_POINT('',(1.25100852922,-0.186444390357));
#2376 = CARTESIAN_POINT('',(1.284771829011,-0.168786043163));
#2377 = CARTESIAN_POINT('',(1.318999235244,-0.154134711965));
#2378 = CARTESIAN_POINT('',(1.353594792262,-0.142270556433));
#2379 = CARTESIAN_POINT('',(1.388495829638,-0.132991999028));
#2380 = CARTESIAN_POINT('',(1.423678908607,-0.126171841005));
#2381 = CARTESIAN_POINT('',(1.459161313184,-0.121707698145));
#2382 = CARTESIAN_POINT('',(1.495022157472,-0.119564620056));
#2383 = ( GEOMETRIC_REPRESENTATION_CONTEXT(2) 
PARAMETRIC_REPRESENTATION_CONTEXT() REPRESENTATION_CONTEXT('2D SPACE',''
  ) );
#2384 = ADVANCED_FACE('',(#2385),#2049,.T.);
#2385 = FACE_BOUND('',#2386,.T.);
#2386 = EDGE_LOOP('',(#2387));
#2387 = ORIENTED_EDGE('',*,*,#1411,.F.);
#2388 = ( GEOMETRIC_REPRESENTATION_CONTEXT(3) 
GLOBAL_UNCERTAINTY_ASSIGNED_CONTEXT((#2392)) 
GLOBAL_UNIT_ASSIGNED_CONTEXT((#2389,#2390,#2391)) REPRESENTATION_CONTEXT
('Context #1','3D Context with UNIT and UNCERTAINTY') );
#2389 = ( LENGTH_UNIT() NAMED_UNIT(*) SI_UNIT(.MILLI.,.METRE.) );
#2390 = ( NAMED_UNIT(*) PLANE_ANGLE_UNIT() SI_UNIT($,.RADIAN.) );
#2391 = ( NAMED_UNIT(*) SI_UNIT($,.STERADIAN.) SOLID_ANGLE_UNIT() );
#2392 = UNCERTAINTY_MEASURE_WITH_UNIT(LENGTH_MEASURE(2.E-06),#2389,
  'distance_accuracy_value','confusion accuracy');
#2393 = CONTEXT_DEPENDENT_SHAPE_REPRESENTATION(#2394,#2396);
#2394 = ( REPRESENTATION_RELATIONSHIP('','',#1400,#10) 
REPRESENTATION_RELATIONSHIP_WITH_TRANSFORMATION(#2395) 
SHAPE_REPRESENTATION_RELATIONSHIP() );
#2395 = ITEM_DEFINED_TRANSFORMATION('','',#11,#23);
#2396 = PRODUCT_DEFINITION_SHAPE('Placement','Placement of an item',
  #2397);
#2397 = NEXT_ASSEMBLY_USAGE_OCCURRENCE('6','','',#5,#1395,$);
#2398 = PRODUCT_RELATED_PRODUCT_CATEGORY('part',$,(#1397));
ENDSEC;
END-ISO-10303-21;
